epoch;concept_hits@1@1;concept_hits@3@3;concept_loss;concept_mrr;loss;task_hits@1@1;task_hits@3@3;task_loss;task_mrr;val_concept_hits@1@1;val_concept_hits@3@3;val_concept_loss;val_concept_mrr;val_loss;val_task_hits@1@1;val_task_hits@3@3;val_task_loss;val_task_mrr
0;0.32792791724205017;1.0;0.7391663789749146;0.6072072386741638;2.9404077529907227;0.3288288414478302;1.0;5.14164924621582;0.6102102398872375;NA;NA;NA;NA;NA;NA;NA;NA;NA
1;0.3234234154224396;1.0;0.7354797124862671;0.6057056784629822;2.9385645389556885;0.32972973585128784;1.0;5.14164924621582;0.6207208037376404;NA;NA;NA;NA;NA;NA;NA;NA;NA
2;0.3126126229763031;1.0;0.734438419342041;0.6009009480476379;2.9380438327789307;0.30900901556015015;1.0;5.14164924621582;0.6027026772499084;NA;NA;NA;NA;NA;NA;NA;NA;NA
3;0.3243243098258972;1.0;0.7373345494270325;0.6061561107635498;2.9394919872283936;0.3315315246582031;1.0;5.14164924621582;0.5899399518966675;NA;NA;NA;NA;NA;NA;NA;NA;NA
4;0.3360360264778137;1.0;0.7381429672241211;0.612162172794342;2.9398961067199707;0.3216216266155243;1.0;5.14164924621582;0.6126126646995544;NA;NA;NA;NA;NA;NA;NA;NA;NA
5;0.33243241906166077;1.0;0.736016571521759;0.6133633852005005;2.938832998275757;0.342342346906662;1.0;5.14164924621582;0.6025525331497192;NA;NA;NA;NA;NA;NA;NA;NA;NA
6;0.31171169877052307;1.0;0.7394969463348389;0.6004504561424255;2.940573215484619;0.3351351320743561;1.0;5.14164924621582;0.6154654622077942;NA;NA;NA;NA;NA;NA;NA;NA;NA
7;0.35045045614242554;1.0;0.7309786081314087;0.6229730248451233;2.9363138675689697;0.3360360264778137;1.0;5.14164924621582;0.6051051020622253;NA;NA;NA;NA;NA;NA;NA;NA;NA
8;0.3468468487262726;1.0;0.7383253574371338;0.6187687516212463;2.9399871826171875;0.3513513505458832;1.0;5.14164924621582;0.6055555939674377;NA;NA;NA;NA;NA;NA;NA;NA;NA
9;0.3306306302547455;1.0;0.7313946485519409;0.6087087392807007;2.9365220069885254;0.36216217279434204;1.0;5.14164924621582;0.6184685230255127;NA;NA;NA;NA;NA;NA;NA;NA;NA
10;0.32972973585128784;1.0;0.7322022318840027;0.6126125454902649;2.9369256496429443;0.3306306302547455;1.0;5.14164924621582;0.6183183789253235;NA;NA;NA;NA;NA;NA;NA;NA;NA
11;0.3360360264778137;1.0;0.7378305792808533;0.6102102398872375;2.939739942550659;0.3216216266155243;1.0;5.14164924621582;0.6147147417068481;NA;NA;NA;NA;NA;NA;NA;NA;NA
12;0.3261261284351349;1.0;0.7317628264427185;0.6052553057670593;2.936706066131592;0.342342346906662;1.0;5.14164924621582;0.6118619441986084;NA;NA;NA;NA;NA;NA;NA;NA;NA
13;0.3468468487262726;1.0;0.732958972454071;0.6198198199272156;2.9373040199279785;0.3351351320743561;1.0;5.14164924621582;0.6049550175666809;NA;NA;NA;NA;NA;NA;NA;NA;NA
14;0.35315313935279846;1.0;0.7314130067825317;0.6226726770401001;2.9365310668945312;0.315315306186676;1.0;5.14164924621582;0.6006006002426147;NA;NA;NA;NA;NA;NA;NA;NA;NA
15;0.33243241906166077;1.0;0.727686882019043;0.6139640212059021;2.9346680641174316;0.3171171247959137;1.0;5.14164924621582;0.6256757378578186;NA;NA;NA;NA;NA;NA;NA;NA;NA
16;0.3720720708370209;1.0;0.7263010144233704;0.6354354023933411;2.9339752197265625;0.35315313935279846;1.0;5.14164924621582;0.607357382774353;NA;NA;NA;NA;NA;NA;NA;NA;NA
17;0.388288289308548;1.0;0.7074502110481262;0.6469970345497131;2.9245498180389404;0.3171171247959137;1.0;5.14164924621582;0.596696674823761;NA;NA;NA;NA;NA;NA;NA;NA;NA
18;0.3360360264778137;1.0;0.7283098697662354;0.6145646572113037;2.9349794387817383;0.34324324131011963;1.0;5.14164924621582;0.6004504561424255;NA;NA;NA;NA;NA;NA;NA;NA;NA
19;0.38288289308547974;1.0;0.7139341235160828;0.644594669342041;2.9277915954589844;0.3450450599193573;1.0;5.14164924621582;0.6255255341529846;NA;NA;NA;NA;NA;NA;NA;NA;NA
20;0.388288289308548;1.0;0.7178072929382324;0.6430931091308594;2.9297282695770264;0.31621623039245605;1.0;5.14164924621582;0.6193694472312927;NA;NA;NA;NA;NA;NA;NA;NA;NA
21;0.4189189076423645;1.0;0.7062715291976929;0.6635135412216187;2.9239604473114014;0.3306306302547455;1.0;5.14164924621582;0.6252252459526062;NA;NA;NA;NA;NA;NA;NA;NA;NA
22;0.4144144058227539;1.0;0.6986229419708252;0.6650151014328003;2.920135974884033;0.32072073221206665;1.0;5.14164924621582;0.6075074672698975;NA;NA;NA;NA;NA;NA;NA;NA;NA
23;0.4441441297531128;1.0;0.688616931438446;0.6836336255073547;2.915132999420166;0.36036035418510437;1.0;5.14164924621582;0.6154654622077942;NA;NA;NA;NA;NA;NA;NA;NA;NA
24;0.46396395564079285;1.0;0.6763378977775574;0.6957958340644836;2.9089934825897217;0.32522523403167725;1.0;5.14164924621582;0.6135135293006897;NA;NA;NA;NA;NA;NA;NA;NA;NA
25;0.47387388348579407;1.0;0.6652570962905884;0.7016516327857971;2.9034531116485596;0.32702702283859253;1.0;5.14164924621582;0.6036036610603333;NA;NA;NA;NA;NA;NA;NA;NA;NA
26;0.5315315127372742;1.0;0.6585867404937744;0.7321321964263916;2.900117874145508;0.342342346906662;1.0;5.14164924621582;0.6208709478378296;NA;NA;NA;NA;NA;NA;NA;NA;NA
27;0.546846866607666;1.0;0.6480075716972351;0.7417417764663696;2.8948283195495605;0.33873873949050903;1.0;5.14164924621582;0.6111111044883728;NA;NA;NA;NA;NA;NA;NA;NA;NA
28;0.6054053902626038;1.0;0.6175941228866577;0.7827327847480774;2.879621744155884;0.3261261284351349;1.0;5.14164924621582;0.619369387626648;NA;NA;NA;NA;NA;NA;NA;NA;NA
29;0.6405405402183533;1.0;0.6075655817985535;0.7996997237205505;2.8746073246002197;0.34594595432281494;1.0;5.14164924621582;0.6168168187141418;NA;NA;NA;NA;NA;NA;NA;NA;NA
30;0.6558558344841003;1.0;0.5907447934150696;0.8111111521720886;2.866197109222412;0.3468468487262726;1.0;5.14164924621582;0.5959459543228149;NA;NA;NA;NA;NA;NA;NA;NA;NA
31;0.7018017768859863;1.0;0.5712184309959412;0.838738739490509;2.856433868408203;0.28828829526901245;1.0;5.14164924621582;0.6289790272712708;NA;NA;NA;NA;NA;NA;NA;NA;NA
32;0.7675675749778748;1.0;0.5449712872505188;0.875075101852417;2.8433103561401367;0.315315306186676;1.0;5.14164924621582;0.6049550175666809;NA;NA;NA;NA;NA;NA;NA;NA;NA
33;0.792792797088623;1.0;0.5248236656188965;0.8903903961181641;2.8332364559173584;0.3306306302547455;1.0;5.14164924621582;0.6108108758926392;NA;NA;NA;NA;NA;NA;NA;NA;NA
34;0.8396396636962891;1.0;0.49469515681266785;0.9130630493164062;2.8181722164154053;0.32702702283859253;1.0;5.14164924621582;0.6117117404937744;NA;NA;NA;NA;NA;NA;NA;NA;NA
35;0.8765766024589539;1.0;0.4726044535636902;0.9349850416183472;2.807126760482788;0.2990990877151489;1.0;5.14164924621582;0.6268768906593323;NA;NA;NA;NA;NA;NA;NA;NA;NA
36;0.9153153300285339;1.0;0.4411977529525757;0.9552552700042725;2.7914235591888428;0.3306306302547455;1.0;5.14164924621582;0.6087087392807007;NA;NA;NA;NA;NA;NA;NA;NA;NA
37;0.9234234094619751;1.0;0.4148271679878235;0.9600601196289062;2.778238296508789;0.33243241906166077;1.0;5.14164924621582;0.6108108758926392;NA;NA;NA;NA;NA;NA;NA;NA;NA
38;0.9558558464050293;1.0;0.3850060999393463;0.9771771430969238;2.7633275985717773;0.34144145250320435;1.0;5.14164924621582;0.6030030250549316;NA;NA;NA;NA;NA;NA;NA;NA;NA
39;0.954054057598114;1.0;0.3559669554233551;0.976426362991333;2.7488081455230713;0.3288288414478302;1.0;5.14164924621582;0.6075074672698975;NA;NA;NA;NA;NA;NA;NA;NA;NA
40;0.9711712002754211;1.0;0.3286438584327698;0.985285222530365;2.7351465225219727;0.3126126229763031;1.0;5.14164924621582;0.5930931568145752;NA;NA;NA;NA;NA;NA;NA;NA;NA
41;0.9927927851676941;1.0;0.29353857040405273;0.9963964223861694;2.7175939083099365;0.34414413571357727;1.0;5.14164924621582;0.6093093752861023;NA;NA;NA;NA;NA;NA;NA;NA;NA
42;0.9945945739746094;1.0;0.26465535163879395;0.9972972869873047;2.7031521797180176;0.3513513505458832;1.0;5.14164924621582;0.605705738067627;NA;NA;NA;NA;NA;NA;NA;NA;NA
43;0.99909907579422;1.0;0.2400284707546234;0.9995495676994324;2.6908388137817383;0.342342346906662;1.0;5.14164924621582;0.6097598075866699;NA;NA;NA;NA;NA;NA;NA;NA;NA
44;1.0;1.0;0.2125493288040161;1.0;2.6770992279052734;0.3072071969509125;1.0;5.14164924621582;0.6082582473754883;NA;NA;NA;NA;NA;NA;NA;NA;NA
45;0.99909907579422;1.0;0.19361591339111328;0.9995495676994324;2.667632579803467;0.32252252101898193;1.0;5.14164924621582;0.6241742372512817;NA;NA;NA;NA;NA;NA;NA;NA;NA
46;1.0;1.0;0.16660413146018982;1.0;2.6541266441345215;0.3639639616012573;1.0;5.14164924621582;0.6075075268745422;NA;NA;NA;NA;NA;NA;NA;NA;NA
47;0.9981982111930847;1.0;0.1505700945854187;0.99909907579422;2.6461095809936523;0.3351351320743561;1.0;5.14164924621582;0.6081081628799438;NA;NA;NA;NA;NA;NA;NA;NA;NA
48;0.99909907579422;1.0;0.13043232262134552;0.9995495676994324;2.636040687561035;0.3099099099636078;1.0;5.14164924621582;0.6229729652404785;NA;NA;NA;NA;NA;NA;NA;NA;NA
49;1.0;1.0;0.10922221839427948;1.0;2.6254358291625977;0.31801801919937134;1.0;5.14164924621582;0.6021021604537964;NA;NA;NA;NA;NA;NA;NA;NA;NA
50;0.99909907579422;1.0;0.09607651829719543;0.9995495676994324;2.6188628673553467;0.32792791724205017;1.0;5.14164924621582;0.6024024486541748;NA;NA;NA;NA;NA;NA;NA;NA;NA
51;1.0;1.0;0.08605241030454636;1.0;2.6138508319854736;0.3054054081439972;1.0;5.14164924621582;0.6042042374610901;NA;NA;NA;NA;NA;NA;NA;NA;NA
52;1.0;1.0;0.07183945178985596;1.0;2.6067442893981934;0.35315313935279846;1.0;5.14164924621582;0.5923423171043396;NA;NA;NA;NA;NA;NA;NA;NA;NA
53;1.0;1.0;0.05956873670220375;1.0;2.600609064102173;0.3261261284351349;1.0;5.14164924621582;0.6190690994262695;NA;NA;NA;NA;NA;NA;NA;NA;NA
54;1.0;1.0;0.0526275597512722;1.0;2.5971384048461914;0.3144144117832184;1.0;5.14164924621582;0.6145645976066589;NA;NA;NA;NA;NA;NA;NA;NA;NA
55;1.0;1.0;0.04605863243341446;1.0;2.5938539505004883;0.3315315246582031;1.0;5.14164924621582;0.6091591715812683;NA;NA;NA;NA;NA;NA;NA;NA;NA
56;1.0;1.0;0.03869880735874176;1.0;2.5901739597320557;0.32522523403167725;1.0;5.14164924621582;0.6021021008491516;NA;NA;NA;NA;NA;NA;NA;NA;NA
57;1.0;1.0;0.03321221470832825;1.0;2.587430715560913;0.3333333432674408;1.0;5.14164924621582;0.619369387626648;NA;NA;NA;NA;NA;NA;NA;NA;NA
58;1.0;1.0;0.029077701270580292;1.0;2.5853633880615234;0.3468468487262726;1.0;5.14164924621582;0.6009008884429932;NA;NA;NA;NA;NA;NA;NA;NA;NA
59;1.0;1.0;0.025410836562514305;1.0;2.5835299491882324;0.3126126229763031;1.0;5.14164924621582;0.61156165599823;NA;NA;NA;NA;NA;NA;NA;NA;NA
60;1.0;1.0;0.022620853036642075;1.0;2.582134962081909;0.31801801919937134;1.0;5.14164924621582;0.6208708882331848;NA;NA;NA;NA;NA;NA;NA;NA;NA
61;1.0;1.0;0.020186156034469604;1.0;2.5809175968170166;0.3333333432674408;1.0;5.14164924621582;0.6265765428543091;NA;NA;NA;NA;NA;NA;NA;NA;NA
62;1.0;1.0;0.01828179322183132;1.0;2.579965591430664;0.3360360264778137;1.0;5.14164924621582;0.6181681752204895;NA;NA;NA;NA;NA;NA;NA;NA;NA
63;1.0;1.0;0.01695050112903118;1.0;2.5792999267578125;0.32522523403167725;1.0;5.14164924621582;0.6217718124389648;NA;NA;NA;NA;NA;NA;NA;NA;NA
64;1.0;1.0;0.01583251543343067;1.0;2.5787408351898193;0.32972973585128784;1.0;5.14164924621582;0.6189188957214355;NA;NA;NA;NA;NA;NA;NA;NA;NA
65;1.0;1.0;0.014809764921665192;1.0;2.5782294273376465;0.33243241906166077;1.0;5.14164924621582;0.6082582473754883;NA;NA;NA;NA;NA;NA;NA;NA;NA
66;1.0;1.0;0.013899249024689198;1.0;2.5777742862701416;0.32072073221206665;1.0;5.14164924621582;0.6111112236976624;NA;NA;NA;NA;NA;NA;NA;NA;NA
67;1.0;1.0;0.013658690266311169;1.0;2.5776538848876953;0.3072071969509125;1.0;5.14164924621582;0.6183183193206787;NA;NA;NA;NA;NA;NA;NA;NA;NA
68;1.0;1.0;0.012918667867779732;1.0;2.5772838592529297;0.30900901556015015;1.0;5.14164924621582;0.6139640212059021;NA;NA;NA;NA;NA;NA;NA;NA;NA
69;1.0;1.0;0.012697126716375351;1.0;2.5771732330322266;0.3378378450870514;1.0;5.14164924621582;0.6126126050949097;NA;NA;NA;NA;NA;NA;NA;NA;NA
70;1.0;1.0;0.012451074086129665;1.0;2.57705020904541;0.34144145250320435;1.0;5.14164924621582;0.6123123168945312;NA;NA;NA;NA;NA;NA;NA;NA;NA
71;1.0;1.0;0.01229872927069664;1.0;2.5769739151000977;0.32792791724205017;1.0;5.14164924621582;0.616216242313385;NA;NA;NA;NA;NA;NA;NA;NA;NA
72;1.0;1.0;0.012355501763522625;1.0;2.5770022869110107;0.33243241906166077;1.0;5.14164924621582;0.6240240335464478;NA;NA;NA;NA;NA;NA;NA;NA;NA
73;1.0;1.0;0.012265792116522789;1.0;2.5769574642181396;0.3630630671977997;1.0;5.14164924621582;0.6091591715812683;NA;NA;NA;NA;NA;NA;NA;NA;NA
74;1.0;1.0;0.012241248972713947;1.0;2.5769453048706055;0.3261261284351349;1.0;5.14164924621582;0.6096096038818359;NA;NA;NA;NA;NA;NA;NA;NA;NA
75;1.0;1.0;0.01212258543819189;1.0;2.576885938644409;0.3333333432674408;1.0;5.14164924621582;0.6154654622077942;NA;NA;NA;NA;NA;NA;NA;NA;NA
76;1.0;1.0;0.01194340642541647;1.0;2.576796293258667;0.3360360264778137;1.0;5.14164924621582;0.6055555939674377;NA;NA;NA;NA;NA;NA;NA;NA;NA
77;1.0;1.0;0.011952146887779236;1.0;2.576800584793091;0.3567567467689514;1.0;5.14164924621582;0.6100600957870483;NA;NA;NA;NA;NA;NA;NA;NA;NA
78;1.0;1.0;0.011968944221735;1.0;2.5768091678619385;0.31801801919937134;1.0;5.14164924621582;0.6214714646339417;NA;NA;NA;NA;NA;NA;NA;NA;NA
79;1.0;1.0;0.01206237729638815;1.0;2.5768558979034424;0.31621623039245605;1.0;5.14164924621582;0.6127628087997437;NA;NA;NA;NA;NA;NA;NA;NA;NA
80;1.0;1.0;0.012047230266034603;1.0;2.576848268508911;0.3396396338939667;1.0;5.14164924621582;0.615615725517273;NA;NA;NA;NA;NA;NA;NA;NA;NA
81;1.0;1.0;0.011729993857443333;1.0;2.5766897201538086;0.31171169877052307;1.0;5.14164924621582;0.602552592754364;NA;NA;NA;NA;NA;NA;NA;NA;NA
82;1.0;1.0;0.011866791173815727;1.0;2.5767579078674316;0.31801801919937134;1.0;5.14164924621582;0.6058558821678162;NA;NA;NA;NA;NA;NA;NA;NA;NA
83;1.0;1.0;0.011999892070889473;1.0;2.57682466506958;0.3360360264778137;1.0;5.14164924621582;0.6081081628799438;NA;NA;NA;NA;NA;NA;NA;NA;NA
84;1.0;1.0;0.011718887835741043;1.0;2.57668399810791;0.3216216266155243;1.0;5.14164924621582;0.6066066026687622;NA;NA;NA;NA;NA;NA;NA;NA;NA
85;1.0;1.0;0.012114311568439007;1.0;2.5768818855285645;0.32792791724205017;1.0;5.14164924621582;0.5969970226287842;NA;NA;NA;NA;NA;NA;NA;NA;NA
86;1.0;1.0;0.011980205774307251;1.0;2.576814651489258;0.31351351737976074;1.0;5.14164924621582;0.6207206845283508;NA;NA;NA;NA;NA;NA;NA;NA;NA
87;1.0;1.0;0.011910499073565006;1.0;2.576779842376709;0.35045045614242554;1.0;5.14164924621582;0.6160661578178406;NA;NA;NA;NA;NA;NA;NA;NA;NA
88;1.0;1.0;0.012308087199926376;1.0;2.5769786834716797;0.34864863753318787;1.0;5.14164924621582;0.6124625205993652;NA;NA;NA;NA;NA;NA;NA;NA;NA
89;1.0;1.0;0.012058529071509838;1.0;2.5768539905548096;0.32792791724205017;1.0;5.14164924621582;0.6181681752204895;NA;NA;NA;NA;NA;NA;NA;NA;NA
90;1.0;1.0;0.011721368879079819;1.0;2.5766851902008057;0.33243241906166077;1.0;5.14164924621582;0.6124625205993652;NA;NA;NA;NA;NA;NA;NA;NA;NA
91;1.0;1.0;0.012117263861000538;1.0;2.576883316040039;0.33693695068359375;1.0;5.14164924621582;0.6102102398872375;NA;NA;NA;NA;NA;NA;NA;NA;NA
92;1.0;1.0;0.011726994067430496;1.0;2.576688051223755;0.3378378450870514;1.0;5.14164924621582;0.6228228807449341;NA;NA;NA;NA;NA;NA;NA;NA;NA
93;1.0;1.0;0.011750119738280773;1.0;2.576699733734131;0.32522523403167725;1.0;5.14164924621582;0.6051051616668701;NA;NA;NA;NA;NA;NA;NA;NA;NA
94;1.0;1.0;0.01205200795084238;1.0;2.576850652694702;0.32252252101898193;1.0;5.14164924621582;0.6232733130455017;NA;NA;NA;NA;NA;NA;NA;NA;NA
95;1.0;1.0;0.01201952900737524;1.0;2.5768344402313232;0.3171171247959137;1.0;5.14164924621582;0.625825822353363;NA;NA;NA;NA;NA;NA;NA;NA;NA
96;1.0;1.0;0.012143850326538086;1.0;2.5768966674804688;0.3144144117832184;1.0;5.14164924621582;0.6264263987541199;NA;NA;NA;NA;NA;NA;NA;NA;NA
97;1.0;1.0;0.011941474862396717;1.0;2.5767953395843506;0.3558558523654938;1.0;5.14164924621582;0.616966962814331;NA;NA;NA;NA;NA;NA;NA;NA;NA
98;1.0;1.0;0.01168705616146326;1.0;2.5766682624816895;0.3351351320743561;1.0;5.14164924621582;0.6082582473754883;NA;NA;NA;NA;NA;NA;NA;NA;NA
99;1.0;1.0;0.0120509909465909;1.0;2.576850175857544;0.33243241906166077;1.0;5.14164924621582;0.6150150299072266;NA;NA;NA;NA;NA;NA;NA;NA;NA
0;0.3468468487262726;1.0;0.7350100874900818;0.6163663864135742;2.9383296966552734;0.3567567467689514;1.0;5.14164924621582;0.613213300704956;NA;NA;NA;NA;NA;NA;NA;NA;NA
1;0.33243241906166077;1.0;0.7299240827560425;0.6138138175010681;2.935786724090576;0.33423423767089844;1.0;5.14164924621582;0.5896396636962891;NA;NA;NA;NA;NA;NA;NA;NA;NA
2;0.3243243098258972;1.0;0.7453561425209045;0.6019519567489624;2.94350266456604;0.3468468487262726;1.0;5.14164924621582;0.6166666746139526;NA;NA;NA;NA;NA;NA;NA;NA;NA
3;0.3234234154224396;1.0;0.7390623092651367;0.607357382774353;2.9403557777404785;0.34864863753318787;1.0;5.14164924621582;0.6165164709091187;NA;NA;NA;NA;NA;NA;NA;NA;NA
4;0.35945945978164673;1.0;0.7328295707702637;0.6246246695518494;2.937239408493042;0.3360360264778137;1.0;5.14164924621582;0.6129129528999329;NA;NA;NA;NA;NA;NA;NA;NA;NA
5;0.32792791724205017;1.0;0.7302390336990356;0.6060060262680054;2.935944080352783;0.3360360264778137;1.0;5.14164924621582;0.6261261105537415;NA;NA;NA;NA;NA;NA;NA;NA;NA
6;0.3540540635585785;1.0;0.7274752259254456;0.6232733130455017;2.9345622062683105;0.3522522449493408;1.0;5.14164924621582;0.619219183921814;NA;NA;NA;NA;NA;NA;NA;NA;NA
7;0.33423423767089844;1.0;0.7315195202827454;0.6118618845939636;2.93658447265625;0.3513513505458832;1.0;5.14164924621582;0.6121622323989868;NA;NA;NA;NA;NA;NA;NA;NA;NA
8;0.33243241906166077;1.0;0.730035662651062;0.6126126050949097;2.935842514038086;0.31081080436706543;1.0;5.14164924621582;0.606456458568573;NA;NA;NA;NA;NA;NA;NA;NA;NA
9;0.3171171247959137;1.0;0.7430662512779236;0.6034534573554993;2.9423577785491943;0.31171169877052307;1.0;5.14164924621582;0.6150150299072266;NA;NA;NA;NA;NA;NA;NA;NA;NA
10;0.3468468487262726;1.0;0.7298266887664795;0.6189189553260803;2.9357380867004395;0.3261261284351349;1.0;5.14164924621582;0.6223723888397217;NA;NA;NA;NA;NA;NA;NA;NA;NA
11;0.31081080436706543;1.0;0.738574206829071;0.5998498797416687;2.9401116371154785;0.315315306186676;1.0;5.14164924621582;0.6147146821022034;NA;NA;NA;NA;NA;NA;NA;NA;NA
12;0.3639639616012573;1.0;0.728699266910553;0.6276276707649231;2.9351742267608643;0.3396396338939667;1.0;5.14164924621582;0.5944444537162781;NA;NA;NA;NA;NA;NA;NA;NA;NA
13;0.34144145250320435;1.0;0.7342355847358704;0.6145646572113037;2.9379425048828125;0.3081081211566925;1.0;5.14164924621582;0.6147147417068481;NA;NA;NA;NA;NA;NA;NA;NA;NA
14;0.361261248588562;1.0;0.7329365015029907;0.625225305557251;2.9372928142547607;0.31081080436706543;1.0;5.14164924621582;0.6252252459526062;NA;NA;NA;NA;NA;NA;NA;NA;NA
15;0.3315315246582031;1.0;0.7317444682121277;0.6109609603881836;2.936696767807007;0.32792791724205017;1.0;5.14164924621582;0.6180180907249451;NA;NA;NA;NA;NA;NA;NA;NA;NA
16;0.3747747838497162;1.0;0.7162003517150879;0.635585606098175;2.928924798965454;0.34594595432281494;1.0;5.14164924621582;0.6025526523590088;NA;NA;NA;NA;NA;NA;NA;NA;NA
17;0.3747747838497162;1.0;0.7145596742630005;0.6376878023147583;2.9281044006347656;0.342342346906662;1.0;5.14164924621582;0.6187688112258911;NA;NA;NA;NA;NA;NA;NA;NA;NA
18;0.37837839126586914;1.0;0.714543342590332;0.6397898197174072;2.928096294403076;0.3468468487262726;1.0;5.14164924621582;0.6205706000328064;NA;NA;NA;NA;NA;NA;NA;NA;NA
19;0.3792792856693268;1.0;0.7113670706748962;0.6448949575424194;2.9265081882476807;0.35315313935279846;1.0;5.14164924621582;0.6238739490509033;NA;NA;NA;NA;NA;NA;NA;NA;NA
20;0.3963963985443115;1.0;0.7042708396911621;0.653453528881073;2.922960042953491;0.3315315246582031;1.0;5.14164924621582;0.6196697354316711;NA;NA;NA;NA;NA;NA;NA;NA;NA
21;0.39009007811546326;1.0;0.7105138897895813;0.6484985947608948;2.926081657409668;0.34414413571357727;1.0;5.14164924621582;0.6084084510803223;NA;NA;NA;NA;NA;NA;NA;NA;NA
22;0.4261261224746704;1.0;0.6880232095718384;0.671171247959137;2.9148361682891846;0.3522522449493408;1.0;5.14164924621582;0.6111112236976624;NA;NA;NA;NA;NA;NA;NA;NA;NA
23;0.4513513445854187;1.0;0.6871039867401123;0.6869369149208069;2.914376735687256;0.32252252101898193;1.0;5.14164924621582;0.6040540933609009;NA;NA;NA;NA;NA;NA;NA;NA;NA
24;0.5;1.0;0.6618045568466187;0.7160661220550537;2.9017269611358643;0.35495495796203613;1.0;5.14164924621582;0.6031531691551208;NA;NA;NA;NA;NA;NA;NA;NA;NA
25;0.47387388348579407;1.0;0.6715531945228577;0.6995495557785034;2.9066011905670166;0.32792791724205017;1.0;5.14164924621582;0.5983483791351318;NA;NA;NA;NA;NA;NA;NA;NA;NA
26;0.5171171426773071;1.0;0.6573363542556763;0.7280780673027039;2.8994927406311035;0.3288288414478302;1.0;5.14164924621582;0.6204204559326172;NA;NA;NA;NA;NA;NA;NA;NA;NA
27;0.5108107924461365;1.0;0.6477254033088684;0.7253754138946533;2.8946874141693115;0.3405405282974243;1.0;5.14164924621582;0.6163663864135742;NA;NA;NA;NA;NA;NA;NA;NA;NA
28;0.6234233975410461;1.0;0.6213034391403198;0.7909910082817078;2.881476402282715;0.3405405282974243;1.0;5.14164924621582;0.6100600957870483;NA;NA;NA;NA;NA;NA;NA;NA;NA
29;0.6108108162879944;1.0;0.617188572883606;0.7836337089538574;2.8794188499450684;0.315315306186676;1.0;5.14164924621582;0.6030030250549316;NA;NA;NA;NA;NA;NA;NA;NA;NA
30;0.6360360383987427;1.0;0.5948315262794495;0.8004504442214966;2.8682403564453125;0.32792791724205017;1.0;5.14164924621582;0.5939939618110657;NA;NA;NA;NA;NA;NA;NA;NA;NA
31;0.7207207083702087;1.0;0.5679777264595032;0.8459460139274597;2.854813575744629;0.32792791724205017;1.0;5.14164924621582;0.6147147417068481;NA;NA;NA;NA;NA;NA;NA;NA;NA
32;0.7531531453132629;1.0;0.5480169653892517;0.8665165305137634;2.8448331356048584;0.318918913602829;1.0;5.14164924621582;0.6148648858070374;NA;NA;NA;NA;NA;NA;NA;NA;NA
33;0.8072072267532349;1.0;0.5233213901519775;0.8948949575424194;2.8324851989746094;0.35045045614242554;1.0;5.14164924621582;0.6139639019966125;NA;NA;NA;NA;NA;NA;NA;NA;NA
34;0.8639639616012573;1.0;0.4940440058708191;0.9274774789810181;2.8178465366363525;0.3072071969509125;1.0;5.14164924621582;0.6019519567489624;NA;NA;NA;NA;NA;NA;NA;NA;NA
35;0.8783783912658691;1.0;0.468976229429245;0.9345345497131348;2.8053126335144043;0.36036035418510437;1.0;5.14164924621582;0.597597599029541;NA;NA;NA;NA;NA;NA;NA;NA;NA
36;0.9180180430412292;1.0;0.43685972690582275;0.9555556178092957;2.7892544269561768;0.32072073221206665;1.0;5.14164924621582;0.6169670820236206;NA;NA;NA;NA;NA;NA;NA;NA;NA
37;0.9234234094619751;1.0;0.41791510581970215;0.9599099159240723;2.779782295227051;0.3513513505458832;1.0;5.14164924621582;0.6147147417068481;NA;NA;NA;NA;NA;NA;NA;NA;NA
38;0.9423423409461975;1.0;0.38710638880729675;0.9701201319694519;2.7643778324127197;0.3243243098258972;1.0;5.14164924621582;0.6109609603881836;NA;NA;NA;NA;NA;NA;NA;NA;NA
39;0.9630630612373352;1.0;0.3516981899738312;0.9810810685157776;2.746673822402954;0.33243241906166077;1.0;5.14164924621582;0.6060060262680054;NA;NA;NA;NA;NA;NA;NA;NA;NA
40;0.9828828573226929;1.0;0.3243858516216278;0.9911412000656128;2.7330174446105957;0.33873873949050903;1.0;5.14164924621582;0.6195195913314819;NA;NA;NA;NA;NA;NA;NA;NA;NA
41;0.9846847057342529;1.0;0.29812565445899963;0.9918919205665588;2.7198874950408936;0.33423423767089844;1.0;5.14164924621582;0.6214714646339417;NA;NA;NA;NA;NA;NA;NA;NA;NA
42;0.9945945739746094;1.0;0.26458561420440674;0.9971470832824707;2.7031173706054688;0.30900901556015015;1.0;5.14164924621582;0.6013513803482056;NA;NA;NA;NA;NA;NA;NA;NA;NA
43;0.9954954981803894;1.0;0.23905964195728302;0.9975976347923279;2.690354347229004;0.3351351320743561;1.0;5.14164924621582;0.6076576709747314;NA;NA;NA;NA;NA;NA;NA;NA;NA
44;0.9981982111930847;1.0;0.21216845512390137;0.99909907579422;2.6769089698791504;0.3099099099636078;1.0;5.14164924621582;0.6108109354972839;NA;NA;NA;NA;NA;NA;NA;NA;NA
45;0.9981982111930847;1.0;0.1898278146982193;0.99909907579422;2.665738582611084;0.34414413571357727;1.0;5.14164924621582;0.6057057976722717;NA;NA;NA;NA;NA;NA;NA;NA;NA
46;0.99909907579422;1.0;0.1635044813156128;0.9995495676994324;2.6525769233703613;0.3216216266155243;1.0;5.14164924621582;0.6147148013114929;NA;NA;NA;NA;NA;NA;NA;NA;NA
47;0.99909907579422;1.0;0.14202581346035004;0.9995495676994324;2.6418375968933105;0.34864863753318787;1.0;5.14164924621582;0.6141141057014465;NA;NA;NA;NA;NA;NA;NA;NA;NA
48;1.0;1.0;0.12752723693847656;1.0;2.6345882415771484;0.32252252101898193;1.0;5.14164924621582;0.6124625205993652;NA;NA;NA;NA;NA;NA;NA;NA;NA
49;0.99909907579422;1.0;0.10941532254219055;0.9995495676994324;2.625532388687134;0.35495495796203613;1.0;5.14164924621582;0.597747802734375;NA;NA;NA;NA;NA;NA;NA;NA;NA
50;1.0;1.0;0.09240170568227768;1.0;2.617025375366211;0.34144145250320435;1.0;5.14164924621582;0.6079580187797546;NA;NA;NA;NA;NA;NA;NA;NA;NA
51;1.0;1.0;0.0813627541065216;1.0;2.6115059852600098;0.3558558523654938;1.0;5.14164924621582;0.6102102994918823;NA;NA;NA;NA;NA;NA;NA;NA;NA
52;1.0;1.0;0.07009635120630264;1.0;2.605872869491577;0.34324324131011963;1.0;5.14164924621582;0.6148649454116821;NA;NA;NA;NA;NA;NA;NA;NA;NA
53;1.0;1.0;0.05582270398736;1.0;2.598736047744751;0.3243243098258972;1.0;5.14164924621582;0.6219220161437988;NA;NA;NA;NA;NA;NA;NA;NA;NA
54;1.0;1.0;0.04929584637284279;1.0;2.595472574234009;0.34324324131011963;1.0;5.14164924621582;0.6234234571456909;NA;NA;NA;NA;NA;NA;NA;NA;NA
55;1.0;1.0;0.04199455678462982;1.0;2.5918219089508057;0.3378378450870514;1.0;5.14164924621582;0.6154654622077942;NA;NA;NA;NA;NA;NA;NA;NA;NA
56;1.0;1.0;0.03618522360920906;1.0;2.5889172554016113;0.3216216266155243;1.0;5.14164924621582;0.6241742372512817;NA;NA;NA;NA;NA;NA;NA;NA;NA
57;1.0;1.0;0.032114189118146896;1.0;2.586881637573242;0.342342346906662;1.0;5.14164924621582;0.6144144535064697;NA;NA;NA;NA;NA;NA;NA;NA;NA
58;1.0;1.0;0.026803791522979736;1.0;2.584226608276367;0.32972973585128784;1.0;5.14164924621582;0.60150146484375;NA;NA;NA;NA;NA;NA;NA;NA;NA
59;1.0;1.0;0.02360144630074501;1.0;2.582625389099121;0.342342346906662;1.0;5.14164924621582;0.6042042374610901;NA;NA;NA;NA;NA;NA;NA;NA;NA
60;1.0;1.0;0.021789873018860817;1.0;2.5817196369171143;0.31621623039245605;1.0;5.14164924621582;0.612162172794342;NA;NA;NA;NA;NA;NA;NA;NA;NA
61;1.0;1.0;0.01922011934220791;1.0;2.580434799194336;0.32522523403167725;1.0;5.14164924621582;0.6126126646995544;NA;NA;NA;NA;NA;NA;NA;NA;NA
62;1.0;1.0;0.017472123727202415;1.0;2.5795607566833496;0.33873873949050903;1.0;5.14164924621582;0.5993994474411011;NA;NA;NA;NA;NA;NA;NA;NA;NA
63;1.0;1.0;0.016050884500145912;1.0;2.578850030899048;0.32792791724205017;1.0;5.14164924621582;0.6094595193862915;NA;NA;NA;NA;NA;NA;NA;NA;NA
64;1.0;1.0;0.01541419979184866;1.0;2.5785317420959473;0.32252252101898193;1.0;5.14164924621582;0.6126126646995544;NA;NA;NA;NA;NA;NA;NA;NA;NA
65;1.0;1.0;0.01435822807252407;1.0;2.5780036449432373;0.33243241906166077;1.0;5.14164924621582;0.6184684634208679;NA;NA;NA;NA;NA;NA;NA;NA;NA
66;1.0;1.0;0.013518506661057472;1.0;2.5775837898254395;0.31081080436706543;1.0;5.14164924621582;0.6103604435920715;NA;NA;NA;NA;NA;NA;NA;NA;NA
67;1.0;1.0;0.013098926283419132;1.0;2.57737398147583;0.3405405282974243;1.0;5.14164924621582;0.6246246695518494;NA;NA;NA;NA;NA;NA;NA;NA;NA
68;1.0;1.0;0.012803904712200165;1.0;2.5772266387939453;0.3378378450870514;1.0;5.14164924621582;0.6150150299072266;NA;NA;NA;NA;NA;NA;NA;NA;NA
69;1.0;1.0;0.012565622106194496;1.0;2.5771074295043945;0.3306306302547455;1.0;5.14164924621582;0.6108108758926392;NA;NA;NA;NA;NA;NA;NA;NA;NA
70;1.0;1.0;0.012072762474417686;1.0;2.5768609046936035;0.32072073221206665;1.0;5.14164924621582;0.6076577305793762;NA;NA;NA;NA;NA;NA;NA;NA;NA
71;1.0;1.0;0.01203124225139618;1.0;2.5768401622772217;0.32252252101898193;1.0;5.14164924621582;0.6082583069801331;NA;NA;NA;NA;NA;NA;NA;NA;NA
72;1.0;1.0;0.012048776261508465;1.0;2.5768489837646484;0.34594595432281494;1.0;5.14164924621582;0.597747802734375;NA;NA;NA;NA;NA;NA;NA;NA;NA
73;1.0;1.0;0.012090448290109634;1.0;2.5768699645996094;0.3558558523654938;1.0;5.14164924621582;0.6009008884429932;NA;NA;NA;NA;NA;NA;NA;NA;NA
74;1.0;1.0;0.01220586709678173;1.0;2.576927661895752;0.35945945978164673;1.0;5.14164924621582;0.605705738067627;NA;NA;NA;NA;NA;NA;NA;NA;NA
75;1.0;1.0;0.0121614346280694;1.0;2.5769052505493164;0.34594595432281494;1.0;5.14164924621582;0.6181681752204895;NA;NA;NA;NA;NA;NA;NA;NA;NA
76;1.0;1.0;0.011952992528676987;1.0;2.576801061630249;0.3216216266155243;1.0;5.14164924621582;0.6183183193206787;NA;NA;NA;NA;NA;NA;NA;NA;NA
77;1.0;1.0;0.011981453746557236;1.0;2.576815366744995;0.3333333432674408;1.0;5.14164924621582;0.6154654622077942;NA;NA;NA;NA;NA;NA;NA;NA;NA
78;1.0;1.0;0.011744099669158459;1.0;2.5766966342926025;0.32252252101898193;1.0;5.14164924621582;0.6117117404937744;NA;NA;NA;NA;NA;NA;NA;NA;NA
79;1.0;1.0;0.011964520439505577;1.0;2.5768067836761475;0.3144144117832184;1.0;5.14164924621582;0.624324381351471;NA;NA;NA;NA;NA;NA;NA;NA;NA
80;1.0;1.0;0.011995811015367508;1.0;2.576822519302368;0.3144144117832184;1.0;5.14164924621582;0.6190690994262695;NA;NA;NA;NA;NA;NA;NA;NA;NA
81;1.0;1.0;0.012364402413368225;1.0;2.5770068168640137;0.318918913602829;1.0;5.14164924621582;0.612162172794342;NA;NA;NA;NA;NA;NA;NA;NA;NA
82;1.0;1.0;0.011836991645395756;1.0;2.5767431259155273;0.361261248588562;1.0;5.14164924621582;0.602552592754364;NA;NA;NA;NA;NA;NA;NA;NA;NA
83;1.0;1.0;0.01188147347420454;1.0;2.576765298843384;0.3540540635585785;1.0;5.14164924621582;0.6109609603881836;NA;NA;NA;NA;NA;NA;NA;NA;NA
84;1.0;1.0;0.011945627629756927;1.0;2.5767974853515625;0.3306306302547455;1.0;5.14164924621582;0.6244744658470154;NA;NA;NA;NA;NA;NA;NA;NA;NA
85;1.0;1.0;0.012057073414325714;1.0;2.5768532752990723;0.31801801919937134;1.0;5.14164924621582;0.6070570945739746;NA;NA;NA;NA;NA;NA;NA;NA;NA
86;1.0;1.0;0.011853992938995361;1.0;2.576751708984375;0.361261248588562;1.0;5.14164924621582;0.6099099516868591;NA;NA;NA;NA;NA;NA;NA;NA;NA
87;1.0;1.0;0.011703159660100937;1.0;2.5766761302948;0.3333333432674408;1.0;5.14164924621582;0.6202702522277832;NA;NA;NA;NA;NA;NA;NA;NA;NA
88;1.0;1.0;0.011831715703010559;1.0;2.5767405033111572;0.32972973585128784;1.0;5.14164924621582;0.6172673106193542;NA;NA;NA;NA;NA;NA;NA;NA;NA
89;1.0;1.0;0.012057951651513577;1.0;2.5768535137176514;0.33693695068359375;1.0;5.14164924621582;0.6072072386741638;NA;NA;NA;NA;NA;NA;NA;NA;NA
90;1.0;1.0;0.011892695911228657;1.0;2.5767710208892822;0.3477477431297302;1.0;5.14164924621582;0.6048048138618469;NA;NA;NA;NA;NA;NA;NA;NA;NA
91;1.0;1.0;0.012010347098112106;1.0;2.5768299102783203;0.3261261284351349;1.0;5.14164924621582;0.5984985828399658;NA;NA;NA;NA;NA;NA;NA;NA;NA
92;1.0;1.0;0.011983838863670826;1.0;2.5768165588378906;0.3378378450870514;1.0;5.14164924621582;0.6000000238418579;NA;NA;NA;NA;NA;NA;NA;NA;NA
93;1.0;1.0;0.012035711668431759;1.0;2.5768425464630127;0.32702702283859253;1.0;5.14164924621582;0.5938438773155212;NA;NA;NA;NA;NA;NA;NA;NA;NA
94;1.0;1.0;0.011724811047315598;1.0;2.5766870975494385;0.33243241906166077;1.0;5.14164924621582;0.6010510921478271;NA;NA;NA;NA;NA;NA;NA;NA;NA
95;1.0;1.0;0.011947338469326496;1.0;2.5767982006073;0.33423423767089844;1.0;5.14164924621582;0.6099099516868591;NA;NA;NA;NA;NA;NA;NA;NA;NA
96;1.0;1.0;0.011951607652008533;1.0;2.5768003463745117;0.33693695068359375;1.0;5.14164924621582;0.6223723888397217;NA;NA;NA;NA;NA;NA;NA;NA;NA
97;1.0;1.0;0.012191644869744778;1.0;2.576920509338379;0.3036035895347595;1.0;5.14164924621582;0.6061561107635498;NA;NA;NA;NA;NA;NA;NA;NA;NA
98;1.0;1.0;0.012312573380768299;1.0;2.5769808292388916;0.3081081211566925;1.0;5.14164924621582;0.5924925208091736;NA;NA;NA;NA;NA;NA;NA;NA;NA
99;1.0;1.0;0.011967516504228115;1.0;2.576808452606201;0.31171169877052307;1.0;5.14164924621582;0.6115615963935852;NA;NA;NA;NA;NA;NA;NA;NA;NA
0;0.31621623039245605;1.0;0.7400029301643372;0.6007508635520935;2.940826177597046;0.3468468487262726;1.0;5.14164924621582;0.5933933854103088;NA;NA;NA;NA;NA;NA;NA;NA;NA
1;0.3243243098258972;1.0;0.7415022253990173;0.6042042374610901;2.941575765609741;0.33423423767089844;1.0;5.14164924621582;0.6217718124389648;NA;NA;NA;NA;NA;NA;NA;NA;NA
2;0.3450450599193573;1.0;0.7326968312263489;0.6183183789253235;2.9371731281280518;0.3144144117832184;1.0;5.14164924621582;0.6120120286941528;NA;NA;NA;NA;NA;NA;NA;NA;NA
3;0.32702702283859253;1.0;0.7427831888198853;0.6051051020622253;2.942216157913208;0.3378378450870514;1.0;5.14164924621582;0.6180180907249451;NA;NA;NA;NA;NA;NA;NA;NA;NA
4;0.32972973585128784;1.0;0.7376881837844849;0.6099099516868591;2.939668655395508;0.31351351737976074;1.0;5.14164924621582;0.6031531691551208;NA;NA;NA;NA;NA;NA;NA;NA;NA
5;0.32792791724205017;1.0;0.7395970225334167;0.6078078150749207;2.9406230449676514;0.34594595432281494;1.0;5.14164924621582;0.6262763142585754;NA;NA;NA;NA;NA;NA;NA;NA;NA
6;0.31801801919937134;1.0;0.7372660636901855;0.6055555939674377;2.939457654953003;0.3522522449493408;1.0;5.14164924621582;0.6019519567489624;NA;NA;NA;NA;NA;NA;NA;NA;NA
7;0.32702702283859253;1.0;0.7389039993286133;0.6085585951805115;2.940276622772217;0.32522523403167725;1.0;5.14164924621582;0.6174174547195435;NA;NA;NA;NA;NA;NA;NA;NA;NA
8;0.31081080436706543;1.0;0.7433968782424927;0.5969970226287842;2.9425230026245117;0.3261261284351349;1.0;5.14164924621582;0.5968468189239502;NA;NA;NA;NA;NA;NA;NA;NA;NA
9;0.3675675690174103;1.0;0.7171198725700378;0.6325826048851013;2.929384469985962;0.32792791724205017;1.0;5.14164924621582;0.6091591715812683;NA;NA;NA;NA;NA;NA;NA;NA;NA
10;0.30450451374053955;1.0;0.748063862323761;0.5914415121078491;2.944856643676758;0.3333333432674408;1.0;5.14164924621582;0.6012011766433716;NA;NA;NA;NA;NA;NA;NA;NA;NA
11;0.3315315246582031;1.0;0.7352179288864136;0.6118618845939636;2.9384336471557617;0.318918913602829;1.0;5.14164924621582;0.6156156659126282;NA;NA;NA;NA;NA;NA;NA;NA;NA
12;0.34324324131011963;1.0;0.7410157918930054;0.6169670820236206;2.9413325786590576;0.296396404504776;1.0;5.14164924621582;0.6148648858070374;NA;NA;NA;NA;NA;NA;NA;NA;NA
13;0.3495495617389679;1.0;0.7302404642105103;0.6226726770401001;2.9359447956085205;0.3567567467689514;1.0;5.14164924621582;0.6031532287597656;NA;NA;NA;NA;NA;NA;NA;NA;NA
14;0.361261248588562;1.0;0.7258827686309814;0.6262763142585754;2.9337658882141113;0.34864863753318787;1.0;5.14164924621582;0.6370871067047119;NA;NA;NA;NA;NA;NA;NA;NA;NA
15;0.3567567467689514;1.0;0.7270569801330566;0.625825822353363;2.9343531131744385;0.34324324131011963;1.0;5.14164924621582;0.6177177429199219;NA;NA;NA;NA;NA;NA;NA;NA;NA
16;0.32252252101898193;1.0;0.7269214987754822;0.6043543219566345;2.9342854022979736;0.3378378450870514;1.0;5.14164924621582;0.6061561107635498;NA;NA;NA;NA;NA;NA;NA;NA;NA
17;0.3792792856693268;1.0;0.7126492857933044;0.6411412358283997;2.9271492958068848;0.3540540635585785;1.0;5.14164924621582;0.6250750422477722;NA;NA;NA;NA;NA;NA;NA;NA;NA
18;0.36486485600471497;1.0;0.7174924612045288;0.6343843936920166;2.9295709133148193;0.3099099099636078;1.0;5.14164924621582;0.6087087988853455;NA;NA;NA;NA;NA;NA;NA;NA;NA
19;0.37117117643356323;1.0;0.7192010283470154;0.6331831812858582;2.9304251670837402;0.3405405282974243;1.0;5.14164924621582;0.6028529405593872;NA;NA;NA;NA;NA;NA;NA;NA;NA
20;0.40360361337661743;1.0;0.7043399214744568;0.6552553176879883;2.922994613647461;0.3333333432674408;1.0;5.14164924621582;0.616366446018219;NA;NA;NA;NA;NA;NA;NA;NA;NA
21;0.4144144058227539;1.0;0.7091171741485596;0.6633633971214294;2.9253830909729004;0.3639639616012573;1.0;5.14164924621582;0.6220721006393433;NA;NA;NA;NA;NA;NA;NA;NA;NA
22;0.411711722612381;1.0;0.6943815350532532;0.6651651859283447;2.918015480041504;0.3396396338939667;1.0;5.14164924621582;0.6175675988197327;NA;NA;NA;NA;NA;NA;NA;NA;NA
23;0.4279279410839081;1.0;0.6812019944190979;0.6752251982688904;2.9114255905151367;0.32792791724205017;1.0;5.14164924621582;0.6153153777122498;NA;NA;NA;NA;NA;NA;NA;NA;NA
24;0.5171171426773071;1.0;0.6682273149490356;0.727627694606781;2.904938220977783;0.3126126229763031;1.0;5.14164924621582;0.606306254863739;NA;NA;NA;NA;NA;NA;NA;NA;NA
25;0.5072072148323059;1.0;0.6548789739608765;0.7240241169929504;2.898264169692993;0.32702702283859253;1.0;5.14164924621582;0.6000000834465027;NA;NA;NA;NA;NA;NA;NA;NA;NA
26;0.5315315127372742;1.0;0.6514149308204651;0.7340841293334961;2.8965320587158203;0.32522523403167725;1.0;5.14164924621582;0.5947447419166565;NA;NA;NA;NA;NA;NA;NA;NA;NA
27;0.5477477312088013;1.0;0.6387224197387695;0.7503003478050232;2.890185832977295;0.34414413571357727;1.0;5.14164924621582;0.6072072386741638;NA;NA;NA;NA;NA;NA;NA;NA;NA
28;0.6081081032752991;1.0;0.6148443818092346;0.782282292842865;2.878246784210205;0.35045045614242554;1.0;5.14164924621582;0.6123123168945312;NA;NA;NA;NA;NA;NA;NA;NA;NA
29;0.6405405402183533;1.0;0.6009628772735596;0.8006006479263306;2.8713059425354004;0.35315313935279846;1.0;5.14164924621582;0.6148648858070374;NA;NA;NA;NA;NA;NA;NA;NA;NA
30;0.6693693399429321;1.0;0.5814111232757568;0.8190690875053406;2.861530303955078;0.31801801919937134;1.0;5.14164924621582;0.6133633852005005;NA;NA;NA;NA;NA;NA;NA;NA;NA
31;0.7450450658798218;1.0;0.5601071119308472;0.8609609007835388;2.8508782386779785;0.33243241906166077;1.0;5.14164924621582;0.6205706000328064;NA;NA;NA;NA;NA;NA;NA;NA;NA
32;0.7603603601455688;1.0;0.5408978462219238;0.8711711168289185;2.841273546218872;0.34594595432281494;1.0;5.14164924621582;0.6180180907249451;NA;NA;NA;NA;NA;NA;NA;NA;NA
33;0.8126125931739807;1.0;0.5115573406219482;0.8965465426445007;2.826603412628174;0.30180180072784424;1.0;5.14164924621582;0.6070570945739746;NA;NA;NA;NA;NA;NA;NA;NA;NA
34;0.8792792558670044;1.0;0.47418901324272156;0.93453449010849;2.8079190254211426;0.3198198080062866;1.0;5.14164924621582;0.607207179069519;NA;NA;NA;NA;NA;NA;NA;NA;NA
35;0.908108115196228;1.0;0.4495179057121277;0.9515015482902527;2.795583486557007;0.3234234154224396;1.0;5.14164924621582;0.6196697354316711;NA;NA;NA;NA;NA;NA;NA;NA;NA
36;0.9288288354873657;1.0;0.4258861541748047;0.9626126289367676;2.7837677001953125;0.3099099099636078;1.0;5.14164924621582;0.6039039492607117;NA;NA;NA;NA;NA;NA;NA;NA;NA
37;0.931531548500061;1.0;0.40620774030685425;0.9641141891479492;2.77392840385437;0.3288288414478302;1.0;5.14164924621582;0.6058558821678162;NA;NA;NA;NA;NA;NA;NA;NA;NA
38;0.9702702760696411;1.0;0.36764591932296753;0.9848349094390869;2.7546474933624268;0.31351351737976074;1.0;5.14164924621582;0.6145645976066589;NA;NA;NA;NA;NA;NA;NA;NA;NA
39;0.9657657742500305;1.0;0.341502845287323;0.982132077217102;2.7415759563446045;0.3351351320743561;1.0;5.14164924621582;0.6192192435264587;NA;NA;NA;NA;NA;NA;NA;NA;NA
40;0.9756757020950317;1.0;0.31349363923072815;0.9873873591423035;2.727571487426758;0.3378378450870514;1.0;5.14164924621582;0.6121622323989868;NA;NA;NA;NA;NA;NA;NA;NA;NA
41;0.9837837815284729;1.0;0.28445690870285034;0.9915915727615356;2.713052988052368;0.3144144117832184;1.0;5.14164924621582;0.5981981754302979;NA;NA;NA;NA;NA;NA;NA;NA;NA
42;0.9936937093734741;1.0;0.2554953992366791;0.9968468546867371;2.6985723972320557;0.32522523403167725;1.0;5.14164924621582;0.6099098920822144;NA;NA;NA;NA;NA;NA;NA;NA;NA
43;0.9936937093734741;1.0;0.22563675045967102;0.9968468546867371;2.683643102645874;0.3567567467689514;1.0;5.14164924621582;0.6063063740730286;NA;NA;NA;NA;NA;NA;NA;NA;NA
44;0.9981982111930847;1.0;0.19790019094944;0.99909907579422;2.6697747707366943;0.3522522449493408;1.0;5.14164924621582;0.6130630373954773;NA;NA;NA;NA;NA;NA;NA;NA;NA
45;0.99909907579422;1.0;0.17568552494049072;0.9995495676994324;2.6586673259735107;0.31171169877052307;1.0;5.14164924621582;0.6273273229598999;NA;NA;NA;NA;NA;NA;NA;NA;NA
46;0.99909907579422;1.0;0.15539446473121643;0.9995495676994324;2.648521900177002;0.3306306302547455;1.0;5.14164924621582;0.606606662273407;NA;NA;NA;NA;NA;NA;NA;NA;NA
47;0.9981982111930847;1.0;0.133255273103714;0.99909907579422;2.6374523639678955;0.32702702283859253;1.0;5.14164924621582;0.606456458568573;NA;NA;NA;NA;NA;NA;NA;NA;NA
48;1.0;1.0;0.1164737343788147;1.0;2.629061460494995;0.3450450599193573;1.0;5.14164924621582;0.6015015840530396;NA;NA;NA;NA;NA;NA;NA;NA;NA
49;1.0;1.0;0.09938430041074753;1.0;2.620516777038574;0.33693695068359375;1.0;5.14164924621582;0.6142642498016357;NA;NA;NA;NA;NA;NA;NA;NA;NA
50;1.0;1.0;0.08566977828741074;1.0;2.613659620285034;0.3315315246582031;1.0;5.14164924621582;0.6156156063079834;NA;NA;NA;NA;NA;NA;NA;NA;NA
51;1.0;1.0;0.0748680904507637;1.0;2.6082587242126465;0.33243241906166077;1.0;5.14164924621582;0.6048048138618469;NA;NA;NA;NA;NA;NA;NA;NA;NA
52;1.0;1.0;0.0622076652944088;1.0;2.601928472518921;0.32522523403167725;1.0;5.14164924621582;0.5995494723320007;NA;NA;NA;NA;NA;NA;NA;NA;NA
53;1.0;1.0;0.05326707661151886;1.0;2.5974581241607666;0.3540540635585785;1.0;5.14164924621582;0.5957958102226257;NA;NA;NA;NA;NA;NA;NA;NA;NA
54;1.0;1.0;0.04581208527088165;1.0;2.5937306880950928;0.32972973585128784;1.0;5.14164924621582;0.6049549579620361;NA;NA;NA;NA;NA;NA;NA;NA;NA
55;1.0;1.0;0.03807321935892105;1.0;2.5898611545562744;0.34144145250320435;1.0;5.14164924621582;0.6042042374610901;NA;NA;NA;NA;NA;NA;NA;NA;NA
56;1.0;1.0;0.032954756170511246;1.0;2.5873019695281982;0.32702702283859253;1.0;5.14164924621582;0.6060060262680054;NA;NA;NA;NA;NA;NA;NA;NA;NA
57;1.0;1.0;0.028356395661830902;1.0;2.585002899169922;0.33423423767089844;1.0;5.14164924621582;0.592792809009552;NA;NA;NA;NA;NA;NA;NA;NA;NA
58;1.0;1.0;0.02497265115380287;1.0;2.583310842514038;0.3477477431297302;1.0;5.14164924621582;0.6108108758926392;NA;NA;NA;NA;NA;NA;NA;NA;NA
59;1.0;1.0;0.021919595077633858;1.0;2.58178448677063;0.3405405282974243;1.0;5.14164924621582;0.614414393901825;NA;NA;NA;NA;NA;NA;NA;NA;NA
60;1.0;1.0;0.019696172326803207;1.0;2.5806727409362793;0.34324324131011963;1.0;5.14164924621582;0.621021032333374;NA;NA;NA;NA;NA;NA;NA;NA;NA
61;1.0;1.0;0.01812898926436901;1.0;2.5798890590667725;0.3288288414478302;1.0;5.14164924621582;0.6216216683387756;NA;NA;NA;NA;NA;NA;NA;NA;NA
62;1.0;1.0;0.016758151352405548;1.0;2.5792036056518555;0.3171171247959137;1.0;5.14164924621582;0.6231231093406677;NA;NA;NA;NA;NA;NA;NA;NA;NA
63;1.0;1.0;0.01487120520323515;1.0;2.5782601833343506;0.3567567467689514;1.0;5.14164924621582;0.6126126050949097;NA;NA;NA;NA;NA;NA;NA;NA;NA
64;1.0;1.0;0.01457059197127819;1.0;2.5781099796295166;0.34144145250320435;1.0;5.14164924621582;0.6045045852661133;NA;NA;NA;NA;NA;NA;NA;NA;NA
65;1.0;1.0;0.013699352741241455;1.0;2.577674388885498;0.342342346906662;1.0;5.14164924621582;0.6081081628799438;NA;NA;NA;NA;NA;NA;NA;NA;NA
66;1.0;1.0;0.013554436154663563;1.0;2.577601909637451;0.3360360264778137;1.0;5.14164924621582;0.6024024486541748;NA;NA;NA;NA;NA;NA;NA;NA;NA
67;1.0;1.0;0.013155081309378147;1.0;2.577402114868164;0.34144145250320435;1.0;5.14164924621582;0.6123123168945312;NA;NA;NA;NA;NA;NA;NA;NA;NA
68;1.0;1.0;0.012791264802217484;1.0;2.5772202014923096;0.33423423767089844;1.0;5.14164924621582;0.6069069504737854;NA;NA;NA;NA;NA;NA;NA;NA;NA
69;1.0;1.0;0.012614903971552849;1.0;2.577131986618042;0.3144144117832184;1.0;5.14164924621582;0.6138138175010681;NA;NA;NA;NA;NA;NA;NA;NA;NA
70;1.0;1.0;0.012108678929507732;1.0;2.5768790245056152;0.3306306302547455;1.0;5.14164924621582;0.6024024486541748;NA;NA;NA;NA;NA;NA;NA;NA;NA
71;1.0;1.0;0.01228340808302164;1.0;2.5769662857055664;0.34594595432281494;1.0;5.14164924621582;0.5980480313301086;NA;NA;NA;NA;NA;NA;NA;NA;NA
72;1.0;1.0;0.01246572658419609;1.0;2.5770576000213623;0.3198198080062866;1.0;5.14164924621582;0.5983483791351318;NA;NA;NA;NA;NA;NA;NA;NA;NA
73;1.0;1.0;0.011984501034021378;1.0;2.5768167972564697;0.32072073221206665;1.0;5.14164924621582;0.6091591715812683;NA;NA;NA;NA;NA;NA;NA;NA;NA
74;1.0;1.0;0.012116738595068455;1.0;2.57688307762146;0.34144145250320435;1.0;5.14164924621582;0.6102102398872375;NA;NA;NA;NA;NA;NA;NA;NA;NA
75;1.0;1.0;0.012114331126213074;1.0;2.5768818855285645;0.35945945978164673;1.0;5.14164924621582;0.6136636734008789;NA;NA;NA;NA;NA;NA;NA;NA;NA
76;1.0;1.0;0.011935364454984665;1.0;2.5767922401428223;0.361261248588562;1.0;5.14164924621582;0.6136636734008789;NA;NA;NA;NA;NA;NA;NA;NA;NA
77;1.0;1.0;0.012277791276574135;1.0;2.576963424682617;0.32252252101898193;1.0;5.14164924621582;0.6042042374610901;NA;NA;NA;NA;NA;NA;NA;NA;NA
78;1.0;1.0;0.011980791576206684;1.0;2.576815128326416;0.35315313935279846;1.0;5.14164924621582;0.6106606125831604;NA;NA;NA;NA;NA;NA;NA;NA;NA
79;1.0;1.0;0.011873315088450909;1.0;2.576761245727539;0.3081081211566925;1.0;5.14164924621582;0.6099099516868591;NA;NA;NA;NA;NA;NA;NA;NA;NA
80;1.0;1.0;0.012329735793173313;1.0;2.5769894123077393;0.32792791724205017;1.0;5.14164924621582;0.6022522449493408;NA;NA;NA;NA;NA;NA;NA;NA;NA
81;1.0;1.0;0.01197884138673544;1.0;2.5768139362335205;0.31621623039245605;1.0;5.14164924621582;0.614414393901825;NA;NA;NA;NA;NA;NA;NA;NA;NA
82;1.0;1.0;0.01166239008307457;1.0;2.576655864715576;0.32702702283859253;1.0;5.14164924621582;0.6115615367889404;NA;NA;NA;NA;NA;NA;NA;NA;NA
83;1.0;1.0;0.01202493254095316;1.0;2.5768370628356934;0.36036035418510437;1.0;5.14164924621582;0.6127627491950989;NA;NA;NA;NA;NA;NA;NA;NA;NA
84;1.0;1.0;0.011889290995895863;1.0;2.5767693519592285;0.32522523403167725;1.0;5.14164924621582;0.6027026772499084;NA;NA;NA;NA;NA;NA;NA;NA;NA
85;1.0;1.0;0.011835548095405102;1.0;2.57674241065979;0.3333333432674408;1.0;5.14164924621582;0.6195195317268372;NA;NA;NA;NA;NA;NA;NA;NA;NA
86;1.0;1.0;0.011973168700933456;1.0;2.5768113136291504;0.3378378450870514;1.0;5.14164924621582;0.6177177429199219;NA;NA;NA;NA;NA;NA;NA;NA;NA
87;1.0;1.0;0.011713343672454357;1.0;2.57668137550354;0.3027026951313019;1.0;5.14164924621582;0.6181681752204895;NA;NA;NA;NA;NA;NA;NA;NA;NA
88;1.0;1.0;0.011713708750903606;1.0;2.57668137550354;0.30000001192092896;1.0;5.14164924621582;0.6097597479820251;NA;NA;NA;NA;NA;NA;NA;NA;NA
89;1.0;1.0;0.011767811141908169;1.0;2.5767085552215576;0.3234234154224396;1.0;5.14164924621582;0.6141141057014465;NA;NA;NA;NA;NA;NA;NA;NA;NA
90;1.0;1.0;0.012137182056903839;1.0;2.5768933296203613;0.315315306186676;1.0;5.14164924621582;0.5968468189239502;NA;NA;NA;NA;NA;NA;NA;NA;NA
91;1.0;1.0;0.011943853460252285;1.0;2.576796531677246;0.3198198080062866;1.0;5.14164924621582;0.6166667342185974;NA;NA;NA;NA;NA;NA;NA;NA;NA
92;1.0;1.0;0.01198563538491726;1.0;2.576817512512207;0.3243243098258972;1.0;5.14164924621582;0.6052553057670593;NA;NA;NA;NA;NA;NA;NA;NA;NA
93;1.0;1.0;0.011993939988315105;1.0;2.5768215656280518;0.34414413571357727;1.0;5.14164924621582;0.6108108758926392;NA;NA;NA;NA;NA;NA;NA;NA;NA
94;1.0;1.0;0.011745316907763481;1.0;2.57669734954834;0.3378378450870514;1.0;5.14164924621582;0.6081081032752991;NA;NA;NA;NA;NA;NA;NA;NA;NA
95;1.0;1.0;0.011855547316372395;1.0;2.5767524242401123;0.35495495796203613;1.0;5.14164924621582;0.606606662273407;NA;NA;NA;NA;NA;NA;NA;NA;NA
96;1.0;1.0;0.011753607541322708;1.0;2.5767014026641846;0.35495495796203613;1.0;5.14164924621582;0.6166666746139526;NA;NA;NA;NA;NA;NA;NA;NA;NA
97;1.0;1.0;0.011861292645335197;1.0;2.5767552852630615;0.31351351737976074;1.0;5.14164924621582;0.6103604435920715;NA;NA;NA;NA;NA;NA;NA;NA;NA
98;1.0;1.0;0.011961665004491806;1.0;2.576805353164673;0.3360360264778137;1.0;5.14164924621582;0.6126126646995544;NA;NA;NA;NA;NA;NA;NA;NA;NA
99;1.0;1.0;0.012067083269357681;1.0;2.5768582820892334;0.3351351320743561;1.0;5.14164924621582;0.6198198199272156;NA;NA;NA;NA;NA;NA;NA;NA;NA
0;0.3360360264778137;1.0;0.7383108139038086;0.611411452293396;2.9399800300598145;0.33423423767089844;1.0;5.14164924621582;0.6130630970001221;NA;NA;NA;NA;NA;NA;NA;NA;NA
1;0.34324324131011963;1.0;0.7307859659194946;0.6190690994262695;2.9362175464630127;0.3513513505458832;1.0;5.14164924621582;0.6043543815612793;NA;NA;NA;NA;NA;NA;NA;NA;NA
2;0.3198198080062866;1.0;0.7405596375465393;0.6021021604537964;2.9411044120788574;0.3315315246582031;1.0;5.14164924621582;0.6084084510803223;NA;NA;NA;NA;NA;NA;NA;NA;NA
3;0.342342346906662;1.0;0.735656201839447;0.6181681752204895;2.938652753829956;0.3234234154224396;1.0;5.14164924621582;0.6102102398872375;NA;NA;NA;NA;NA;NA;NA;NA;NA
4;0.296396404504776;1.0;0.7434819340705872;0.5917417407035828;2.942565679550171;0.3144144117832184;1.0;5.14164924621582;0.6156156659126282;NA;NA;NA;NA;NA;NA;NA;NA;NA
5;0.33243241906166077;1.0;0.740543782711029;0.6084083914756775;2.941096544265747;0.3243243098258972;1.0;5.14164924621582;0.6109610199928284;NA;NA;NA;NA;NA;NA;NA;NA;NA
6;0.32972973585128784;1.0;0.7380273342132568;0.6103604435920715;2.939838409423828;0.3468468487262726;1.0;5.14164924621582;0.6099098920822144;NA;NA;NA;NA;NA;NA;NA;NA;NA
7;0.33693695068359375;1.0;0.7357698082923889;0.6094595193862915;2.9387094974517822;0.34594595432281494;1.0;5.14164924621582;0.6085585355758667;NA;NA;NA;NA;NA;NA;NA;NA;NA
8;0.33873873949050903;1.0;0.7279826402664185;0.6132132411003113;2.9348158836364746;0.34414413571357727;1.0;5.14164924621582;0.6126126646995544;NA;NA;NA;NA;NA;NA;NA;NA;NA
9;0.365765780210495;1.0;0.7230824828147888;0.6324324607849121;2.932365894317627;0.3477477431297302;1.0;5.14164924621582;0.6082582473754883;NA;NA;NA;NA;NA;NA;NA;NA;NA
10;0.35045045614242554;1.0;0.732267439365387;0.6208708882331848;2.9369583129882812;0.33243241906166077;1.0;5.14164924621582;0.6126126646995544;NA;NA;NA;NA;NA;NA;NA;NA;NA
11;0.3378378450870514;1.0;0.7333654761314392;0.6136637330055237;2.937507390975952;0.34414413571357727;1.0;5.14164924621582;0.6051051020622253;NA;NA;NA;NA;NA;NA;NA;NA;NA
12;0.34414413571357727;1.0;0.7353466153144836;0.6201201677322388;2.938498020172119;0.30900901556015015;1.0;5.14164924621582;0.6040540933609009;NA;NA;NA;NA;NA;NA;NA;NA;NA
13;0.36216217279434204;1.0;0.7320547699928284;0.6241742372512817;2.936851978302002;0.3315315246582031;1.0;5.14164924621582;0.6031532287597656;NA;NA;NA;NA;NA;NA;NA;NA;NA
14;0.3522522449493408;1.0;0.7283219695091248;0.6262763142585754;2.934985637664795;0.32792791724205017;1.0;5.14164924621582;0.5953454375267029;NA;NA;NA;NA;NA;NA;NA;NA;NA
15;0.3081081211566925;1.0;0.7406600117683411;0.5942943096160889;2.941154718399048;0.342342346906662;1.0;5.14164924621582;0.6024024486541748;NA;NA;NA;NA;NA;NA;NA;NA;NA
16;0.3378378450870514;1.0;0.7350140810012817;0.6168168187141418;2.9383316040039062;0.32072073221206665;1.0;5.14164924621582;0.6088588237762451;NA;NA;NA;NA;NA;NA;NA;NA;NA
17;0.3675675690174103;1.0;0.7173231840133667;0.6367868185043335;2.9294862747192383;0.3081081211566925;1.0;5.14164924621582;0.5981981754302979;NA;NA;NA;NA;NA;NA;NA;NA;NA
18;0.3747747838497162;1.0;0.7173023819923401;0.639489471912384;2.929475784301758;0.3315315246582031;1.0;5.14164924621582;0.621921956539154;NA;NA;NA;NA;NA;NA;NA;NA;NA
19;0.3477477431297302;1.0;0.7193762063980103;0.6225225925445557;2.9305126667022705;0.3405405282974243;1.0;5.14164924621582;0.6240240335464478;NA;NA;NA;NA;NA;NA;NA;NA;NA
20;0.39909911155700684;1.0;0.7113825678825378;0.6560060381889343;2.926515817642212;0.32792791724205017;1.0;5.14164924621582;0.601651668548584;NA;NA;NA;NA;NA;NA;NA;NA;NA
21;0.4405405521392822;1.0;0.6959875226020813;0.6783784627914429;2.918818473815918;0.342342346906662;1.0;5.14164924621582;0.6193694472312927;NA;NA;NA;NA;NA;NA;NA;NA;NA
22;0.4396396279335022;1.0;0.6859366297721863;0.6831831932067871;2.913792848587036;0.3288288414478302;1.0;5.14164924621582;0.5959460139274597;NA;NA;NA;NA;NA;NA;NA;NA;NA
23;0.4324324429035187;1.0;0.6881251335144043;0.6792793273925781;2.9148871898651123;0.35315313935279846;1.0;5.14164924621582;0.6129128932952881;NA;NA;NA;NA;NA;NA;NA;NA;NA
24;0.4648648500442505;1.0;0.6727884411811829;0.6963964700698853;2.9072189331054688;0.3360360264778137;1.0;5.14164924621582;0.6078078746795654;NA;NA;NA;NA;NA;NA;NA;NA;NA
25;0.5018017888069153;1.0;0.6686376929283142;0.7156156301498413;2.9051434993743896;0.3171171247959137;1.0;5.14164924621582;0.6082583069801331;NA;NA;NA;NA;NA;NA;NA;NA;NA
26;0.49369367957115173;1.0;0.6527131199836731;0.7172672152519226;2.897181272506714;0.3171171247959137;1.0;5.14164924621582;0.611411452293396;NA;NA;NA;NA;NA;NA;NA;NA;NA
27;0.5531531572341919;1.0;0.635793924331665;0.7477477788925171;2.888721466064453;0.35045045614242554;1.0;5.14164924621582;0.6288288831710815;NA;NA;NA;NA;NA;NA;NA;NA;NA
28;0.5990990996360779;1.0;0.6214250922203064;0.7758258581161499;2.8815371990203857;0.3198198080062866;1.0;5.14164924621582;0.603453516960144;NA;NA;NA;NA;NA;NA;NA;NA;NA
29;0.6441441178321838;1.0;0.6068437695503235;0.8004504442214966;2.874246597290039;0.34594595432281494;1.0;5.14164924621582;0.6189188957214355;NA;NA;NA;NA;NA;NA;NA;NA;NA
30;0.6927927732467651;1.0;0.5804716348648071;0.8310810923576355;2.861060380935669;0.32522523403167725;1.0;5.14164924621582;0.6148648858070374;NA;NA;NA;NA;NA;NA;NA;NA;NA
31;0.723423421382904;1.0;0.5641542077064514;0.8487988114356995;2.8529016971588135;0.32702702283859253;1.0;5.14164924621582;0.6103603839874268;NA;NA;NA;NA;NA;NA;NA;NA;NA
32;0.7756756544113159;1.0;0.5443379878997803;0.8768768906593323;2.84299373626709;0.34144145250320435;1.0;5.14164924621582;0.5993993878364563;NA;NA;NA;NA;NA;NA;NA;NA;NA
33;0.8306306600570679;1.0;0.5128234624862671;0.9082582592964172;2.8272364139556885;0.3126126229763031;1.0;5.14164924621582;0.6183183789253235;NA;NA;NA;NA;NA;NA;NA;NA;NA
34;0.8540540337562561;1.0;0.4895426332950592;0.9232733249664307;2.815595865249634;0.32972973585128784;1.0;5.14164924621582;0.6102101802825928;NA;NA;NA;NA;NA;NA;NA;NA;NA
35;0.8567567467689514;1.0;0.4762112498283386;0.9238739013671875;2.8089301586151123;0.3315315246582031;1.0;5.14164924621582;0.6190691590309143;NA;NA;NA;NA;NA;NA;NA;NA;NA
36;0.9189189076423645;1.0;0.43379050493240356;0.9573574066162109;2.787719964981079;0.36036035418510437;1.0;5.14164924621582;0.6048048138618469;NA;NA;NA;NA;NA;NA;NA;NA;NA
37;0.9243243336677551;1.0;0.41077595949172974;0.9608108401298523;2.776212692260742;0.3081081211566925;1.0;5.14164924621582;0.6144144535064697;NA;NA;NA;NA;NA;NA;NA;NA;NA
38;0.9567567706108093;1.0;0.37592387199401855;0.9773273468017578;2.758786678314209;0.315315306186676;1.0;5.14164924621582;0.6241742372512817;NA;NA;NA;NA;NA;NA;NA;NA;NA
39;0.977477490901947;1.0;0.3440433740615845;0.9885886311531067;2.7428462505340576;0.3243243098258972;1.0;5.14164924621582;0.6219220161437988;NA;NA;NA;NA;NA;NA;NA;NA;NA
40;0.9801802039146423;1.0;0.32244637608528137;0.9897898435592651;2.7320477962493896;0.3198198080062866;1.0;5.14164924621582;0.6124624609947205;NA;NA;NA;NA;NA;NA;NA;NA;NA
41;0.9828828573226929;1.0;0.2957988381385803;0.9911412000656128;2.718724012374878;0.34864863753318787;1.0;5.14164924621582;0.6124624609947205;NA;NA;NA;NA;NA;NA;NA;NA;NA
42;0.9945945739746094;1.0;0.2653851807117462;0.9972972869873047;2.703517198562622;0.32972973585128784;1.0;5.14164924621582;0.6124624609947205;NA;NA;NA;NA;NA;NA;NA;NA;NA
43;0.9963964223861694;1.0;0.23601599037647247;0.9980480670928955;2.6888325214385986;0.34594595432281494;1.0;5.14164924621582;0.615465521812439;NA;NA;NA;NA;NA;NA;NA;NA;NA
44;0.9981982111930847;1.0;0.20697881281375885;0.99909907579422;2.674314022064209;0.33243241906166077;1.0;5.14164924621582;0.6202702522277832;NA;NA;NA;NA;NA;NA;NA;NA;NA
45;0.9963964223861694;1.0;0.18196742236614227;0.9981982111930847;2.6618082523345947;0.3198198080062866;1.0;5.14164924621582;0.6088588833808899;NA;NA;NA;NA;NA;NA;NA;NA;NA
46;0.9981982111930847;1.0;0.1601676195859909;0.99909907579422;2.6509084701538086;0.3234234154224396;1.0;5.14164924621582;0.6150150299072266;NA;NA;NA;NA;NA;NA;NA;NA;NA
47;1.0;1.0;0.13955146074295044;1.0;2.6406004428863525;0.3126126229763031;1.0;5.14164924621582;0.6021021008491516;NA;NA;NA;NA;NA;NA;NA;NA;NA
48;1.0;1.0;0.12172484397888184;1.0;2.6316871643066406;0.33243241906166077;1.0;5.14164924621582;0.6249249577522278;NA;NA;NA;NA;NA;NA;NA;NA;NA
49;1.0;1.0;0.10555614531040192;1.0;2.6236026287078857;0.3522522449493408;1.0;5.14164924621582;0.6031532287597656;NA;NA;NA;NA;NA;NA;NA;NA;NA
50;1.0;1.0;0.08986955881118774;1.0;2.6157593727111816;0.33423423767089844;1.0;5.14164924621582;0.6024024486541748;NA;NA;NA;NA;NA;NA;NA;NA;NA
51;1.0;1.0;0.0801561251282692;1.0;2.610902786254883;0.3216216266155243;1.0;5.14164924621582;0.6031531691551208;NA;NA;NA;NA;NA;NA;NA;NA;NA
52;1.0;1.0;0.06717828661203384;1.0;2.6044137477874756;0.3144144117832184;1.0;5.14164924621582;0.6003002524375916;NA;NA;NA;NA;NA;NA;NA;NA;NA
53;1.0;1.0;0.05612347647547722;1.0;2.598886251449585;0.34324324131011963;1.0;5.14164924621582;0.6157658100128174;NA;NA;NA;NA;NA;NA;NA;NA;NA
54;1.0;1.0;0.04760139808058739;1.0;2.594625234603882;0.32972973585128784;1.0;5.14164924621582;0.6103604435920715;NA;NA;NA;NA;NA;NA;NA;NA;NA
55;1.0;1.0;0.0406307652592659;1.0;2.591140031814575;0.32972973585128784;1.0;5.14164924621582;0.6115615963935852;NA;NA;NA;NA;NA;NA;NA;NA;NA
56;1.0;1.0;0.03469926491379738;1.0;2.588174343109131;0.3378378450870514;1.0;5.14164924621582;0.6196697354316711;NA;NA;NA;NA;NA;NA;NA;NA;NA
57;1.0;1.0;0.030205171555280685;1.0;2.5859272480010986;0.33243241906166077;1.0;5.14164924621582;0.6097598075866699;NA;NA;NA;NA;NA;NA;NA;NA;NA
58;1.0;1.0;0.02658442221581936;1.0;2.5841169357299805;0.3360360264778137;1.0;5.14164924621582;0.6139639616012573;NA;NA;NA;NA;NA;NA;NA;NA;NA
59;1.0;1.0;0.023939065635204315;1.0;2.582794189453125;0.3396396338939667;1.0;5.14164924621582;0.6156156659126282;NA;NA;NA;NA;NA;NA;NA;NA;NA
60;1.0;1.0;0.021017486229538918;1.0;2.5813333988189697;0.34594595432281494;1.0;5.14164924621582;0.6159159541130066;NA;NA;NA;NA;NA;NA;NA;NA;NA
61;1.0;1.0;0.018636062741279602;1.0;2.5801427364349365;0.3468468487262726;1.0;5.14164924621582;0.617117166519165;NA;NA;NA;NA;NA;NA;NA;NA;NA
62;1.0;1.0;0.01691477559506893;1.0;2.57928204536438;0.32072073221206665;1.0;5.14164924621582;0.6090090274810791;NA;NA;NA;NA;NA;NA;NA;NA;NA
63;1.0;1.0;0.015923157334327698;1.0;2.5787861347198486;0.32792791724205017;1.0;5.14164924621582;0.6120119690895081;NA;NA;NA;NA;NA;NA;NA;NA;NA
64;1.0;1.0;0.014693030156195164;1.0;2.5781712532043457;0.342342346906662;1.0;5.14164924621582;0.616066038608551;NA;NA;NA;NA;NA;NA;NA;NA;NA
65;1.0;1.0;0.013743866235017776;1.0;2.5776965618133545;0.36936935782432556;1.0;5.14164924621582;0.583183228969574;NA;NA;NA;NA;NA;NA;NA;NA;NA
66;1.0;1.0;0.013432502746582031;1.0;2.577540874481201;0.3540540635585785;1.0;5.14164924621582;0.5972973704338074;NA;NA;NA;NA;NA;NA;NA;NA;NA
67;1.0;1.0;0.012792243622243404;1.0;2.5772206783294678;0.3144144117832184;1.0;5.14164924621582;0.6103604435920715;NA;NA;NA;NA;NA;NA;NA;NA;NA
68;1.0;1.0;0.012718938291072845;1.0;2.5771842002868652;0.3243243098258972;1.0;5.14164924621582;0.6009009480476379;NA;NA;NA;NA;NA;NA;NA;NA;NA
69;1.0;1.0;0.012594616040587425;1.0;2.5771219730377197;0.3234234154224396;1.0;5.14164924621582;0.6118618845939636;NA;NA;NA;NA;NA;NA;NA;NA;NA
70;1.0;1.0;0.012369737960398197;1.0;2.577009439468384;0.3477477431297302;1.0;5.14164924621582;0.6022522449493408;NA;NA;NA;NA;NA;NA;NA;NA;NA
71;1.0;1.0;0.012208736501634121;1.0;2.5769290924072266;0.32792791724205017;1.0;5.14164924621582;0.6027026772499084;NA;NA;NA;NA;NA;NA;NA;NA;NA
72;1.0;1.0;0.011897113174200058;1.0;2.576773166656494;0.3351351320743561;1.0;5.14164924621582;0.603453516960144;NA;NA;NA;NA;NA;NA;NA;NA;NA
73;1.0;1.0;0.01195361465215683;1.0;2.5768015384674072;0.32522523403167725;1.0;5.14164924621582;0.6030030250549316;NA;NA;NA;NA;NA;NA;NA;NA;NA
74;1.0;1.0;0.012267230078577995;1.0;2.576958179473877;0.3144144117832184;1.0;5.14164924621582;0.6010510921478271;NA;NA;NA;NA;NA;NA;NA;NA;NA
75;1.0;1.0;0.011932281777262688;1.0;2.5767908096313477;0.3081081211566925;1.0;5.14164924621582;0.6130630970001221;NA;NA;NA;NA;NA;NA;NA;NA;NA
76;1.0;1.0;0.011734803207218647;1.0;2.5766921043395996;0.3333333432674408;1.0;5.14164924621582;0.6013513803482056;NA;NA;NA;NA;NA;NA;NA;NA;NA
77;1.0;1.0;0.01211406197398901;1.0;2.5768816471099854;0.3171171247959137;1.0;5.14164924621582;0.6136636734008789;NA;NA;NA;NA;NA;NA;NA;NA;NA
78;1.0;1.0;0.011759525164961815;1.0;2.576704502105713;0.3126126229763031;1.0;5.14164924621582;0.6048048138618469;NA;NA;NA;NA;NA;NA;NA;NA;NA
79;1.0;1.0;0.011844719760119915;1.0;2.576746940612793;0.342342346906662;1.0;5.14164924621582;0.6211711764335632;NA;NA;NA;NA;NA;NA;NA;NA;NA
80;1.0;1.0;0.011974469758570194;1.0;2.5768117904663086;0.34324324131011963;1.0;5.14164924621582;0.6135135889053345;NA;NA;NA;NA;NA;NA;NA;NA;NA
81;1.0;1.0;0.011808322742581367;1.0;2.5767288208007812;0.3450450599193573;1.0;5.14164924621582;0.6057056784629822;NA;NA;NA;NA;NA;NA;NA;NA;NA
82;1.0;1.0;0.011812092736363411;1.0;2.576730728149414;0.3360360264778137;1.0;5.14164924621582;0.6031531691551208;NA;NA;NA;NA;NA;NA;NA;NA;NA
83;1.0;1.0;0.012021688744425774;1.0;2.5768353939056396;0.31171169877052307;1.0;5.14164924621582;0.6198198795318604;NA;NA;NA;NA;NA;NA;NA;NA;NA
84;1.0;1.0;0.012250260449945927;1.0;2.5769498348236084;0.32072073221206665;1.0;5.14164924621582;0.6138138175010681;NA;NA;NA;NA;NA;NA;NA;NA;NA
85;1.0;1.0;0.012118433602154255;1.0;2.5768837928771973;0.35495495796203613;1.0;5.14164924621582;0.6006006598472595;NA;NA;NA;NA;NA;NA;NA;NA;NA
86;1.0;1.0;0.011998496018350124;1.0;2.5768239498138428;0.3450450599193573;1.0;5.14164924621582;0.5960961580276489;NA;NA;NA;NA;NA;NA;NA;NA;NA
87;1.0;1.0;0.011972535401582718;1.0;2.576810836791992;0.318918913602829;1.0;5.14164924621582;0.5948949456214905;NA;NA;NA;NA;NA;NA;NA;NA;NA
88;1.0;1.0;0.011922864243388176;1.0;2.5767860412597656;0.3315315246582031;1.0;5.14164924621582;0.6177178025245667;NA;NA;NA;NA;NA;NA;NA;NA;NA
89;1.0;1.0;0.012453236617147923;1.0;2.5770511627197266;0.32522523403167725;1.0;5.14164924621582;0.6195195913314819;NA;NA;NA;NA;NA;NA;NA;NA;NA
90;1.0;1.0;0.012019764631986618;1.0;2.5768344402313232;0.34594595432281494;1.0;5.14164924621582;0.6085585355758667;NA;NA;NA;NA;NA;NA;NA;NA;NA
91;1.0;1.0;0.012141132727265358;1.0;2.576895236968994;0.3450450599193573;1.0;5.14164924621582;0.6100600957870483;NA;NA;NA;NA;NA;NA;NA;NA;NA
92;1.0;1.0;0.012087882496416569;1.0;2.5768685340881348;0.33873873949050903;1.0;5.14164924621582;0.6208708882331848;NA;NA;NA;NA;NA;NA;NA;NA;NA
93;1.0;1.0;0.012012757360935211;1.0;2.576831102371216;0.3360360264778137;1.0;5.14164924621582;0.6069069504737854;NA;NA;NA;NA;NA;NA;NA;NA;NA
94;1.0;1.0;0.011866206303238869;1.0;2.5767576694488525;0.32252252101898193;1.0;5.14164924621582;0.6118618845939636;NA;NA;NA;NA;NA;NA;NA;NA;NA
95;1.0;1.0;0.011930661275982857;1.0;2.5767898559570312;0.34144145250320435;1.0;5.14164924621582;0.6193693280220032;NA;NA;NA;NA;NA;NA;NA;NA;NA
96;1.0;1.0;0.012038478627800941;1.0;2.5768439769744873;0.3243243098258972;1.0;5.14164924621582;0.6030030250549316;NA;NA;NA;NA;NA;NA;NA;NA;NA
97;1.0;1.0;0.012021886184811592;1.0;2.5768356323242188;0.3351351320743561;1.0;5.14164924621582;0.6028528809547424;NA;NA;NA;NA;NA;NA;NA;NA;NA
98;1.0;1.0;0.011903523467481136;1.0;2.5767762660980225;0.34144145250320435;1.0;5.14164924621582;0.6147147417068481;NA;NA;NA;NA;NA;NA;NA;NA;NA
99;1.0;1.0;0.012123597785830498;1.0;2.5768864154815674;0.3450450599193573;1.0;5.14164924621582;0.6135135889053345;NA;NA;NA;NA;NA;NA;NA;NA;NA
0;0.3306306302547455;1.0;0.7388643026351929;0.6106606125831604;2.9402568340301514;0.361261248588562;1.0;5.14164924621582;0.6052552461624146;NA;NA;NA;NA;NA;NA;NA;NA;NA
1;0.3351351320743561;1.0;0.7431289553642273;0.6121622323989868;2.9423890113830566;0.3306306302547455;1.0;5.14164924621582;0.6303303241729736;NA;NA;NA;NA;NA;NA;NA;NA;NA
2;0.34414413571357727;1.0;0.7353689670562744;0.6171172261238098;2.938508987426758;0.3522522449493408;1.0;5.14164924621582;0.6138138175010681;NA;NA;NA;NA;NA;NA;NA;NA;NA
3;0.3360360264778137;1.0;0.7426963448524475;0.6117117404937744;2.9421727657318115;0.32792791724205017;1.0;5.14164924621582;0.6175675988197327;NA;NA;NA;NA;NA;NA;NA;NA;NA
4;0.3522522449493408;1.0;0.7295836806297302;0.6247748136520386;2.9356164932250977;0.3360360264778137;1.0;5.14164924621582;0.625075101852417;NA;NA;NA;NA;NA;NA;NA;NA;NA
5;0.3081081211566925;1.0;0.73909592628479;0.596846878528595;2.9403724670410156;0.33423423767089844;1.0;5.14164924621582;0.6195195317268372;NA;NA;NA;NA;NA;NA;NA;NA;NA
6;0.3684684634208679;1.0;0.7308382987976074;0.6292793154716492;2.936243772506714;0.32972973585128784;1.0;5.14164924621582;0.6094595193862915;NA;NA;NA;NA;NA;NA;NA;NA;NA
7;0.35315313935279846;1.0;0.7236774563789368;0.6271772384643555;2.9326634407043457;0.3378378450870514;1.0;5.14164924621582;0.6142642498016357;NA;NA;NA;NA;NA;NA;NA;NA;NA
8;0.32252252101898193;1.0;0.7350583076477051;0.6073574423789978;2.9383537769317627;0.3288288414478302;1.0;5.14164924621582;0.6049550175666809;NA;NA;NA;NA;NA;NA;NA;NA;NA
9;0.32072073221206665;1.0;0.7320566773414612;0.6045045852661133;2.9368529319763184;0.3171171247959137;1.0;5.14164924621582;0.6277778744697571;NA;NA;NA;NA;NA;NA;NA;NA;NA
10;0.3216216266155243;1.0;0.7358942627906799;0.6045045852661133;2.9387717247009277;0.3261261284351349;1.0;5.14164924621582;0.6168168783187866;NA;NA;NA;NA;NA;NA;NA;NA;NA
11;0.34144145250320435;1.0;0.7404552698135376;0.6138138175010681;2.941052198410034;0.315315306186676;1.0;5.14164924621582;0.5969970226287842;NA;NA;NA;NA;NA;NA;NA;NA;NA
12;0.34144145250320435;1.0;0.7291883826255798;0.6198198795318604;2.9354188442230225;0.318918913602829;1.0;5.14164924621582;0.6082582473754883;NA;NA;NA;NA;NA;NA;NA;NA;NA
13;0.3585585653781891;1.0;0.72757887840271;0.6295796036720276;2.9346141815185547;0.33243241906166077;1.0;5.14164924621582;0.6009008884429932;NA;NA;NA;NA;NA;NA;NA;NA;NA
14;0.3405405282974243;1.0;0.7348586320877075;0.6156156659126282;2.938253879547119;0.32702702283859253;1.0;5.14164924621582;0.6141141057014465;NA;NA;NA;NA;NA;NA;NA;NA;NA
15;0.3360360264778137;1.0;0.7304357886314392;0.6147147417068481;2.936042547225952;0.3261261284351349;1.0;5.14164924621582;0.6007508039474487;NA;NA;NA;NA;NA;NA;NA;NA;NA
16;0.36216217279434204;1.0;0.72593754529953;0.6315315365791321;2.933793306350708;0.3468468487262726;1.0;5.14164924621582;0.621021032333374;NA;NA;NA;NA;NA;NA;NA;NA;NA
17;0.3774774670600891;1.0;0.714013397693634;0.6409909725189209;2.9278314113616943;0.32972973585128784;1.0;5.14164924621582;0.6264264583587646;NA;NA;NA;NA;NA;NA;NA;NA;NA
18;0.36216217279434204;1.0;0.7224035859107971;0.6274774670600891;2.9320263862609863;0.30900901556015015;1.0;5.14164924621582;0.6286787390708923;NA;NA;NA;NA;NA;NA;NA;NA;NA
19;0.388288289308548;1.0;0.7140220999717712;0.6438438892364502;2.927835702896118;0.3405405282974243;1.0;5.14164924621582;0.6030029654502869;NA;NA;NA;NA;NA;NA;NA;NA;NA
20;0.40630629658699036;1.0;0.7069606781005859;0.6585586071014404;2.924304962158203;0.342342346906662;1.0;5.14164924621582;0.5968468189239502;NA;NA;NA;NA;NA;NA;NA;NA;NA
21;0.3909910023212433;1.0;0.7027820348739624;0.654204249382019;2.922215700149536;0.33423423767089844;1.0;5.14164924621582;0.5971472263336182;NA;NA;NA;NA;NA;NA;NA;NA;NA
22;0.4261261224746704;1.0;0.6956119537353516;0.6713213324546814;2.918630599975586;0.3522522449493408;1.0;5.14164924621582;0.606456458568573;NA;NA;NA;NA;NA;NA;NA;NA;NA
23;0.43423423171043396;1.0;0.68378746509552;0.6777777671813965;2.9127182960510254;0.3495495617389679;1.0;5.14164924621582;0.6204204559326172;NA;NA;NA;NA;NA;NA;NA;NA;NA
24;0.4810810685157776;1.0;0.6744077205657959;0.704954981803894;2.9080286026000977;0.32522523403167725;1.0;5.14164924621582;0.6078078150749207;NA;NA;NA;NA;NA;NA;NA;NA;NA
25;0.4702702760696411;1.0;0.6716843843460083;0.7015015482902527;2.9066667556762695;0.3009009063243866;1.0;5.14164924621582;0.6150150299072266;NA;NA;NA;NA;NA;NA;NA;NA;NA
26;0.5315315127372742;1.0;0.6571016311645508;0.7345345616340637;2.8993754386901855;0.35315313935279846;1.0;5.14164924621582;0.6040540933609009;NA;NA;NA;NA;NA;NA;NA;NA;NA
27;0.570270299911499;1.0;0.6340216994285583;0.7608108520507812;2.8878355026245117;0.3198198080062866;1.0;5.14164924621582;0.6102101802825928;NA;NA;NA;NA;NA;NA;NA;NA;NA
28;0.6135135293006897;1.0;0.6143014430999756;0.7875375747680664;2.8779754638671875;0.35045045614242554;1.0;5.14164924621582;0.5933933854103088;NA;NA;NA;NA;NA;NA;NA;NA;NA
29;0.6477477550506592;1.0;0.6002107262611389;0.8060060143470764;2.8709299564361572;0.31081080436706543;1.0;5.14164924621582;0.6033033132553101;NA;NA;NA;NA;NA;NA;NA;NA;NA
30;0.6630630493164062;1.0;0.5867902040481567;0.8163663744926453;2.8642196655273438;0.36036035418510437;1.0;5.14164924621582;0.6150150299072266;NA;NA;NA;NA;NA;NA;NA;NA;NA
31;0.7387387156486511;1.0;0.5654259324073792;0.8576576709747314;2.8535375595092773;0.3522522449493408;1.0;5.14164924621582;0.6133633852005005;NA;NA;NA;NA;NA;NA;NA;NA;NA
32;0.776576578617096;1.0;0.5397419333457947;0.87912917137146;2.84069561958313;0.33243241906166077;1.0;5.14164924621582;0.616066038608551;NA;NA;NA;NA;NA;NA;NA;NA;NA
33;0.7972972989082336;1.0;0.5210475325584412;0.8897898197174072;2.831348419189453;0.34324324131011963;1.0;5.14164924621582;0.6045045852661133;NA;NA;NA;NA;NA;NA;NA;NA;NA
34;0.8756756782531738;1.0;0.48495951294898987;0.934834897518158;2.8133044242858887;0.33423423767089844;1.0;5.14164924621582;0.6096096038818359;NA;NA;NA;NA;NA;NA;NA;NA;NA
35;0.8810811042785645;1.0;0.46312233805656433;0.9375376105308533;2.8023858070373535;0.3405405282974243;1.0;5.14164924621582;0.6049549579620361;NA;NA;NA;NA;NA;NA;NA;NA;NA
36;0.907207190990448;1.0;0.43811163306236267;0.9504504799842834;2.7898805141448975;0.3216216266155243;1.0;5.14164924621582;0.5990991592407227;NA;NA;NA;NA;NA;NA;NA;NA;NA
37;0.931531548500061;1.0;0.41108474135398865;0.9641140699386597;2.776366949081421;0.3351351320743561;1.0;5.14164924621582;0.6160660982131958;NA;NA;NA;NA;NA;NA;NA;NA;NA
38;0.9585585594177246;1.0;0.3761492073535919;0.978528618812561;2.758899211883545;0.33423423767089844;1.0;5.14164924621582;0.6097598671913147;NA;NA;NA;NA;NA;NA;NA;NA;NA
39;0.9648648500442505;1.0;0.34676143527030945;0.98153156042099;2.7442052364349365;0.3144144117832184;1.0;5.14164924621582;0.5888888835906982;NA;NA;NA;NA;NA;NA;NA;NA;NA
40;0.9837837815284729;1.0;0.32512447237968445;0.9918919205665588;2.733386754989624;0.3405405282974243;1.0;5.14164924621582;0.6097598075866699;NA;NA;NA;NA;NA;NA;NA;NA;NA
41;0.9900900721549988;1.0;0.2863460183143616;0.9950450658798218;2.7139976024627686;0.34324324131011963;1.0;5.14164924621582;0.6207208037376404;NA;NA;NA;NA;NA;NA;NA;NA;NA
42;0.9873873591423035;1.0;0.26536548137664795;0.9935435652732849;2.703507423400879;0.32252252101898193;1.0;5.14164924621582;0.6082582473754883;NA;NA;NA;NA;NA;NA;NA;NA;NA
43;0.9954954981803894;1.0;0.234309121966362;0.9975976347923279;2.687979221343994;0.34324324131011963;1.0;5.14164924621582;0.6139640212059021;NA;NA;NA;NA;NA;NA;NA;NA;NA
44;0.9972972869873047;1.0;0.21083448827266693;0.9984985589981079;2.676241874694824;0.31621623039245605;1.0;5.14164924621582;0.624324381351471;NA;NA;NA;NA;NA;NA;NA;NA;NA
45;0.9981982111930847;1.0;0.18335619568824768;0.99909907579422;2.6625027656555176;0.32252252101898193;1.0;5.14164924621582;0.6181682348251343;NA;NA;NA;NA;NA;NA;NA;NA;NA
46;1.0;1.0;0.16469457745552063;1.0;2.653172016143799;0.32252252101898193;1.0;5.14164924621582;0.6150150299072266;NA;NA;NA;NA;NA;NA;NA;NA;NA
47;1.0;1.0;0.1448506861925125;1.0;2.643249988555908;0.3036035895347595;1.0;5.14164924621582;0.6021021604537964;NA;NA;NA;NA;NA;NA;NA;NA;NA
48;1.0;1.0;0.12366589903831482;1.0;2.632657527923584;0.3306306302547455;1.0;5.14164924621582;0.5996997356414795;NA;NA;NA;NA;NA;NA;NA;NA;NA
49;1.0;1.0;0.10794175416231155;1.0;2.624795436859131;0.33693695068359375;1.0;5.14164924621582;0.6111111640930176;NA;NA;NA;NA;NA;NA;NA;NA;NA
50;1.0;1.0;0.09226470440626144;1.0;2.616956949234009;0.3198198080062866;1.0;5.14164924621582;0.606606662273407;NA;NA;NA;NA;NA;NA;NA;NA;NA
51;1.0;1.0;0.08085234463214874;1.0;2.611250877380371;0.3405405282974243;1.0;5.14164924621582;0.6015015244483948;NA;NA;NA;NA;NA;NA;NA;NA;NA
52;1.0;1.0;0.06720393151044846;1.0;2.604426622390747;0.35315313935279846;1.0;5.14164924621582;0.6175675392150879;NA;NA;NA;NA;NA;NA;NA;NA;NA
53;1.0;1.0;0.057994402945041656;1.0;2.5998218059539795;0.3216216266155243;1.0;5.14164924621582;0.6045045256614685;NA;NA;NA;NA;NA;NA;NA;NA;NA
54;1.0;1.0;0.048994965851306915;1.0;2.5953221321105957;0.3405405282974243;1.0;5.14164924621582;0.6150150299072266;NA;NA;NA;NA;NA;NA;NA;NA;NA
55;1.0;1.0;0.04264337569475174;1.0;2.592146396636963;0.32972973585128784;1.0;5.14164924621582;0.621021032333374;NA;NA;NA;NA;NA;NA;NA;NA;NA
56;1.0;1.0;0.03547355905175209;1.0;2.5885612964630127;0.342342346906662;1.0;5.14164924621582;0.6252252459526062;NA;NA;NA;NA;NA;NA;NA;NA;NA
57;1.0;1.0;0.031454794108867645;1.0;2.5865519046783447;0.32252252101898193;1.0;5.14164924621582;0.6075075268745422;NA;NA;NA;NA;NA;NA;NA;NA;NA
58;1.0;1.0;0.026295313611626625;1.0;2.583972215652466;0.3630630671977997;1.0;5.14164924621582;0.6040540933609009;NA;NA;NA;NA;NA;NA;NA;NA;NA
59;1.0;1.0;0.023166293278336525;1.0;2.5824077129364014;0.3333333432674408;1.0;5.14164924621582;0.616966962814331;NA;NA;NA;NA;NA;NA;NA;NA;NA
60;1.0;1.0;0.020677728578448296;1.0;2.5811634063720703;0.30180180072784424;1.0;5.14164924621582;0.592042088508606;NA;NA;NA;NA;NA;NA;NA;NA;NA
61;1.0;1.0;0.018855934962630272;1.0;2.5802526473999023;0.34324324131011963;1.0;5.14164924621582;0.6255255341529846;NA;NA;NA;NA;NA;NA;NA;NA;NA
62;1.0;1.0;0.01711076684296131;1.0;2.5793800354003906;0.342342346906662;1.0;5.14164924621582;0.6030029654502869;NA;NA;NA;NA;NA;NA;NA;NA;NA
63;1.0;1.0;0.01632203720510006;1.0;2.5789856910705566;0.33873873949050903;1.0;5.14164924621582;0.6063063144683838;NA;NA;NA;NA;NA;NA;NA;NA;NA
64;1.0;1.0;0.014748195186257362;1.0;2.5781986713409424;0.3315315246582031;1.0;5.14164924621582;0.620270311832428;NA;NA;NA;NA;NA;NA;NA;NA;NA
65;1.0;1.0;0.013958953320980072;1.0;2.5778040885925293;0.3243243098258972;1.0;5.14164924621582;0.614414393901825;NA;NA;NA;NA;NA;NA;NA;NA;NA
66;1.0;1.0;0.013754790648818016;1.0;2.577702045440674;0.3126126229763031;1.0;5.14164924621582;0.6177177429199219;NA;NA;NA;NA;NA;NA;NA;NA;NA
67;1.0;1.0;0.013119802810251713;1.0;2.5773844718933105;0.3234234154224396;1.0;5.14164924621582;0.6163663864135742;NA;NA;NA;NA;NA;NA;NA;NA;NA
68;1.0;1.0;0.012690839357674122;1.0;2.5771701335906982;0.31801801919937134;1.0;5.14164924621582;0.6120120286941528;NA;NA;NA;NA;NA;NA;NA;NA;NA
69;1.0;1.0;0.012739406898617744;1.0;2.5771942138671875;0.34414413571357727;1.0;5.14164924621582;0.621171236038208;NA;NA;NA;NA;NA;NA;NA;NA;NA
70;1.0;1.0;0.01227787509560585;1.0;2.5769636631011963;0.3477477431297302;1.0;5.14164924621582;0.621171236038208;NA;NA;NA;NA;NA;NA;NA;NA;NA
71;1.0;1.0;0.011977343820035458;1.0;2.576813220977783;0.31081080436706543;1.0;5.14164924621582;0.6061561107635498;NA;NA;NA;NA;NA;NA;NA;NA;NA
72;1.0;1.0;0.012278941459953785;1.0;2.5769641399383545;0.32252252101898193;1.0;5.14164924621582;0.6172673106193542;NA;NA;NA;NA;NA;NA;NA;NA;NA
73;1.0;1.0;0.011914132162928581;1.0;2.576781749725342;0.33873873949050903;1.0;5.14164924621582;0.6178678274154663;NA;NA;NA;NA;NA;NA;NA;NA;NA
74;1.0;1.0;0.01193014532327652;1.0;2.576789617538452;0.3333333432674408;1.0;5.14164924621582;0.6271771788597107;NA;NA;NA;NA;NA;NA;NA;NA;NA
75;1.0;1.0;0.012060078792273998;1.0;2.576854705810547;0.3477477431297302;1.0;5.14164924621582;0.6214714646339417;NA;NA;NA;NA;NA;NA;NA;NA;NA
76;1.0;1.0;0.012327581644058228;1.0;2.576988458633423;0.3522522449493408;1.0;5.14164924621582;0.6124625205993652;NA;NA;NA;NA;NA;NA;NA;NA;NA
77;1.0;1.0;0.012131709605455399;1.0;2.576890468597412;0.3360360264778137;1.0;5.14164924621582;0.6081081628799438;NA;NA;NA;NA;NA;NA;NA;NA;NA
78;1.0;1.0;0.01175239123404026;1.0;2.5767009258270264;0.32522523403167725;1.0;5.14164924621582;0.6075075268745422;NA;NA;NA;NA;NA;NA;NA;NA;NA
79;1.0;1.0;0.01212551910430193;1.0;2.576887369155884;0.3333333432674408;1.0;5.14164924621582;0.6015015840530396;NA;NA;NA;NA;NA;NA;NA;NA;NA
80;1.0;1.0;0.011989464983344078;1.0;2.57681941986084;0.32702702283859253;1.0;5.14164924621582;0.6097597479820251;NA;NA;NA;NA;NA;NA;NA;NA;NA
81;1.0;1.0;0.012060204520821571;1.0;2.576854705810547;0.3360360264778137;1.0;5.14164924621582;0.6033033132553101;NA;NA;NA;NA;NA;NA;NA;NA;NA
82;1.0;1.0;0.012015596963465214;1.0;2.5768325328826904;0.3288288414478302;1.0;5.14164924621582;0.6147146821022034;NA;NA;NA;NA;NA;NA;NA;NA;NA
83;1.0;1.0;0.012055267579853535;1.0;2.576852321624756;0.3306306302547455;1.0;5.14164924621582;0.6102102398872375;NA;NA;NA;NA;NA;NA;NA;NA;NA
84;1.0;1.0;0.012011573649942875;1.0;2.5768303871154785;0.3495495617389679;1.0;5.14164924621582;0.6180180311203003;NA;NA;NA;NA;NA;NA;NA;NA;NA
85;1.0;1.0;0.012066672556102276;1.0;2.5768580436706543;0.3171171247959137;1.0;5.14164924621582;0.6051051020622253;NA;NA;NA;NA;NA;NA;NA;NA;NA
86;1.0;1.0;0.011899416334927082;1.0;2.5767743587493896;0.36216217279434204;1.0;5.14164924621582;0.6012012362480164;NA;NA;NA;NA;NA;NA;NA;NA;NA
87;1.0;1.0;0.012075772508978844;1.0;2.5768625736236572;0.37387385964393616;1.0;5.14164924621582;0.5923423767089844;NA;NA;NA;NA;NA;NA;NA;NA;NA
88;1.0;1.0;0.012245179153978825;1.0;2.5769472122192383;0.3261261284351349;1.0;5.14164924621582;0.6055555939674377;NA;NA;NA;NA;NA;NA;NA;NA;NA
89;1.0;1.0;0.012034784071147442;1.0;2.5768420696258545;0.33873873949050903;1.0;5.14164924621582;0.6093093752861023;NA;NA;NA;NA;NA;NA;NA;NA;NA
90;1.0;1.0;0.011892342008650303;1.0;2.576770782470703;0.3315315246582031;1.0;5.14164924621582;0.6136636734008789;NA;NA;NA;NA;NA;NA;NA;NA;NA
91;1.0;1.0;0.012056400999426842;1.0;2.576852798461914;0.30630630254745483;1.0;5.14164924621582;0.5900900959968567;NA;NA;NA;NA;NA;NA;NA;NA;NA
92;1.0;1.0;0.011638911440968513;1.0;2.5766441822052;0.3396396338939667;1.0;5.14164924621582;0.6264263987541199;NA;NA;NA;NA;NA;NA;NA;NA;NA
93;1.0;1.0;0.01198408380150795;1.0;2.5768165588378906;0.342342346906662;1.0;5.14164924621582;0.5995495319366455;NA;NA;NA;NA;NA;NA;NA;NA;NA
94;1.0;1.0;0.011718462221324444;1.0;2.576683759689331;0.361261248588562;1.0;5.14164924621582;0.5950450301170349;NA;NA;NA;NA;NA;NA;NA;NA;NA
95;1.0;1.0;0.012135488912463188;1.0;2.576892375946045;0.3288288414478302;1.0;5.14164924621582;0.6204204559326172;NA;NA;NA;NA;NA;NA;NA;NA;NA
96;1.0;1.0;0.011857450939714909;1.0;2.5767533779144287;0.31171169877052307;1.0;5.14164924621582;0.6241742372512817;NA;NA;NA;NA;NA;NA;NA;NA;NA
97;1.0;1.0;0.011967797763645649;1.0;2.576808452606201;0.3405405282974243;1.0;5.14164924621582;0.6148648858070374;NA;NA;NA;NA;NA;NA;NA;NA;NA
98;1.0;1.0;0.011860745027661324;1.0;2.5767550468444824;0.33243241906166077;1.0;5.14164924621582;0.6115615367889404;NA;NA;NA;NA;NA;NA;NA;NA;NA
99;1.0;1.0;0.012077771127223969;1.0;2.5768635272979736;0.3036035895347595;1.0;5.14164924621582;0.6180180907249451;NA;NA;NA;NA;NA;NA;NA;NA;NA

kge:complex,kge_atom_embedding_size:100,reasoning_depth:1,epochs:100,seed:[0, 1, 2, 3, 4],learning_rate:0.01,runs:5,run_signature:countries_s1_backward_prune_2_complex_no_reasoner_None_100_1_[0, 1, 2, 3, 4]_1_0.5_0.0,train_file:train.txt,valid_file:None.txt,test_file:test.txt,facts_file:facts.txt,domain_file:domain2constants.txt,rules_file:rules.txt,rule_miner:None,test_negatives:None,adaptation_layer:identity,output_layer:dense,ragged:True,num_rules:0,relation_entity_grounder_max_elements:20,debug:False,stop_gradient_on_kge_embeddings:False,loss:binary_crossentropy,hard_rules:False,rule_weight:number,semiring:product,dropout_rate_embedder:0.0,dataset_name:countries_s1,format:functional,grounder:backward_prune_2,num_negatives:1,signed:True,temperature:3.0,use_gumbel:True,aggregation_type:max,filter_num_heads:1,filter_activity_regularization:0.0,weight_loss:0.5,model_name:no_reasoner,batch_size:-1,eval_batch_size:-1,test_batch_size:-1,valid_size:None,valid_negatives:10,valid_frequency:1000,engine_num_negatives:0,engine_num_adaptive_constants:0,constant_embedding_size:200,kge_regularization:0.0,resnet:True,reasoner_depth:1,enabled_reasoner_depth:1,reasoner_regularization_factor:0.0,reasoner_formula_hidden_embedding_size:100,reasoner_dropout_rate:0.0,reasoner_atom_embedding_size:100,create_flat_rule_list:True,valid_acc:[0. 0. 0. 0. 0. 0. 0. 0. 0.],best_val:0.0,test_acc:[1.74022849 0.39546696 3.08499002 0.92019999 0.88       0.94399999
 0.72339997 0.60400001 0.81600001],log_filename:results/logcountries_s1_backward_prune_2_complex_no_reasoner_None_100_1_[0, 1, 2, 3, 4]_1_0.5_0.0_2024-02-08-14-44-34.csv