epoch;concept_hits@1@1;concept_hits@3@3;concept_loss;concept_mrr;loss;task_hits@1@1;task_hits@3@3;task_loss;task_mrr;val_concept_hits@1@1;val_concept_hits@3@3;val_concept_loss;val_concept_mrr;val_loss;val_task_hits@1@1;val_task_hits@3@3;val_task_loss;val_task_mrr
0;0.3295668661594391;1.0;0.7329234480857849;0.6117388010025024;0.7142257690429688;0.4444444477558136;1.0;0.6955280900001526;0.6865975260734558;NA;NA;NA;NA;NA;NA;NA;NA;NA
1;0.3531073331832886;1.0;0.7248941659927368;0.6217827796936035;0.6950092315673828;0.5715630650520325;1.0;0.6651243567466736;0.7578467726707458;NA;NA;NA;NA;NA;NA;NA;NA;NA
2;0.31450092792510986;1.0;0.7348155379295349;0.6007532477378845;0.683186411857605;0.6920903921127319;1.0;0.631557285785675;0.8265849351882935;NA;NA;NA;NA;NA;NA;NA;NA;NA
3;0.3399246633052826;1.0;0.7367464900016785;0.6169177293777466;0.6688073873519897;0.7730696797370911;1.0;0.6008683443069458;0.8692716956138611;NA;NA;NA;NA;NA;NA;NA;NA;NA
4;0.3399246633052826;1.0;0.7349756956100464;0.6126803755760193;0.6558391451835632;0.7824859023094177;1.0;0.5767025947570801;0.872096598148346;NA;NA;NA;NA;NA;NA;NA;NA;NA
5;0.3323917090892792;1.0;0.7378164529800415;0.6125234961509705;0.6555095911026001;0.7777777910232544;1.0;0.5732027888298035;0.8705272078514099;NA;NA;NA;NA;NA;NA;NA;NA;NA
6;0.3239171504974365;1.0;0.7379343509674072;0.6046766638755798;0.6570204496383667;0.7796609997749329;1.0;0.5761065483093262;0.8694286346435547;NA;NA;NA;NA;NA;NA;NA;NA;NA
7;0.36252352595329285;1.0;0.7317636609077454;0.6291587352752686;0.6523618698120117;0.7881355881690979;1.0;0.5729600191116333;0.8760199546813965;NA;NA;NA;NA;NA;NA;NA;NA;NA
8;0.33427494764328003;1.0;0.7404933571815491;0.6109541654586792;0.6589488983154297;0.7853107452392578;1.0;0.5774044394493103;0.8755491971969604;NA;NA;NA;NA;NA;NA;NA;NA;NA
9;0.34180790185928345;1.0;0.7263199687004089;0.6172316670417786;0.6429843902587891;0.7815442681312561;1.0;0.5596487522125244;0.8738229274749756;NA;NA;NA;NA;NA;NA;NA;NA;NA
10;0.3531073331832886;1.0;0.7271813154220581;0.6230382323265076;0.6464564800262451;0.7975518107414246;1.0;0.5657315850257874;0.8807280659675598;NA;NA;NA;NA;NA;NA;NA;NA;NA
11;0.3333333432674408;1.0;0.7330275177955627;0.6128373146057129;0.6525599956512451;0.7796609997749329;1.0;0.5720924139022827;0.8728812336921692;NA;NA;NA;NA;NA;NA;NA;NA;NA
12;0.36346516013145447;1.0;0.7229374647140503;0.6293157339096069;0.6422995328903198;0.7928436994552612;1.0;0.5616616606712341;0.8799433708190918;NA;NA;NA;NA;NA;NA;NA;NA;NA
13;0.3644067943096161;1.0;0.7226534485816956;0.6291587352752686;0.6433302164077759;0.7890772223472595;1.0;0.5640069246292114;0.8766477108001709;NA;NA;NA;NA;NA;NA;NA;NA;NA
14;0.3644067943096161;1.0;0.7253893613815308;0.6316697597503662;0.646195650100708;0.7975518107414246;1.0;0.5670018792152405;0.8819835186004639;NA;NA;NA;NA;NA;NA;NA;NA;NA
15;0.38041430711746216;1.0;0.7149426341056824;0.6432830691337585;0.6365541815757751;0.7947269082069397;1.0;0.5581657290458679;0.8830821514129639;NA;NA;NA;NA;NA;NA;NA;NA;NA
16;0.39359697699546814;1.0;0.7132971882820129;0.6479911804199219;0.6350919008255005;0.8116760849952698;1.0;0.5568865537643433;0.8913998007774353;NA;NA;NA;NA;NA;NA;NA;NA;NA
17;0.40489640831947327;1.0;0.7025384306907654;0.6564657688140869;0.6243196725845337;0.8013182878494263;1.0;0.5461009740829468;0.8854362368583679;NA;NA;NA;NA;NA;NA;NA;NA;NA
18;0.3879472613334656;1.0;0.7081817388534546;0.6442247033119202;0.628267765045166;0.7984933853149414;1.0;0.5483537316322327;0.8829252123832703;NA;NA;NA;NA;NA;NA;NA;NA;NA
19;0.38700565695762634;1.0;0.7063466906547546;0.6459510326385498;0.6277052164077759;0.7956685423851013;1.0;0.5490636825561523;0.8826113343238831;NA;NA;NA;NA;NA;NA;NA;NA;NA
20;0.4510357677936554;1.0;0.6911318898200989;0.6856558918952942;0.6133256554603577;0.8333333134651184;1.0;0.5355194211006165;0.9036408066749573;NA;NA;NA;NA;NA;NA;NA;NA;NA
21;0.43973633646965027;1.0;0.6814635396003723;0.6844004392623901;0.6049855947494507;0.8210923075675964;1.0;0.5285077095031738;0.8994036316871643;NA;NA;NA;NA;NA;NA;NA;NA;NA
22;0.4444444477558136;1.0;0.6809041500091553;0.6847142577171326;0.6033027172088623;0.81732577085495;1.0;0.5257012248039246;0.8978342413902283;NA;NA;NA;NA;NA;NA;NA;NA;NA
23;0.48775893449783325;1.0;0.6630496382713318;0.7074701189994812;0.5876299738883972;0.8323917388916016;1.0;0.5122103095054626;0.9045824408531189;NA;NA;NA;NA;NA;NA;NA;NA;NA
24;0.49152541160583496;1.0;0.6530864238739014;0.7131198048591614;0.5778721570968628;0.8474576473236084;1.0;0.5026578307151794;0.9133709669113159;NA;NA;NA;NA;NA;NA;NA;NA;NA
25;0.5743879675865173;1.0;0.630067765712738;0.7570620775222778;0.5560524463653564;0.8738229870796204;1.0;0.48203709721565247;0.9263966679573059;NA;NA;NA;NA;NA;NA;NA;NA;NA
26;0.5762711763381958;1.0;0.6175361275672913;0.7652227878570557;0.5442628264427185;0.8653483986854553;1.0;0.47098955512046814;0.9263967871665955;NA;NA;NA;NA;NA;NA;NA;NA;NA
27;0.6431261897087097;1.0;0.5955445766448975;0.8025736808776855;0.5238803625106812;0.887005627155304;1.0;0.45221608877182007;0.9375391602516174;NA;NA;NA;NA;NA;NA;NA;NA;NA
28;0.660075306892395;1.0;0.5777508616447449;0.8124606609344482;0.507876992225647;0.8983050584793091;1.0;0.43800315260887146;0.9439736604690552;NA;NA;NA;NA;NA;NA;NA;NA;NA
29;0.7184557318687439;1.0;0.5560312867164612;0.8458882570266724;0.4874320924282074;0.9171375036239624;1.0;0.418832927942276;0.9546452760696411;NA;NA;NA;NA;NA;NA;NA;NA;NA
30;0.7495291829109192;1.0;0.533644437789917;0.8634651303291321;0.4649268388748169;0.938794732093811;1.0;0.3962092101573944;0.9662585854530334;NA;NA;NA;NA;NA;NA;NA;NA;NA
31;0.7721280455589294;1.0;0.5139049291610718;0.8768047094345093;0.447309285402298;0.9406779408454895;1.0;0.38071364164352417;0.9679849147796631;NA;NA;NA;NA;NA;NA;NA;NA;NA
32;0.8210923075675964;1.0;0.49352413415908813;0.903640866279602;0.4296368360519409;0.9482108950614929;1.0;0.3657495379447937;0.9715943932533264;NA;NA;NA;NA;NA;NA;NA;NA;NA
33;0.8681732416152954;1.0;0.4567544162273407;0.929535448551178;0.3965839445590973;0.9689265489578247;1.0;0.3364134728908539;0.9833646416664124;NA;NA;NA;NA;NA;NA;NA;NA;NA
34;0.8832391500473022;1.0;0.4338560104370117;0.9376962184906006;0.3717513084411621;0.9745762944221497;1.0;0.3096465766429901;0.9865034222602844;NA;NA;NA;NA;NA;NA;NA;NA;NA
35;0.9274953007698059;1.0;0.40219932794570923;0.9628060460090637;0.34626394510269165;0.9858757257461548;1.0;0.29032859206199646;0.992780864238739;NA;NA;NA;NA;NA;NA;NA;NA;NA
36;0.9472693204879761;1.0;0.374904066324234;0.9728499054908752;0.32064908742904663;0.9858757257461548;1.0;0.26639407873153687;0.992780864238739;NA;NA;NA;NA;NA;NA;NA;NA;NA
37;0.9632768630981445;1.0;0.34653082489967346;0.9810106158256531;0.2964640259742737;0.9896422028541565;1.0;0.2463971972465515;0.9946640729904175;NA;NA;NA;NA;NA;NA;NA;NA;NA
38;0.965160071849823;1.0;0.3205212354660034;0.9819521903991699;0.27220410108566284;0.9934086799621582;1.0;0.22388698160648346;0.9967043399810791;NA;NA;NA;NA;NA;NA;NA;NA;NA
39;0.973634660243988;1.0;0.2891402542591095;0.9861894845962524;0.24292001128196716;0.9971751570701599;1.0;0.19669975340366364;0.9984305500984192;NA;NA;NA;NA;NA;NA;NA;NA;NA
40;0.9849340915679932;1.0;0.2605857253074646;0.9924670457839966;0.21744289994239807;0.9952918887138367;1.0;0.17430007457733154;0.9976459741592407;NA;NA;NA;NA;NA;NA;NA;NA;NA
41;0.994350254535675;1.0;0.23325034976005554;0.9971751570701599;0.1938265562057495;1.0;1.0;0.1544027477502823;1.0;NA;NA;NA;NA;NA;NA;NA;NA;NA
42;0.994350254535675;1.0;0.21179378032684326;0.9971751570701599;0.17544083297252655;0.9990583658218384;1.0;0.13908788561820984;0.9995291829109192;NA;NA;NA;NA;NA;NA;NA;NA;NA
43;1.0;1.0;0.18596607446670532;1.0;0.1517719030380249;1.0;1.0;0.11757772415876389;1.0;NA;NA;NA;NA;NA;NA;NA;NA;NA
44;0.9990583658218384;1.0;0.16532178223133087;0.9995291829109192;0.13446035981178284;1.0;1.0;0.1035989299416542;1.0;NA;NA;NA;NA;NA;NA;NA;NA;NA
45;0.9971751570701599;1.0;0.14707832038402557;0.9985875487327576;0.11946427822113037;1.0;1.0;0.09185023605823517;1.0;NA;NA;NA;NA;NA;NA;NA;NA;NA
46;0.9981167316436768;1.0;0.12682192027568817;0.9990583658218384;0.10176624357700348;1.0;1.0;0.07671055942773819;1.0;NA;NA;NA;NA;NA;NA;NA;NA;NA
47;1.0;1.0;0.11077139526605606;1.0;0.08870577812194824;1.0;1.0;0.06664016842842102;1.0;NA;NA;NA;NA;NA;NA;NA;NA;NA
48;1.0;1.0;0.09472121298313141;1.0;0.07539062947034836;1.0;1.0;0.05606004595756531;1.0;NA;NA;NA;NA;NA;NA;NA;NA;NA
49;1.0;1.0;0.08255323022603989;1.0;0.06531029939651489;1.0;1.0;0.0480673611164093;1.0;NA;NA;NA;NA;NA;NA;NA;NA;NA
50;1.0;1.0;0.07106690853834152;1.0;0.05678944289684296;1.0;1.0;0.04251197725534439;1.0;NA;NA;NA;NA;NA;NA;NA;NA;NA
51;1.0;1.0;0.06273461878299713;1.0;0.04982423782348633;1.0;1.0;0.036913856863975525;1.0;NA;NA;NA;NA;NA;NA;NA;NA;NA
52;1.0;1.0;0.054989397525787354;1.0;0.043809741735458374;1.0;1.0;0.032630085945129395;1.0;NA;NA;NA;NA;NA;NA;NA;NA;NA
53;1.0;1.0;0.04628065973520279;1.0;0.03717945143580437;1.0;1.0;0.028078243136405945;1.0;NA;NA;NA;NA;NA;NA;NA;NA;NA
54;1.0;1.0;0.03802752494812012;1.0;0.03109351173043251;1.0;1.0;0.024159494787454605;1.0;NA;NA;NA;NA;NA;NA;NA;NA;NA
55;1.0;1.0;0.03431694582104683;1.0;0.02877366915345192;1.0;1.0;0.02323039248585701;1.0;NA;NA;NA;NA;NA;NA;NA;NA;NA
56;1.0;1.0;0.028577497228980064;1.0;0.02448681741952896;1.0;1.0;0.020396137610077858;1.0;NA;NA;NA;NA;NA;NA;NA;NA;NA
57;1.0;1.0;0.026311485096812248;1.0;0.02262459695339203;1.0;1.0;0.01893770694732666;1.0;NA;NA;NA;NA;NA;NA;NA;NA;NA
58;1.0;1.0;0.023240629583597183;1.0;0.020728543400764465;1.0;1.0;0.018216459080576897;1.0;NA;NA;NA;NA;NA;NA;NA;NA;NA
59;1.0;1.0;0.021150050684809685;1.0;0.01894015073776245;1.0;1.0;0.016730250790715218;1.0;NA;NA;NA;NA;NA;NA;NA;NA;NA
60;1.0;1.0;0.018753966316580772;1.0;0.017482373863458633;1.0;1.0;0.016210783272981644;1.0;NA;NA;NA;NA;NA;NA;NA;NA;NA
61;1.0;1.0;0.017591077834367752;1.0;0.016678743064403534;1.0;1.0;0.015766408294439316;1.0;NA;NA;NA;NA;NA;NA;NA;NA;NA
62;1.0;1.0;0.016391273587942123;1.0;0.01588401570916176;1.0;1.0;0.015376756899058819;1.0;NA;NA;NA;NA;NA;NA;NA;NA;NA
63;1.0;1.0;0.015128149650990963;1.0;0.014864496886730194;1.0;1.0;0.014600845053792;1.0;NA;NA;NA;NA;NA;NA;NA;NA;NA
64;1.0;1.0;0.01452422235161066;1.0;0.014537185430526733;1.0;1.0;0.014550147578120232;1.0;NA;NA;NA;NA;NA;NA;NA;NA;NA
65;1.0;1.0;0.014266428537666798;1.0;0.014271956868469715;1.0;1.0;0.014277485199272633;1.0;NA;NA;NA;NA;NA;NA;NA;NA;NA
66;1.0;1.0;0.01322424877434969;1.0;0.013564039021730423;1.0;1.0;0.013903829269111156;1.0;NA;NA;NA;NA;NA;NA;NA;NA;NA
67;1.0;1.0;0.013167865574359894;1.0;0.013667607679963112;1.0;1.0;0.014167348854243755;1.0;NA;NA;NA;NA;NA;NA;NA;NA;NA
68;1.0;1.0;0.012584702111780643;1.0;0.013203185051679611;1.0;1.0;0.013821667991578579;1.0;NA;NA;NA;NA;NA;NA;NA;NA;NA
69;1.0;1.0;0.012333795428276062;1.0;0.012927721254527569;1.0;1.0;0.013521647080779076;1.0;NA;NA;NA;NA;NA;NA;NA;NA;NA
70;1.0;1.0;0.012558244168758392;1.0;0.013263443484902382;1.0;1.0;0.013968641869723797;1.0;NA;NA;NA;NA;NA;NA;NA;NA;NA
71;1.0;1.0;0.012685982510447502;1.0;0.013450395315885544;1.0;1.0;0.014214807190001011;1.0;NA;NA;NA;NA;NA;NA;NA;NA;NA
72;1.0;1.0;0.012483237311244011;1.0;0.013297585770487785;1.0;1.0;0.014111935161054134;1.0;NA;NA;NA;NA;NA;NA;NA;NA;NA
73;1.0;1.0;0.01213023904711008;1.0;0.013052226044237614;1.0;1.0;0.013974213041365147;1.0;NA;NA;NA;NA;NA;NA;NA;NA;NA
74;1.0;1.0;0.012314969673752785;1.0;0.012955103069543839;1.0;1.0;0.013595236465334892;1.0;NA;NA;NA;NA;NA;NA;NA;NA;NA
75;1.0;1.0;0.012236611917614937;1.0;0.013072864152491093;1.0;1.0;0.013909116387367249;1.0;NA;NA;NA;NA;NA;NA;NA;NA;NA
76;1.0;1.0;0.012060554698109627;1.0;0.01283677015453577;1.0;1.0;0.013612985610961914;1.0;NA;NA;NA;NA;NA;NA;NA;NA;NA
77;1.0;1.0;0.01200282946228981;1.0;0.012796986848115921;1.0;1.0;0.013591144233942032;1.0;NA;NA;NA;NA;NA;NA;NA;NA;NA
78;1.0;1.0;0.012108087539672852;1.0;0.013137980364263058;1.0;1.0;0.014167873188853264;1.0;NA;NA;NA;NA;NA;NA;NA;NA;NA
79;1.0;1.0;0.012095062993466854;1.0;0.01289914920926094;1.0;1.0;0.013703236356377602;1.0;NA;NA;NA;NA;NA;NA;NA;NA;NA
80;1.0;1.0;0.012034192681312561;1.0;0.012826683931052685;1.0;1.0;0.013619175180792809;1.0;NA;NA;NA;NA;NA;NA;NA;NA;NA
81;1.0;1.0;0.012057649902999401;1.0;0.012905392795801163;1.0;1.0;0.013753136619925499;1.0;NA;NA;NA;NA;NA;NA;NA;NA;NA
82;1.0;1.0;0.0118333725258708;1.0;0.012627295218408108;1.0;1.0;0.013421217910945415;1.0;NA;NA;NA;NA;NA;NA;NA;NA;NA
83;1.0;1.0;0.012195127084851265;1.0;0.01308801956474781;1.0;1.0;0.013980912044644356;1.0;NA;NA;NA;NA;NA;NA;NA;NA;NA
84;1.0;1.0;0.01185245905071497;1.0;0.012586809694766998;1.0;1.0;0.013321161270141602;1.0;NA;NA;NA;NA;NA;NA;NA;NA;NA
85;1.0;1.0;0.011922557838261127;1.0;0.012735642492771149;1.0;1.0;0.01354872714728117;1.0;NA;NA;NA;NA;NA;NA;NA;NA;NA
86;1.0;1.0;0.012080114334821701;1.0;0.012923606671392918;1.0;1.0;0.013767099007964134;1.0;NA;NA;NA;NA;NA;NA;NA;NA;NA
87;1.0;1.0;0.011944454163312912;1.0;0.012814022600650787;1.0;1.0;0.013683590106666088;1.0;NA;NA;NA;NA;NA;NA;NA;NA;NA
88;1.0;1.0;0.012246627360582352;1.0;0.0131766889244318;1.0;1.0;0.014106751419603825;1.0;NA;NA;NA;NA;NA;NA;NA;NA;NA
89;1.0;1.0;0.012077904306352139;1.0;0.012866610661149025;1.0;1.0;0.013655316084623337;1.0;NA;NA;NA;NA;NA;NA;NA;NA;NA
90;1.0;1.0;0.01176836621016264;1.0;0.012657071463763714;1.0;1.0;0.013545776717364788;1.0;NA;NA;NA;NA;NA;NA;NA;NA;NA
91;1.0;1.0;0.011920126155018806;1.0;0.012761702761054039;1.0;1.0;0.013603280298411846;1.0;NA;NA;NA;NA;NA;NA;NA;NA;NA
92;1.0;1.0;0.011651521548628807;1.0;0.012566065415740013;1.0;1.0;0.013480610214173794;1.0;NA;NA;NA;NA;NA;NA;NA;NA;NA
93;1.0;1.0;0.01170305535197258;1.0;0.012644035741686821;1.0;1.0;0.013585016131401062;1.0;NA;NA;NA;NA;NA;NA;NA;NA;NA
94;1.0;1.0;0.011816414073109627;1.0;0.012673776596784592;1.0;1.0;0.013531138189136982;1.0;NA;NA;NA;NA;NA;NA;NA;NA;NA
95;1.0;1.0;0.011721888557076454;1.0;0.012693202123045921;1.0;1.0;0.013664515689015388;1.0;NA;NA;NA;NA;NA;NA;NA;NA;NA
96;1.0;1.0;0.011874291114509106;1.0;0.012766574509441853;1.0;1.0;0.0136588579043746;1.0;NA;NA;NA;NA;NA;NA;NA;NA;NA
97;1.0;1.0;0.011940676718950272;1.0;0.012663764879107475;1.0;1.0;0.013386853039264679;1.0;NA;NA;NA;NA;NA;NA;NA;NA;NA
98;1.0;1.0;0.011896141804754734;1.0;0.012848149985074997;1.0;1.0;0.013800157234072685;1.0;NA;NA;NA;NA;NA;NA;NA;NA;NA
99;1.0;1.0;0.011913419701159;1.0;0.012753061950206757;1.0;1.0;0.013592704199254513;1.0;NA;NA;NA;NA;NA;NA;NA;NA;NA
100;1.0;1.0;0.01206948608160019;1.0;0.012934005819261074;1.0;1.0;0.013798525556921959;1.0;NA;NA;NA;NA;NA;NA;NA;NA;NA
101;1.0;1.0;0.012031695805490017;1.0;0.012957558035850525;1.0;1.0;0.013883419334888458;1.0;NA;NA;NA;NA;NA;NA;NA;NA;NA
102;1.0;1.0;0.011832027696073055;1.0;0.012838225811719894;1.0;1.0;0.013844424858689308;1.0;NA;NA;NA;NA;NA;NA;NA;NA;NA
103;1.0;1.0;0.012031317688524723;1.0;0.012932376936078072;1.0;1.0;0.013833435252308846;1.0;NA;NA;NA;NA;NA;NA;NA;NA;NA
104;1.0;1.0;0.01228247582912445;1.0;0.013110863976180553;1.0;1.0;0.013939252123236656;1.0;NA;NA;NA;NA;NA;NA;NA;NA;NA
105;1.0;1.0;0.011815184727311134;1.0;0.012707214802503586;1.0;1.0;0.013599243946373463;1.0;NA;NA;NA;NA;NA;NA;NA;NA;NA
106;1.0;1.0;0.012150482274591923;1.0;0.013096490874886513;1.0;1.0;0.014042499475181103;1.0;NA;NA;NA;NA;NA;NA;NA;NA;NA
107;1.0;1.0;0.011892617680132389;1.0;0.012904606759548187;1.0;1.0;0.01391659490764141;1.0;NA;NA;NA;NA;NA;NA;NA;NA;NA
108;1.0;1.0;0.011905170977115631;1.0;0.012774262577295303;1.0;1.0;0.013643353246152401;1.0;NA;NA;NA;NA;NA;NA;NA;NA;NA
109;1.0;1.0;0.011464046314358711;1.0;0.012354657053947449;1.0;1.0;0.01324526872485876;1.0;NA;NA;NA;NA;NA;NA;NA;NA;NA
110;1.0;1.0;0.012107270769774914;1.0;0.013000460341572762;1.0;1.0;0.013893650844693184;1.0;NA;NA;NA;NA;NA;NA;NA;NA;NA
111;1.0;1.0;0.012170706875622272;1.0;0.012933950871229172;1.0;1.0;0.013697195798158646;1.0;NA;NA;NA;NA;NA;NA;NA;NA;NA
112;1.0;1.0;0.011954229325056076;1.0;0.012845235876739025;1.0;1.0;0.013736242428421974;1.0;NA;NA;NA;NA;NA;NA;NA;NA;NA
113;1.0;1.0;0.011901013553142548;1.0;0.01261949073523283;1.0;1.0;0.013337967917323112;1.0;NA;NA;NA;NA;NA;NA;NA;NA;NA
114;1.0;1.0;0.012072700075805187;1.0;0.013099503703415394;1.0;1.0;0.0141263073310256;1.0;NA;NA;NA;NA;NA;NA;NA;NA;NA
115;1.0;1.0;0.012316367588937283;1.0;0.013090633787214756;1.0;1.0;0.01386489998549223;1.0;NA;NA;NA;NA;NA;NA;NA;NA;NA
116;1.0;1.0;0.01190316490828991;1.0;0.01280665397644043;1.0;1.0;0.013710142113268375;1.0;NA;NA;NA;NA;NA;NA;NA;NA;NA
117;1.0;1.0;0.011956854723393917;1.0;0.01283581368625164;1.0;1.0;0.013714771717786789;1.0;NA;NA;NA;NA;NA;NA;NA;NA;NA
118;1.0;1.0;0.012241743505001068;1.0;0.013120866380631924;1.0;1.0;0.01399998925626278;1.0;NA;NA;NA;NA;NA;NA;NA;NA;NA
119;1.0;1.0;0.01207065861672163;1.0;0.012911959551274776;1.0;1.0;0.013753260485827923;1.0;NA;NA;NA;NA;NA;NA;NA;NA;NA
0;0.3088512122631073;1.0;0.7361303567886353;0.5993408560752869;0.716706395149231;0.4265536665916443;1.0;0.6972824931144714;0.6774953007698059;NA;NA;NA;NA;NA;NA;NA;NA;NA
1;0.3465160131454468;1.0;0.7336490154266357;0.619899570941925;0.7047309875488281;0.5489642024040222;1.0;0.6758130192756653;0.7457626461982727;NA;NA;NA;NA;NA;NA;NA;NA;NA
2;0.3361581861972809;1.0;0.7363036870956421;0.617545485496521;0.6889368295669556;0.6854990720748901;1.0;0.641569972038269;0.8239170908927917;NA;NA;NA;NA;NA;NA;NA;NA;NA
3;0.3361581861972809;1.0;0.7345621585845947;0.6128373742103577;0.6664414405822754;0.7815442681312561;1.0;0.5983207821846008;0.8744505643844604;NA;NA;NA;NA;NA;NA;NA;NA;NA
4;0.34274953603744507;1.0;0.727599024772644;0.6191148161888123;0.649436354637146;0.7984933853149414;1.0;0.571273684501648;0.8837099075317383;NA;NA;NA;NA;NA;NA;NA;NA;NA
5;0.3201506733894348;1.0;0.7387005686759949;0.6026365160942078;0.6553859710693359;0.7815442681312561;1.0;0.5720714330673218;0.8719395995140076;NA;NA;NA;NA;NA;NA;NA;NA;NA
6;0.33804142475128174;1.0;0.73317950963974;0.6162900328636169;0.652000904083252;0.7843691110610962;1.0;0.5708223581314087;0.8758631348609924;NA;NA;NA;NA;NA;NA;NA;NA;NA
7;0.32862523198127747;1.0;0.7396644949913025;0.6062459945678711;0.6577840447425842;0.7749529480934143;1.0;0.575903594493866;0.8683300614356995;NA;NA;NA;NA;NA;NA;NA;NA;NA
8;0.31826743483543396;1.0;0.7357261776924133;0.6056182384490967;0.654121994972229;0.7768361568450928;1.0;0.5725178122520447;0.8703702092170715;NA;NA;NA;NA;NA;NA;NA;NA;NA
9;0.33427494764328003;1.0;0.7349505424499512;0.6120527386665344;0.6533724069595337;0.7806026339530945;1.0;0.5717942714691162;0.8711549043655396;NA;NA;NA;NA;NA;NA;NA;NA;NA
10;0.36252352595329285;1.0;0.729705274105072;0.6274324655532837;0.6504802703857422;0.7768361568450928;1.0;0.5712552666664124;0.8686438798904419;NA;NA;NA;NA;NA;NA;NA;NA;NA
11;0.33521658182144165;1.0;0.7318708896636963;0.61142498254776;0.6497007012367249;0.790960431098938;1.0;0.5675305128097534;0.8777462840080261;NA;NA;NA;NA;NA;NA;NA;NA;NA
12;0.32862523198127747;1.0;0.7332682013511658;0.6095417737960815;0.6513803005218506;0.790960431098938;1.0;0.5694923996925354;0.8799433708190918;NA;NA;NA;NA;NA;NA;NA;NA;NA
13;0.3436911404132843;1.0;0.7341226935386658;0.6169176697731018;0.6535020470619202;0.7806026339530945;1.0;0.5728814005851746;0.8730381727218628;NA;NA;NA;NA;NA;NA;NA;NA;NA
14;0.35499057173728943;1.0;0.726726770401001;0.6255492568016052;0.6463900804519653;0.7843691110610962;1.0;0.5660533905029297;0.8727243542671204;NA;NA;NA;NA;NA;NA;NA;NA;NA
15;0.35875704884529114;1.0;0.7232744097709656;0.625706136226654;0.6415006518363953;0.7928436994552612;1.0;0.559726893901825;0.880257248878479;NA;NA;NA;NA;NA;NA;NA;NA;NA
16;0.39077213406562805;1.0;0.7010864615440369;0.6501883268356323;0.6230125427246094;0.8116760849952698;1.0;0.5449385643005371;0.8904582262039185;NA;NA;NA;NA;NA;NA;NA;NA;NA
17;0.3879472613334656;1.0;0.7068178653717041;0.65160071849823;0.6284397840499878;0.7937853336334229;1.0;0.5500617027282715;0.8830821514129639;NA;NA;NA;NA;NA;NA;NA;NA;NA
18;0.41713747382164;1.0;0.6991919279098511;0.666195809841156;0.6196399927139282;0.8079096078872681;1.0;0.5400879979133606;0.8903012275695801;NA;NA;NA;NA;NA;NA;NA;NA;NA
19;0.39830508828163147;1.0;0.6974549889564514;0.6553671956062317;0.6192425489425659;0.8116760849952698;1.0;0.5410300493240356;0.892812192440033;NA;NA;NA;NA;NA;NA;NA;NA;NA
20;0.4265536665916443;1.0;0.6869062185287476;0.6726301908493042;0.6118897199630737;0.7919020652770996;1.0;0.5368732213973999;0.8804141879081726;NA;NA;NA;NA;NA;NA;NA;NA;NA
21;0.42937853932380676;1.0;0.6880934834480286;0.6743565201759338;0.6092400550842285;0.8135592937469482;1.0;0.5303866267204285;0.8940677642822266;NA;NA;NA;NA;NA;NA;NA;NA;NA
22;0.478342741727829;1.0;0.6642909646034241;0.7037037014961243;0.5882571935653687;0.8305084705352783;1.0;0.5122233629226685;0.9039546847343445;NA;NA;NA;NA;NA;NA;NA;NA;NA
23;0.5197740197181702;1.0;0.6541185975074768;0.7277149558067322;0.5775479078292847;0.8493408560752869;1.0;0.5009772777557373;0.9150972366333008;NA;NA;NA;NA;NA;NA;NA;NA;NA
24;0.5414312481880188;1.0;0.6379565596580505;0.743565559387207;0.5645778775215149;0.8446327447891235;1.0;0.49119922518730164;0.9136847853660583;NA;NA;NA;NA;NA;NA;NA;NA;NA
25;0.5659133791923523;1.0;0.6283868551254272;0.7576898336410522;0.5549488663673401;0.8634651303291321;1.0;0.48151087760925293;0.9229440689086914;NA;NA;NA;NA;NA;NA;NA;NA;NA
26;0.5951035618782043;1.0;0.6073086261749268;0.776365339756012;0.5354546904563904;0.8738229870796204;1.0;0.463600754737854;0.9304770231246948;NA;NA;NA;NA;NA;NA;NA;NA;NA
27;0.6073446273803711;1.0;0.5957437753677368;0.7846829891204834;0.5221859812736511;0.8917137384414673;1.0;0.4486282169818878;0.9408348798751831;NA;NA;NA;NA;NA;NA;NA;NA;NA
28;0.6553672552108765;1.0;0.5772224068641663;0.8110482692718506;0.5049456357955933;0.9030131697654724;1.0;0.4326688051223755;0.9474261999130249;NA;NA;NA;NA;NA;NA;NA;NA;NA
29;0.7052730917930603;1.0;0.5618810057640076;0.8383552432060242;0.490950345993042;0.9246704578399658;1.0;0.4200196862220764;0.95872563123703;NA;NA;NA;NA;NA;NA;NA;NA;NA
30;0.743879497051239;1.0;0.5337685346603394;0.8603264093399048;0.46608787775039673;0.9265536665916443;1.0;0.3984072506427765;0.9604519605636597;NA;NA;NA;NA;NA;NA;NA;NA;NA
31;0.7937853336334229;1.0;0.5049350261688232;0.8892027139663696;0.43993109464645386;0.9463276863098145;1.0;0.37492719292640686;0.9709666967391968;NA;NA;NA;NA;NA;NA;NA;NA;NA
32;0.8474576473236084;1.0;0.47628623247146606;0.9193345904350281;0.414309561252594;0.9548022747039795;1.0;0.35233286023139954;0.9764595031738281;NA;NA;NA;NA;NA;NA;NA;NA;NA
33;0.8634651303291321;1.0;0.45655331015586853;0.9265536665916443;0.39415639638900757;0.9689265489578247;1.0;0.331759512424469;0.9833646416664124;NA;NA;NA;NA;NA;NA;NA;NA;NA
34;0.903954803943634;1.0;0.42418548464775085;0.9480540156364441;0.365534245967865;0.973634660243988;1.0;0.30688297748565674;0.9860326051712036;NA;NA;NA;NA;NA;NA;NA;NA;NA
35;0.9209039807319641;1.0;0.4071263372898102;0.9579409956932068;0.34987568855285645;0.9839924573898315;1.0;0.2926250100135803;0.9916823506355286;NA;NA;NA;NA;NA;NA;NA;NA;NA
36;0.9500941634178162;1.0;0.37260138988494873;0.9739485383033752;0.31564775109291077;0.9905837774276733;1.0;0.2586941123008728;0.9951348900794983;NA;NA;NA;NA;NA;NA;NA;NA;NA
37;0.9538606405258179;1.0;0.3485071063041687;0.9755178689956665;0.2951275706291199;0.9868173003196716;1.0;0.24174803495407104;0.9930947422981262;NA;NA;NA;NA;NA;NA;NA;NA;NA
38;0.973634660243988;1.0;0.31655412912368774;0.9865034222602844;0.26706358790397644;0.9971751570701599;1.0;0.21757303178310394;0.9985875487327576;NA;NA;NA;NA;NA;NA;NA;NA;NA
39;0.9849340915679932;1.0;0.28921258449554443;0.9923100471496582;0.24122372269630432;0.9981167316436768;1.0;0.19323484599590302;0.9990583658218384;NA;NA;NA;NA;NA;NA;NA;NA;NA
40;0.991525411605835;1.0;0.25554147362709045;0.9956057071685791;0.21252714097499847;0.9990583658218384;1.0;0.1695128083229065;0.9995291829109192;NA;NA;NA;NA;NA;NA;NA;NA;NA
41;0.9934086799621582;1.0;0.23452292382717133;0.9967043399810791;0.19267594814300537;0.9990583658218384;1.0;0.15082895755767822;0.9995291829109192;NA;NA;NA;NA;NA;NA;NA;NA;NA
42;1.0;1.0;0.20576992630958557;1.0;0.16869036853313446;1.0;1.0;0.13161081075668335;1.0;NA;NA;NA;NA;NA;NA;NA;NA;NA
43;0.9962335228919983;1.0;0.18785828351974487;0.9981167316436768;0.1527300626039505;1.0;1.0;0.11760184913873672;1.0;NA;NA;NA;NA;NA;NA;NA;NA;NA
44;0.9981167316436768;1.0;0.16674843430519104;0.9990583658218384;0.1342332661151886;1.0;1.0;0.10171809792518616;1.0;NA;NA;NA;NA;NA;NA;NA;NA;NA
45;0.9971751570701599;1.0;0.1480734795331955;0.9984305500984192;0.11831557750701904;0.9990583658218384;1.0;0.08855767548084259;0.9995291829109192;NA;NA;NA;NA;NA;NA;NA;NA;NA
46;0.9990583658218384;1.0;0.13029366731643677;0.9995291829109192;0.10254734754562378;1.0;1.0;0.07480103522539139;1.0;NA;NA;NA;NA;NA;NA;NA;NA;NA
47;1.0;1.0;0.11065126955509186;1.0;0.08661861717700958;1.0;1.0;0.06258596479892731;1.0;NA;NA;NA;NA;NA;NA;NA;NA;NA
48;1.0;1.0;0.09750799089670181;1.0;0.07618023455142975;1.0;1.0;0.05485247075557709;1.0;NA;NA;NA;NA;NA;NA;NA;NA;NA
49;1.0;1.0;0.08386963605880737;1.0;0.06543214619159698;1.0;1.0;0.0469946525990963;1.0;NA;NA;NA;NA;NA;NA;NA;NA;NA
50;1.0;1.0;0.07183218747377396;1.0;0.056266266852617264;1.0;1.0;0.04070034623146057;1.0;NA;NA;NA;NA;NA;NA;NA;NA;NA
51;1.0;1.0;0.06177704781293869;1.0;0.048815418034791946;1.0;1.0;0.0358537882566452;1.0;NA;NA;NA;NA;NA;NA;NA;NA;NA
52;1.0;1.0;0.05351657792925835;1.0;0.042191099375486374;1.0;1.0;0.0308656208217144;1.0;NA;NA;NA;NA;NA;NA;NA;NA;NA
53;1.0;1.0;0.04594092816114426;1.0;0.03659938648343086;1.0;1.0;0.02725784294307232;1.0;NA;NA;NA;NA;NA;NA;NA;NA;NA
54;1.0;1.0;0.04039663448929787;1.0;0.032591577619314194;1.0;1.0;0.02478652074933052;1.0;NA;NA;NA;NA;NA;NA;NA;NA;NA
55;1.0;1.0;0.035361915826797485;1.0;0.028878135606646538;1.0;1.0;0.02239435538649559;1.0;NA;NA;NA;NA;NA;NA;NA;NA;NA
56;1.0;1.0;0.030276257544755936;1.0;0.025055523961782455;1.0;1.0;0.019834792241454124;1.0;NA;NA;NA;NA;NA;NA;NA;NA;NA
57;1.0;1.0;0.026955999433994293;1.0;0.023041099309921265;1.0;1.0;0.019126199185848236;1.0;NA;NA;NA;NA;NA;NA;NA;NA;NA
58;1.0;1.0;0.024131590500473976;1.0;0.021208826452493668;1.0;1.0;0.01828606240451336;1.0;NA;NA;NA;NA;NA;NA;NA;NA;NA
59;1.0;1.0;0.02114754356443882;1.0;0.01893581822514534;1.0;1.0;0.01672409474849701;1.0;NA;NA;NA;NA;NA;NA;NA;NA;NA
60;1.0;1.0;0.019266672432422638;1.0;0.017746293917298317;1.0;1.0;0.016225915402173996;1.0;NA;NA;NA;NA;NA;NA;NA;NA;NA
61;1.0;1.0;0.018436478450894356;1.0;0.01707199588418007;1.0;1.0;0.015707511454820633;1.0;NA;NA;NA;NA;NA;NA;NA;NA;NA
62;1.0;1.0;0.016814429312944412;1.0;0.01604638434946537;1.0;1.0;0.015278340317308903;1.0;NA;NA;NA;NA;NA;NA;NA;NA;NA
63;1.0;1.0;0.015705205500125885;1.0;0.015335368923842907;1.0;1.0;0.01496553048491478;1.0;NA;NA;NA;NA;NA;NA;NA;NA;NA
64;1.0;1.0;0.014955318532884121;1.0;0.014931205660104752;1.0;1.0;0.014907092787325382;1.0;NA;NA;NA;NA;NA;NA;NA;NA;NA
65;1.0;1.0;0.013758276589214802;1.0;0.013909487053751945;1.0;1.0;0.014060698449611664;1.0;NA;NA;NA;NA;NA;NA;NA;NA;NA
66;1.0;1.0;0.013342508114874363;1.0;0.013761407695710659;1.0;1.0;0.014180307276546955;1.0;NA;NA;NA;NA;NA;NA;NA;NA;NA
67;1.0;1.0;0.01312223356217146;1.0;0.013658777810633183;1.0;1.0;0.014195322059094906;1.0;NA;NA;NA;NA;NA;NA;NA;NA;NA
68;1.0;1.0;0.012975017540156841;1.0;0.013612950220704079;1.0;1.0;0.014250881969928741;1.0;NA;NA;NA;NA;NA;NA;NA;NA;NA
69;1.0;1.0;0.012778005562722683;1.0;0.013454667292535305;1.0;1.0;0.014131329022347927;1.0;NA;NA;NA;NA;NA;NA;NA;NA;NA
70;1.0;1.0;0.01223438698798418;1.0;0.012986102141439915;1.0;1.0;0.013737817294895649;1.0;NA;NA;NA;NA;NA;NA;NA;NA;NA
71;1.0;1.0;0.012312070466578007;1.0;0.013144081458449364;1.0;1.0;0.01397609245032072;1.0;NA;NA;NA;NA;NA;NA;NA;NA;NA
72;1.0;1.0;0.012133079580962658;1.0;0.012971344403922558;1.0;1.0;0.013809609226882458;1.0;NA;NA;NA;NA;NA;NA;NA;NA;NA
73;1.0;1.0;0.012277130037546158;1.0;0.013110799714922905;1.0;1.0;0.013944470323622227;1.0;NA;NA;NA;NA;NA;NA;NA;NA;NA
74;1.0;1.0;0.01203886978328228;1.0;0.01296924613416195;1.0;1.0;0.013899622485041618;1.0;NA;NA;NA;NA;NA;NA;NA;NA;NA
75;1.0;1.0;0.012276723980903625;1.0;0.013120332732796669;1.0;1.0;0.013963940553367138;1.0;NA;NA;NA;NA;NA;NA;NA;NA;NA
76;1.0;1.0;0.011952490545809269;1.0;0.012878736481070518;1.0;1.0;0.013804982416331768;1.0;NA;NA;NA;NA;NA;NA;NA;NA;NA
77;1.0;1.0;0.011594781652092934;1.0;0.012431149370968342;1.0;1.0;0.01326751708984375;1.0;NA;NA;NA;NA;NA;NA;NA;NA;NA
78;1.0;1.0;0.011923328042030334;1.0;0.012870551086962223;1.0;1.0;0.013817774131894112;1.0;NA;NA;NA;NA;NA;NA;NA;NA;NA
79;1.0;1.0;0.012020240537822247;1.0;0.01281103864312172;1.0;1.0;0.013601835817098618;1.0;NA;NA;NA;NA;NA;NA;NA;NA;NA
80;1.0;1.0;0.012056532315909863;1.0;0.012942105531692505;1.0;1.0;0.013827678747475147;1.0;NA;NA;NA;NA;NA;NA;NA;NA;NA
81;1.0;1.0;0.011949511244893074;1.0;0.01281771995127201;1.0;1.0;0.013685928657650948;1.0;NA;NA;NA;NA;NA;NA;NA;NA;NA
82;1.0;1.0;0.01200582180172205;1.0;0.012867665849626064;1.0;1.0;0.013729509897530079;1.0;NA;NA;NA;NA;NA;NA;NA;NA;NA
83;1.0;1.0;0.011879172176122665;1.0;0.012731600552797318;1.0;1.0;0.013584029860794544;1.0;NA;NA;NA;NA;NA;NA;NA;NA;NA
84;1.0;1.0;0.011778234504163265;1.0;0.012706169858574867;1.0;1.0;0.01363410521298647;1.0;NA;NA;NA;NA;NA;NA;NA;NA;NA
85;1.0;1.0;0.012270327657461166;1.0;0.013054804876446724;1.0;1.0;0.013839282095432281;1.0;NA;NA;NA;NA;NA;NA;NA;NA;NA
86;1.0;1.0;0.011900748126208782;1.0;0.012850863859057426;1.0;1.0;0.01380097959190607;1.0;NA;NA;NA;NA;NA;NA;NA;NA;NA
87;1.0;1.0;0.011828040704131126;1.0;0.012876322492957115;1.0;1.0;0.013924604281783104;1.0;NA;NA;NA;NA;NA;NA;NA;NA;NA
88;1.0;1.0;0.012135332450270653;1.0;0.012948067858815193;1.0;1.0;0.013760804198682308;1.0;NA;NA;NA;NA;NA;NA;NA;NA;NA
89;1.0;1.0;0.01219557598233223;1.0;0.012929381802678108;1.0;1.0;0.013663186691701412;1.0;NA;NA;NA;NA;NA;NA;NA;NA;NA
90;1.0;1.0;0.012014954350888729;1.0;0.012901072390377522;1.0;1.0;0.013787190429866314;1.0;NA;NA;NA;NA;NA;NA;NA;NA;NA
91;1.0;1.0;0.011892486363649368;1.0;0.012682663276791573;1.0;1.0;0.013472839258611202;1.0;NA;NA;NA;NA;NA;NA;NA;NA;NA
92;1.0;1.0;0.011933227069675922;1.0;0.012736544013023376;1.0;1.0;0.013539861887693405;1.0;NA;NA;NA;NA;NA;NA;NA;NA;NA
93;1.0;1.0;0.012116123922169209;1.0;0.012968506664037704;1.0;1.0;0.0138208894059062;1.0;NA;NA;NA;NA;NA;NA;NA;NA;NA
94;1.0;1.0;0.012006687000393867;1.0;0.012938854284584522;1.0;1.0;0.013871021568775177;1.0;NA;NA;NA;NA;NA;NA;NA;NA;NA
95;1.0;1.0;0.012111393734812737;1.0;0.012951322831213474;1.0;1.0;0.013791251927614212;1.0;NA;NA;NA;NA;NA;NA;NA;NA;NA
96;1.0;1.0;0.0120630394667387;1.0;0.012911420315504074;1.0;1.0;0.013759801164269447;1.0;NA;NA;NA;NA;NA;NA;NA;NA;NA
97;1.0;1.0;0.012025867588818073;1.0;0.01303708367049694;1.0;1.0;0.014048299752175808;1.0;NA;NA;NA;NA;NA;NA;NA;NA;NA
98;1.0;1.0;0.012105042114853859;1.0;0.012922806665301323;1.0;1.0;0.013740571215748787;1.0;NA;NA;NA;NA;NA;NA;NA;NA;NA
99;1.0;1.0;0.0116405775770545;1.0;0.01246262714266777;1.0;1.0;0.01328467670828104;1.0;NA;NA;NA;NA;NA;NA;NA;NA;NA
100;1.0;1.0;0.012166421860456467;1.0;0.013048078864812851;1.0;1.0;0.01392973680049181;1.0;NA;NA;NA;NA;NA;NA;NA;NA;NA
101;1.0;1.0;0.011932778172194958;1.0;0.012814346700906754;1.0;1.0;0.01369591522961855;1.0;NA;NA;NA;NA;NA;NA;NA;NA;NA
102;1.0;1.0;0.012073487043380737;1.0;0.013028625398874283;1.0;1.0;0.013983764685690403;1.0;NA;NA;NA;NA;NA;NA;NA;NA;NA
103;1.0;1.0;0.011944446712732315;1.0;0.012820014730095863;1.0;1.0;0.013695582747459412;1.0;NA;NA;NA;NA;NA;NA;NA;NA;NA
104;1.0;1.0;0.011877160519361496;1.0;0.01266020443290472;1.0;1.0;0.013443248346447945;1.0;NA;NA;NA;NA;NA;NA;NA;NA;NA
105;1.0;1.0;0.011802266351878643;1.0;0.01268843375146389;1.0;1.0;0.013574600219726562;1.0;NA;NA;NA;NA;NA;NA;NA;NA;NA
106;1.0;1.0;0.012112472206354141;1.0;0.012926453724503517;1.0;1.0;0.013740436173975468;1.0;NA;NA;NA;NA;NA;NA;NA;NA;NA
107;1.0;1.0;0.012031476944684982;1.0;0.012874000705778599;1.0;1.0;0.013716524466872215;1.0;NA;NA;NA;NA;NA;NA;NA;NA;NA
108;1.0;1.0;0.011864482425153255;1.0;0.012826606631278992;1.0;1.0;0.013788731768727303;1.0;NA;NA;NA;NA;NA;NA;NA;NA;NA
109;1.0;1.0;0.011981393210589886;1.0;0.01288445945829153;1.0;1.0;0.013787525705993176;1.0;NA;NA;NA;NA;NA;NA;NA;NA;NA
110;1.0;1.0;0.012387328781187534;1.0;0.013165261596441269;1.0;1.0;0.013943195343017578;1.0;NA;NA;NA;NA;NA;NA;NA;NA;NA
111;1.0;1.0;0.011586189270019531;1.0;0.012551980093121529;1.0;1.0;0.0135177718475461;1.0;NA;NA;NA;NA;NA;NA;NA;NA;NA
112;1.0;1.0;0.012134082615375519;1.0;0.012966087087988853;1.0;1.0;0.013798091560602188;1.0;NA;NA;NA;NA;NA;NA;NA;NA;NA
113;1.0;1.0;0.012270474806427956;1.0;0.013072259724140167;1.0;1.0;0.013874043710529804;1.0;NA;NA;NA;NA;NA;NA;NA;NA;NA
114;1.0;1.0;0.011919901706278324;1.0;0.012716446071863174;1.0;1.0;0.0135129913687706;1.0;NA;NA;NA;NA;NA;NA;NA;NA;NA
115;1.0;1.0;0.01203092746436596;1.0;0.012784097343683243;1.0;1.0;0.013537268154323101;1.0;NA;NA;NA;NA;NA;NA;NA;NA;NA
116;1.0;1.0;0.012016798369586468;1.0;0.012802213430404663;1.0;1.0;0.013587627559900284;1.0;NA;NA;NA;NA;NA;NA;NA;NA;NA
117;1.0;1.0;0.012008367106318474;1.0;0.01286916434764862;1.0;1.0;0.013729961588978767;1.0;NA;NA;NA;NA;NA;NA;NA;NA;NA
118;1.0;1.0;0.012182069011032581;1.0;0.013111526146531105;1.0;1.0;0.014040982350707054;1.0;NA;NA;NA;NA;NA;NA;NA;NA;NA
119;1.0;1.0;0.012001368217170238;1.0;0.012813719920814037;1.0;1.0;0.013626071624457836;1.0;NA;NA;NA;NA;NA;NA;NA;NA;NA
0;0.3531073331832886;1.0;0.7372305393218994;0.6205272674560547;0.7182658910751343;0.45668551325798035;1.0;0.6993013024330139;0.6916195154190063;NA;NA;NA;NA;NA;NA;NA;NA;NA
1;0.32485875487327576;1.0;0.7402201294898987;0.6043629050254822;0.7103894352912903;0.5546139478683472;1.0;0.6805587410926819;0.7467042207717896;NA;NA;NA;NA;NA;NA;NA;NA;NA
2;0.3578154444694519;1.0;0.7302350401878357;0.6242938041687012;0.6817647218704224;0.6986817121505737;1.0;0.6332943439483643;0.8283112645149231;NA;NA;NA;NA;NA;NA;NA;NA;NA
3;0.3465160131454468;1.0;0.7336387038230896;0.6180163025856018;0.6649203300476074;0.7871939539909363;1.0;0.59620201587677;0.8758630752563477;NA;NA;NA;NA;NA;NA;NA;NA;NA
4;0.3370998203754425;1.0;0.7318561673164368;0.6109541654586792;0.6532506942749023;0.7900188565254211;1.0;0.5746452808380127;0.8775893449783325;NA;NA;NA;NA;NA;NA;NA;NA;NA
5;0.3615819215774536;1.0;0.7259098291397095;0.6268047094345093;0.643765926361084;0.799435019493103;1.0;0.5616220235824585;0.8826112747192383;NA;NA;NA;NA;NA;NA;NA;NA;NA
6;0.3295668661594391;1.0;0.7375823855400085;0.6076585054397583;0.6562061309814453;0.7758945226669312;1.0;0.5748298764228821;0.8694286346435547;NA;NA;NA;NA;NA;NA;NA;NA;NA
7;0.33427494764328003;1.0;0.7336962223052979;0.6078154444694519;0.6535083055496216;0.770244836807251;1.0;0.5733204483985901;0.8642497062683105;NA;NA;NA;NA;NA;NA;NA;NA;NA
8;0.3258003890514374;1.0;0.7445968985557556;0.6064029335975647;0.6621942520141602;0.7730696797370911;1.0;0.5797916650772095;0.8673884272575378;NA;NA;NA;NA;NA;NA;NA;NA;NA
9;0.3540489673614502;1.0;0.720059871673584;0.6252353191375732;0.6401796340942383;0.7937853336334229;1.0;0.5602994561195374;0.8786879181861877;NA;NA;NA;NA;NA;NA;NA;NA;NA
10;0.33521658182144165;1.0;0.7387400269508362;0.6103264093399048;0.6576355695724487;0.790960431098938;1.0;0.576531171798706;0.8774324059486389;NA;NA;NA;NA;NA;NA;NA;NA;NA
11;0.34274953603744507;1.0;0.7285434007644653;0.618330180644989;0.6459762454032898;0.7966101765632629;1.0;0.5634090900421143;0.8804141879081726;NA;NA;NA;NA;NA;NA;NA;NA;NA
12;0.3615819215774536;1.0;0.7328518033027649;0.6266477704048157;0.6505404710769653;0.790960431098938;1.0;0.568229079246521;0.8775893449783325;NA;NA;NA;NA;NA;NA;NA;NA;NA
13;0.3465160131454468;1.0;0.7336710095405579;0.6209980845451355;0.6526315808296204;0.7947269082069397;1.0;0.5715921521186829;0.879001796245575;NA;NA;NA;NA;NA;NA;NA;NA;NA
14;0.39736345410346985;1.0;0.7166997790336609;0.6498743891716003;0.636443555355072;0.799435019493103;1.0;0.5561873316764832;0.8840237855911255;NA;NA;NA;NA;NA;NA;NA;NA;NA
15;0.39077213406562805;1.0;0.712552547454834;0.6494036316871643;0.6339519619941711;0.8022598624229431;1.0;0.5553513765335083;0.8851222991943359;NA;NA;NA;NA;NA;NA;NA;NA;NA
16;0.3917137384414673;1.0;0.7056352496147156;0.6478342413902283;0.6260643005371094;0.8116760849952698;1.0;0.546493411064148;0.8898304104804993;NA;NA;NA;NA;NA;NA;NA;NA;NA
17;0.3992466926574707;1.0;0.7020823955535889;0.652385413646698;0.6214675307273865;0.8107344508171082;1.0;0.5408526659011841;0.8904582262039185;NA;NA;NA;NA;NA;NA;NA;NA;NA
18;0.37664783000946045;1.0;0.7048316597938538;0.6429692506790161;0.6255717277526855;0.8032014966011047;1.0;0.5463117957115173;0.8866916298866272;NA;NA;NA;NA;NA;NA;NA;NA;NA
19;0.39736345410346985;1.0;0.6947521567344666;0.6544255614280701;0.6161373853683472;0.8079096078872681;1.0;0.5375226140022278;0.8903012871742249;NA;NA;NA;NA;NA;NA;NA;NA;NA
20;0.4416195750236511;1.0;0.6876396536827087;0.6814186573028564;0.6093097925186157;0.8192090392112732;1.0;0.5309798717498779;0.8987758159637451;NA;NA;NA;NA;NA;NA;NA;NA;NA
21;0.44538605213165283;1.0;0.6727473139762878;0.6892655491828918;0.5971577763557434;0.8210923075675964;1.0;0.521568238735199;0.8994036316871643;NA;NA;NA;NA;NA;NA;NA;NA;NA
22;0.4661017060279846;1.0;0.6713658571243286;0.6978970170021057;0.5942176580429077;0.8248587846755981;1.0;0.517069399356842;0.9009729027748108;NA;NA;NA;NA;NA;NA;NA;NA;NA
23;0.49152541160583496;1.0;0.6538267135620117;0.7148461937904358;0.5767210721969604;0.8408662676811218;1.0;0.49961546063423157;0.9118016362190247;NA;NA;NA;NA;NA;NA;NA;NA;NA
24;0.5357815623283386;1.0;0.6388207077980042;0.7393282651901245;0.5636062026023865;0.8568738102912903;1.0;0.4883916974067688;0.9202761054039001;NA;NA;NA;NA;NA;NA;NA;NA;NA
25;0.5602636337280273;1.0;0.6195993423461914;0.7569051384925842;0.546065628528595;0.869114875793457;1.0;0.47253191471099854;0.9285938143730164;NA;NA;NA;NA;NA;NA;NA;NA;NA
26;0.6064029932022095;1.0;0.605800986289978;0.7821719646453857;0.5341490507125854;0.8709981441497803;1.0;0.46249714493751526;0.9276522397994995;NA;NA;NA;NA;NA;NA;NA;NA;NA
27;0.6403013467788696;1.0;0.5871385335922241;0.8000626564025879;0.5147597789764404;0.8964218497276306;1.0;0.44238102436065674;0.9430320262908936;NA;NA;NA;NA;NA;NA;NA;NA;NA
28;0.6911487579345703;1.0;0.5697025656700134;0.8300375938415527;0.4998251795768738;0.9048964381217957;1.0;0.42994773387908936;0.9482108950614929;NA;NA;NA;NA;NA;NA;NA;NA;NA
29;0.6977401375770569;1.0;0.5536770224571228;0.833490252494812;0.4828345775604248;0.9133710265159607;1.0;0.4119921922683716;0.951820433139801;NA;NA;NA;NA;NA;NA;NA;NA;NA
30;0.7589454054832458;1.0;0.5245027542114258;0.8700564503669739;0.45699116587638855;0.9369114637374878;1.0;0.3894795775413513;0.9662585854530334;NA;NA;NA;NA;NA;NA;NA;NA;NA
31;0.8116760849952698;1.0;0.5020999908447266;0.8998743891716003;0.43715551495552063;0.9623352289199829;1.0;0.3722110390663147;0.9803829789161682;NA;NA;NA;NA;NA;NA;NA;NA;NA
32;0.8408662676811218;1.0;0.47239094972610474;0.9155681133270264;0.4092506766319275;0.9482108950614929;1.0;0.34611037373542786;0.9730068445205688;NA;NA;NA;NA;NA;NA;NA;NA;NA
33;0.8709981441497803;1.0;0.4487565755844116;0.9300062656402588;0.38514548540115356;0.9670433402061462;1.0;0.3215343952178955;0.9821092486381531;NA;NA;NA;NA;NA;NA;NA;NA;NA
34;0.8926553726196289;1.0;0.42156288027763367;0.944915235042572;0.36115145683288574;0.9745762944221497;1.0;0.3007400333881378;0.9869742393493652;NA;NA;NA;NA;NA;NA;NA;NA;NA
35;0.930320143699646;1.0;0.3870123624801636;0.9642184376716614;0.32867592573165894;0.9858757257461548;1.0;0.2703394591808319;0.9929378628730774;NA;NA;NA;NA;NA;NA;NA;NA;NA
36;0.9322034120559692;1.0;0.36576536297798157;0.9643754959106445;0.3079087436199188;0.9877589344978333;1.0;0.2500521242618561;0.993879497051239;NA;NA;NA;NA;NA;NA;NA;NA;NA
37;0.9623352289199829;1.0;0.3328458070755005;0.9802259802818298;0.27977439761161804;0.994350254535675;1.0;0.2267029732465744;0.9970180988311768;NA;NA;NA;NA;NA;NA;NA;NA;NA
38;0.9698681831359863;1.0;0.3053136467933655;0.9841494560241699;0.25512829422950745;0.9952918887138367;1.0;0.2049429565668106;0.9976459741592407;NA;NA;NA;NA;NA;NA;NA;NA;NA
39;0.9830508232116699;1.0;0.2837262749671936;0.9910545945167542;0.23422333598136902;0.9981167316436768;1.0;0.18472041189670563;0.9990583658218384;NA;NA;NA;NA;NA;NA;NA;NA;NA
40;0.9849340915679932;1.0;0.25736480951309204;0.9924670457839966;0.2111823856830597;0.9971751570701599;1.0;0.16499997675418854;0.9985875487327576;NA;NA;NA;NA;NA;NA;NA;NA;NA
41;0.991525411605835;1.0;0.22863070666790009;0.9957627058029175;0.1865323781967163;0.9990583658218384;1.0;0.14443403482437134;0.9995291829109192;NA;NA;NA;NA;NA;NA;NA;NA;NA
42;0.9952918887138367;1.0;0.20681019127368927;0.9974889159202576;0.16639696061611176;1.0;1.0;0.12598372995853424;1.0;NA;NA;NA;NA;NA;NA;NA;NA;NA
43;0.9971751570701599;1.0;0.18582138419151306;0.9985875487327576;0.1476871818304062;0.9990583658218384;1.0;0.10955297201871872;0.9995291829109192;NA;NA;NA;NA;NA;NA;NA;NA;NA
44;0.9981167316436768;1.0;0.1656247228384018;0.9990583658218384;0.130126953125;1.0;1.0;0.0946291834115982;1.0;NA;NA;NA;NA;NA;NA;NA;NA;NA
45;1.0;1.0;0.14346948266029358;1.0;0.11220048367977142;1.0;1.0;0.08093148469924927;1.0;NA;NA;NA;NA;NA;NA;NA;NA;NA
46;1.0;1.0;0.12614569067955017;1.0;0.09825573861598969;1.0;1.0;0.0703657791018486;1.0;NA;NA;NA;NA;NA;NA;NA;NA;NA
47;0.9990583658218384;1.0;0.11207325756549835;0.9995291829109192;0.08635212481021881;1.0;1.0;0.06063099205493927;1.0;NA;NA;NA;NA;NA;NA;NA;NA;NA
48;1.0;1.0;0.09448462724685669;1.0;0.07278314977884293;1.0;1.0;0.05108167231082916;1.0;NA;NA;NA;NA;NA;NA;NA;NA;NA
49;1.0;1.0;0.08326035737991333;1.0;0.0638122409582138;1.0;1.0;0.044364120811223984;1.0;NA;NA;NA;NA;NA;NA;NA;NA;NA
50;1.0;1.0;0.07236292958259583;1.0;0.05567244440317154;1.0;1.0;0.03898195922374725;1.0;NA;NA;NA;NA;NA;NA;NA;NA;NA
51;1.0;1.0;0.06278630346059799;1.0;0.048012323677539825;1.0;1.0;0.03323834016919136;1.0;NA;NA;NA;NA;NA;NA;NA;NA;NA
52;1.0;1.0;0.052757229655981064;1.0;0.04094139114022255;1.0;1.0;0.029125552624464035;1.0;NA;NA;NA;NA;NA;NA;NA;NA;NA
53;1.0;1.0;0.04707028344273567;1.0;0.036845918744802475;1.0;1.0;0.026621555909514427;1.0;NA;NA;NA;NA;NA;NA;NA;NA;NA
54;1.0;1.0;0.04002353549003601;1.0;0.03207699954509735;1.0;1.0;0.02413046732544899;1.0;NA;NA;NA;NA;NA;NA;NA;NA;NA
55;1.0;1.0;0.034546859562397;1.0;0.02825220674276352;1.0;1.0;0.021957553923130035;1.0;NA;NA;NA;NA;NA;NA;NA;NA;NA
56;1.0;1.0;0.030218666419386864;1.0;0.025241835042834282;1.0;1.0;0.0202650036662817;1.0;NA;NA;NA;NA;NA;NA;NA;NA;NA
57;1.0;1.0;0.026858020573854446;1.0;0.02273951843380928;1.0;1.0;0.018621016293764114;1.0;NA;NA;NA;NA;NA;NA;NA;NA;NA
58;1.0;1.0;0.023933516815304756;1.0;0.020676106214523315;1.0;1.0;0.017418695613741875;1.0;NA;NA;NA;NA;NA;NA;NA;NA;NA
59;1.0;1.0;0.021059589460492134;1.0;0.018874622881412506;1.0;1.0;0.01668965443968773;1.0;NA;NA;NA;NA;NA;NA;NA;NA;NA
60;1.0;1.0;0.01922859437763691;1.0;0.01755639538168907;1.0;1.0;0.015884196385741234;1.0;NA;NA;NA;NA;NA;NA;NA;NA;NA
61;1.0;1.0;0.01811080053448677;1.0;0.01717521995306015;1.0;1.0;0.01623964123427868;1.0;NA;NA;NA;NA;NA;NA;NA;NA;NA
62;1.0;1.0;0.016898155212402344;1.0;0.01621631346642971;1.0;1.0;0.015534470789134502;1.0;NA;NA;NA;NA;NA;NA;NA;NA;NA
63;1.0;1.0;0.015418739058077335;1.0;0.01497509703040123;1.0;1.0;0.014531455002725124;1.0;NA;NA;NA;NA;NA;NA;NA;NA;NA
64;1.0;1.0;0.014654022641479969;1.0;0.014651956036686897;1.0;1.0;0.014649889431893826;1.0;NA;NA;NA;NA;NA;NA;NA;NA;NA
65;1.0;1.0;0.013993158005177975;1.0;0.014214780181646347;1.0;1.0;0.014436403289437294;1.0;NA;NA;NA;NA;NA;NA;NA;NA;NA
66;1.0;1.0;0.013866021297872066;1.0;0.014063503593206406;1.0;1.0;0.01426098495721817;1.0;NA;NA;NA;NA;NA;NA;NA;NA;NA
67;1.0;1.0;0.01361094694584608;1.0;0.014020539820194244;1.0;1.0;0.014430131763219833;1.0;NA;NA;NA;NA;NA;NA;NA;NA;NA
68;1.0;1.0;0.012919696979224682;1.0;0.01359153538942337;1.0;1.0;0.014263373799622059;1.0;NA;NA;NA;NA;NA;NA;NA;NA;NA
69;1.0;1.0;0.012631476856768131;1.0;0.013333011418581009;1.0;1.0;0.014034545980393887;1.0;NA;NA;NA;NA;NA;NA;NA;NA;NA
70;1.0;1.0;0.012425747700035572;1.0;0.013243816792964935;1.0;1.0;0.014061886817216873;1.0;NA;NA;NA;NA;NA;NA;NA;NA;NA
71;1.0;1.0;0.012644370086491108;1.0;0.01331675797700882;1.0;1.0;0.013989146798849106;1.0;NA;NA;NA;NA;NA;NA;NA;NA;NA
72;1.0;1.0;0.012221671640872955;1.0;0.013008860871195793;1.0;1.0;0.013796051032841206;1.0;NA;NA;NA;NA;NA;NA;NA;NA;NA
73;1.0;1.0;0.012270120903849602;1.0;0.013008389621973038;1.0;1.0;0.013746659271419048;1.0;NA;NA;NA;NA;NA;NA;NA;NA;NA
74;1.0;1.0;0.012343883514404297;1.0;0.013108680956065655;1.0;1.0;0.013873478397727013;1.0;NA;NA;NA;NA;NA;NA;NA;NA;NA
75;1.0;1.0;0.012123581022024155;1.0;0.012929487973451614;1.0;1.0;0.013735394924879074;1.0;NA;NA;NA;NA;NA;NA;NA;NA;NA
76;1.0;1.0;0.012194070965051651;1.0;0.013076383620500565;1.0;1.0;0.013958696275949478;1.0;NA;NA;NA;NA;NA;NA;NA;NA;NA
77;1.0;1.0;0.011914268136024475;1.0;0.012825679033994675;1.0;1.0;0.0137370890006423;1.0;NA;NA;NA;NA;NA;NA;NA;NA;NA
78;1.0;1.0;0.011810845695436;1.0;0.01257422473281622;1.0;1.0;0.013337603770196438;1.0;NA;NA;NA;NA;NA;NA;NA;NA;NA
79;1.0;1.0;0.01166149415075779;1.0;0.012497307732701302;1.0;1.0;0.013333121314644814;1.0;NA;NA;NA;NA;NA;NA;NA;NA;NA
80;1.0;1.0;0.011871300637722015;1.0;0.012719427235424519;1.0;1.0;0.013567553833127022;1.0;NA;NA;NA;NA;NA;NA;NA;NA;NA
81;1.0;1.0;0.012022470124065876;1.0;0.012845084071159363;1.0;1.0;0.013667697086930275;1.0;NA;NA;NA;NA;NA;NA;NA;NA;NA
82;1.0;1.0;0.01195677649229765;1.0;0.012757165357470512;1.0;1.0;0.01355755515396595;1.0;NA;NA;NA;NA;NA;NA;NA;NA;NA
83;1.0;1.0;0.011944583617150784;1.0;0.012844996526837349;1.0;1.0;0.013745409436523914;1.0;NA;NA;NA;NA;NA;NA;NA;NA;NA
84;1.0;1.0;0.011957261711359024;1.0;0.012845959514379501;1.0;1.0;0.013734657317399979;1.0;NA;NA;NA;NA;NA;NA;NA;NA;NA
85;1.0;1.0;0.01203874684870243;1.0;0.012873288244009018;1.0;1.0;0.01370782870799303;1.0;NA;NA;NA;NA;NA;NA;NA;NA;NA
86;1.0;1.0;0.01228716317564249;1.0;0.013116780668497086;1.0;1.0;0.013946399092674255;1.0;NA;NA;NA;NA;NA;NA;NA;NA;NA
87;1.0;1.0;0.011727560311555862;1.0;0.012737846001982689;1.0;1.0;0.01374813076108694;1.0;NA;NA;NA;NA;NA;NA;NA;NA;NA
88;1.0;1.0;0.011886995285749435;1.0;0.012861877679824829;1.0;1.0;0.013836760073900223;1.0;NA;NA;NA;NA;NA;NA;NA;NA;NA
89;1.0;1.0;0.012014083564281464;1.0;0.01286336500197649;1.0;1.0;0.013712646439671516;1.0;NA;NA;NA;NA;NA;NA;NA;NA;NA
90;1.0;1.0;0.01188521459698677;1.0;0.012735906057059765;1.0;1.0;0.013586597517132759;1.0;NA;NA;NA;NA;NA;NA;NA;NA;NA
91;1.0;1.0;0.01185585930943489;1.0;0.01264098472893238;1.0;1.0;0.013426109217107296;1.0;NA;NA;NA;NA;NA;NA;NA;NA;NA
92;1.0;1.0;0.011700657196342945;1.0;0.012547863647341728;1.0;1.0;0.013395071029663086;1.0;NA;NA;NA;NA;NA;NA;NA;NA;NA
93;1.0;1.0;0.012065061368048191;1.0;0.012817938812077045;1.0;1.0;0.0135708162561059;1.0;NA;NA;NA;NA;NA;NA;NA;NA;NA
94;1.0;1.0;0.011964445002377033;1.0;0.01282823458313942;1.0;1.0;0.01369202509522438;1.0;NA;NA;NA;NA;NA;NA;NA;NA;NA
95;1.0;1.0;0.011961497366428375;1.0;0.012899532914161682;1.0;1.0;0.013837569393217564;1.0;NA;NA;NA;NA;NA;NA;NA;NA;NA
96;1.0;1.0;0.011646006256341934;1.0;0.012522999197244644;1.0;1.0;0.01339999120682478;1.0;NA;NA;NA;NA;NA;NA;NA;NA;NA
97;1.0;1.0;0.012051589787006378;1.0;0.012866833247244358;1.0;1.0;0.013682076707482338;1.0;NA;NA;NA;NA;NA;NA;NA;NA;NA
98;1.0;1.0;0.012416969984769821;1.0;0.01312621682882309;1.0;1.0;0.013835463672876358;1.0;NA;NA;NA;NA;NA;NA;NA;NA;NA
99;1.0;1.0;0.011827537789940834;1.0;0.012783794663846493;1.0;1.0;0.013740051537752151;1.0;NA;NA;NA;NA;NA;NA;NA;NA;NA
100;1.0;1.0;0.011856421828269958;1.0;0.012748698703944683;1.0;1.0;0.013640975579619408;1.0;NA;NA;NA;NA;NA;NA;NA;NA;NA
101;1.0;1.0;0.012132396921515465;1.0;0.013007771223783493;1.0;1.0;0.013883146457374096;1.0;NA;NA;NA;NA;NA;NA;NA;NA;NA
102;1.0;1.0;0.011985446326434612;1.0;0.012859713286161423;1.0;1.0;0.013733979314565659;1.0;NA;NA;NA;NA;NA;NA;NA;NA;NA
103;1.0;1.0;0.011963087134063244;1.0;0.012861676514148712;1.0;1.0;0.013760266825556755;1.0;NA;NA;NA;NA;NA;NA;NA;NA;NA
104;1.0;1.0;0.01205606758594513;1.0;0.012860527262091637;1.0;1.0;0.013664987869560719;1.0;NA;NA;NA;NA;NA;NA;NA;NA;NA
105;1.0;1.0;0.011758912354707718;1.0;0.012721281498670578;1.0;1.0;0.013683650642633438;1.0;NA;NA;NA;NA;NA;NA;NA;NA;NA
106;1.0;1.0;0.011837203055620193;1.0;0.012639089487493038;1.0;1.0;0.013440975919365883;1.0;NA;NA;NA;NA;NA;NA;NA;NA;NA
107;1.0;1.0;0.012164591811597347;1.0;0.013108151033520699;1.0;1.0;0.01405171025544405;1.0;NA;NA;NA;NA;NA;NA;NA;NA;NA
108;1.0;1.0;0.011828113347291946;1.0;0.012801771983504295;1.0;1.0;0.01377542968839407;1.0;NA;NA;NA;NA;NA;NA;NA;NA;NA
109;1.0;1.0;0.011830499395728111;1.0;0.012596676126122475;1.0;1.0;0.013362851925194263;1.0;NA;NA;NA;NA;NA;NA;NA;NA;NA
110;1.0;1.0;0.012150723487138748;1.0;0.013007396832108498;1.0;1.0;0.013864070177078247;1.0;NA;NA;NA;NA;NA;NA;NA;NA;NA
111;1.0;1.0;0.011910023167729378;1.0;0.012799326330423355;1.0;1.0;0.013688629493117332;1.0;NA;NA;NA;NA;NA;NA;NA;NA;NA
112;1.0;1.0;0.011922888457775116;1.0;0.01291930302977562;1.0;1.0;0.013915718533098698;1.0;NA;NA;NA;NA;NA;NA;NA;NA;NA
113;1.0;1.0;0.011772829107940197;1.0;0.01272028498351574;1.0;1.0;0.013667740859091282;1.0;NA;NA;NA;NA;NA;NA;NA;NA;NA
114;1.0;1.0;0.01249683741480112;1.0;0.013335579074919224;1.0;1.0;0.014174320735037327;1.0;NA;NA;NA;NA;NA;NA;NA;NA;NA
115;1.0;1.0;0.011976500041782856;1.0;0.012922588735818863;1.0;1.0;0.013868678361177444;1.0;NA;NA;NA;NA;NA;NA;NA;NA;NA
116;1.0;1.0;0.012107486836612225;1.0;0.012924590148031712;1.0;1.0;0.013741693459451199;1.0;NA;NA;NA;NA;NA;NA;NA;NA;NA
117;1.0;1.0;0.011897796764969826;1.0;0.012869196012616158;1.0;1.0;0.013840596191585064;1.0;NA;NA;NA;NA;NA;NA;NA;NA;NA
118;1.0;1.0;0.011950413696467876;1.0;0.012853384017944336;1.0;1.0;0.013756354339420795;1.0;NA;NA;NA;NA;NA;NA;NA;NA;NA
119;1.0;1.0;0.012108865194022655;1.0;0.013007104396820068;1.0;1.0;0.013905342668294907;1.0;NA;NA;NA;NA;NA;NA;NA;NA;NA
0;0.3097928464412689;1.0;0.7368162274360657;0.5985562205314636;0.7173606157302856;0.41713747382164;1.0;0.6979050040245056;0.6716885566711426;NA;NA;NA;NA;NA;NA;NA;NA;NA
1;0.30696797370910645;1.0;0.7433127164840698;0.598870038986206;0.7122508883476257;0.534839928150177;1.0;0.6811890602111816;0.7394850850105286;NA;NA;NA;NA;NA;NA;NA;NA;NA
2;0.34557437896728516;1.0;0.7342124581336975;0.6158191561698914;0.6864335536956787;0.6967985033988953;1.0;0.6386547088623047;0.8270557522773743;NA;NA;NA;NA;NA;NA;NA;NA;NA
3;0.3436911404132843;1.0;0.729354739189148;0.618800938129425;0.6617644429206848;0.7749529480934143;1.0;0.5941741466522217;0.8697424530982971;NA;NA;NA;NA;NA;NA;NA;NA;NA
4;0.3267419934272766;1.0;0.7356273531913757;0.6053043603897095;0.6562154293060303;0.7768361568450928;1.0;0.57680344581604;0.8697425127029419;NA;NA;NA;NA;NA;NA;NA;NA;NA
5;0.3163841664791107;1.0;0.7394812703132629;0.602636456489563;0.6565861701965332;0.7815442681312561;1.0;0.5736910104751587;0.8733519911766052;NA;NA;NA;NA;NA;NA;NA;NA;NA
6;0.3267419934272766;1.0;0.7358617782592773;0.6111111044883728;0.6565195322036743;0.7806026339530945;1.0;0.5771772265434265;0.8708410859107971;NA;NA;NA;NA;NA;NA;NA;NA;NA
7;0.3305084705352783;1.0;0.7369558811187744;0.6095417737960815;0.6545581817626953;0.7900188565254211;1.0;0.5721604228019714;0.8752353191375732;NA;NA;NA;NA;NA;NA;NA;NA;NA
8;0.3201506733894348;1.0;0.7380096912384033;0.6078154444694519;0.6558797955513;0.7749529480934143;1.0;0.5737498998641968;0.8694286942481995;NA;NA;NA;NA;NA;NA;NA;NA;NA
9;0.3568738102912903;1.0;0.7273208498954773;0.6241368651390076;0.6472877860069275;0.7862523794174194;1.0;0.5672547221183777;0.8746075630187988;NA;NA;NA;NA;NA;NA;NA;NA;NA
10;0.34180790185928345;1.0;0.7349640727043152;0.6133081316947937;0.6533399820327759;0.7900188565254211;1.0;0.5717159509658813;0.8763338923454285;NA;NA;NA;NA;NA;NA;NA;NA;NA
11;0.34274953603744507;1.0;0.7339884042739868;0.6153483986854553;0.6516830921173096;0.7862523794174194;1.0;0.5693778395652771;0.8753922581672668;NA;NA;NA;NA;NA;NA;NA;NA;NA
12;0.34934085607528687;1.0;0.7347392439842224;0.6191148161888123;0.6543862819671631;0.7975518107414246;1.0;0.5740333199501038;0.8815127611160278;NA;NA;NA;NA;NA;NA;NA;NA;NA
13;0.34839925169944763;1.0;0.7250422239303589;0.6205272674560547;0.6437937617301941;0.7796609997749329;1.0;0.5625452995300293;0.8722535371780396;NA;NA;NA;NA;NA;NA;NA;NA;NA
14;0.38983049988746643;1.0;0.7105836272239685;0.6476772427558899;0.632196307182312;0.8013182878494263;1.0;0.5538089275360107;0.884808361530304;NA;NA;NA;NA;NA;NA;NA;NA;NA
15;0.382297545671463;1.0;0.715924859046936;0.6399874091148376;0.6367672681808472;0.7937853336334229;1.0;0.5576096773147583;0.8791587352752686;NA;NA;NA;NA;NA;NA;NA;NA;NA
16;0.3719397485256195;1.0;0.716697096824646;0.6373194456100464;0.6367121338844299;0.8022598624229431;1.0;0.5567271709442139;0.8863778114318848;NA;NA;NA;NA;NA;NA;NA;NA;NA
17;0.3879472613334656;1.0;0.7107040286064148;0.6435969471931458;0.6320322751998901;0.7928436994552612;1.0;0.5533605217933655;0.877903163433075;NA;NA;NA;NA;NA;NA;NA;NA;NA
18;0.4001883268356323;1.0;0.7037450075149536;0.6552101969718933;0.6245741844177246;0.8107344508171082;1.0;0.5454033613204956;0.8910859227180481;NA;NA;NA;NA;NA;NA;NA;NA;NA
19;0.4274953007698059;1.0;0.6919425129890442;0.6724733114242554;0.6133804321289062;0.8182674050331116;1.0;0.5348184108734131;0.8957940340042114;NA;NA;NA;NA;NA;NA;NA;NA;NA
20;0.43596985936164856;1.0;0.6894398927688599;0.6762397289276123;0.6115220189094543;0.8192090392112732;1.0;0.5336041450500488;0.8973634243011475;NA;NA;NA;NA;NA;NA;NA;NA;NA
21;0.4717514216899872;1.0;0.6761449575424194;0.6988385915756226;0.6008026599884033;0.8154425621032715;1.0;0.525460422039032;0.8950093388557434;NA;NA;NA;NA;NA;NA;NA;NA;NA
22;0.465160071849823;1.0;0.6653531789779663;0.6982108950614929;0.588469386100769;0.8295668363571167;1.0;0.511585533618927;0.9045825004577637;NA;NA;NA;NA;NA;NA;NA;NA;NA
23;0.486817330121994;1.0;0.6605743765830994;0.7084117531776428;0.5823734998703003;0.8559321761131287;1.0;0.5041725635528564;0.9182360172271729;NA;NA;NA;NA;NA;NA;NA;NA;NA
24;0.5197740197181702;1.0;0.6422298550605774;0.7297551035881042;0.5668696165084839;0.8531073331832886;1.0;0.4915093183517456;0.9168235063552856;NA;NA;NA;NA;NA;NA;NA;NA;NA
25;0.5706214904785156;1.0;0.6248152256011963;0.761456310749054;0.549820065498352;0.8719397187232971;1.0;0.47482484579086304;0.9285938143730164;NA;NA;NA;NA;NA;NA;NA;NA;NA
26;0.6205273270606995;1.0;0.6016018390655518;0.7876647710800171;0.5284212231636047;0.8879472613334656;1.0;0.4552406072616577;0.9383239150047302;NA;NA;NA;NA;NA;NA;NA;NA;NA
27;0.6111111044883728;1.0;0.5977518558502197;0.7843691110610962;0.5251848697662354;0.8822975754737854;1.0;0.45261791348457336;0.9339296221733093;NA;NA;NA;NA;NA;NA;NA;NA;NA
28;0.6685498952865601;1.0;0.5730227828025818;0.818110466003418;0.5035263299942017;0.8898305296897888;1.0;0.43402987718582153;0.9395793676376343;NA;NA;NA;NA;NA;NA;NA;NA;NA
29;0.7109227776527405;1.0;0.5551801323890686;0.8418079018592834;0.48640766739845276;0.9067796468734741;1.0;0.41763511300086975;0.9488386511802673;NA;NA;NA;NA;NA;NA;NA;NA;NA
30;0.7570621371269226;1.0;0.524512529373169;0.8694287538528442;0.4571862518787384;0.9246704578399658;1.0;0.38985997438430786;0.9601380825042725;NA;NA;NA;NA;NA;NA;NA;NA;NA
31;0.8013182878494263;1.0;0.5040834546089172;0.8953233361244202;0.4377618432044983;0.956685483455658;1.0;0.37144026160240173;0.9780288338661194;NA;NA;NA;NA;NA;NA;NA;NA;NA
32;0.8380414247512817;1.0;0.47670111060142517;0.9125862717628479;0.41278839111328125;0.9585687518119812;1.0;0.34887564182281494;0.977715015411377;NA;NA;NA;NA;NA;NA;NA;NA;NA
33;0.8662900328636169;1.0;0.44696974754333496;0.9292215704917908;0.3848590850830078;0.9679849147796631;1.0;0.32274845242500305;0.9830508232116699;NA;NA;NA;NA;NA;NA;NA;NA;NA
34;0.903954803943634;1.0;0.420335054397583;0.9488386511802673;0.3613385260105133;0.9839924573898315;1.0;0.3023419976234436;0.9916823506355286;NA;NA;NA;NA;NA;NA;NA;NA;NA
35;0.9143126010894775;1.0;0.40116462111473083;0.9540175199508667;0.34315645694732666;0.9830508232116699;1.0;0.2851482927799225;0.9907407164573669;NA;NA;NA;NA;NA;NA;NA;NA;NA
36;0.9463276863098145;1.0;0.36778900027275085;0.9711235761642456;0.3127254545688629;0.9924670457839966;1.0;0.257661908864975;0.9960765242576599;NA;NA;NA;NA;NA;NA;NA;NA;NA
37;0.9510357975959778;1.0;0.3416629135608673;0.9744192361831665;0.28870365023612976;0.991525411605835;1.0;0.2357443869113922;0.9957627058029175;NA;NA;NA;NA;NA;NA;NA;NA;NA
38;0.9755178689956665;1.0;0.3089671730995178;0.987445056438446;0.2577357590198517;0.9981167316436768;1.0;0.20650434494018555;0.9990583658218384;NA;NA;NA;NA;NA;NA;NA;NA;NA
39;0.9858757257461548;1.0;0.285256952047348;0.9926239252090454;0.23704975843429565;0.9962335228919983;1.0;0.18884257972240448;0.9981167316436768;NA;NA;NA;NA;NA;NA;NA;NA;NA
40;0.9868173003196716;1.0;0.2635135054588318;0.9932517409324646;0.21662704646587372;0.9962335228919983;1.0;0.16974058747291565;0.9981167316436768;NA;NA;NA;NA;NA;NA;NA;NA;NA
41;0.9924670457839966;1.0;0.22904296219348907;0.9962335228919983;0.18806540966033936;0.9990583658218384;1.0;0.14708785712718964;0.9995291829109192;NA;NA;NA;NA;NA;NA;NA;NA;NA
42;0.991525411605835;1.0;0.20867489278316498;0.9957627058029175;0.16925451159477234;1.0;1.0;0.1298341155052185;1.0;NA;NA;NA;NA;NA;NA;NA;NA;NA
43;0.9962335228919983;1.0;0.18466009199619293;0.9979597330093384;0.1483883559703827;1.0;1.0;0.11211661994457245;1.0;NA;NA;NA;NA;NA;NA;NA;NA;NA
44;0.9971751570701599;1.0;0.16514576971530914;0.9985875487327576;0.13126333057880402;0.9990583658218384;1.0;0.09738088399171829;0.9995291829109192;NA;NA;NA;NA;NA;NA;NA;NA;NA
45;0.9981167316436768;1.0;0.1479431539773941;0.9989013671875;0.11593162268400192;1.0;1.0;0.08392009139060974;1.0;NA;NA;NA;NA;NA;NA;NA;NA;NA
46;0.9990583658218384;1.0;0.12899917364120483;0.9995291829109192;0.1009468361735344;1.0;1.0;0.07289449870586395;1.0;NA;NA;NA;NA;NA;NA;NA;NA;NA
47;0.9990583658218384;1.0;0.11119215190410614;0.9995291829109192;0.08603617548942566;0.9990583658218384;1.0;0.060880206525325775;0.9995291829109192;NA;NA;NA;NA;NA;NA;NA;NA;NA
48;1.0;1.0;0.09834811836481094;1.0;0.0760733038187027;1.0;1.0;0.053798481822013855;1.0;NA;NA;NA;NA;NA;NA;NA;NA;NA
49;1.0;1.0;0.08379504829645157;1.0;0.06467300653457642;1.0;1.0;0.04555097222328186;1.0;NA;NA;NA;NA;NA;NA;NA;NA;NA
50;1.0;1.0;0.07198522984981537;1.0;0.0560467354953289;1.0;1.0;0.04010824114084244;1.0;NA;NA;NA;NA;NA;NA;NA;NA;NA
51;1.0;1.0;0.060839034616947174;1.0;0.04792925342917442;1.0;1.0;0.03501947224140167;1.0;NA;NA;NA;NA;NA;NA;NA;NA;NA
52;1.0;1.0;0.05421090126037598;1.0;0.04194892942905426;1.0;1.0;0.029686953872442245;1.0;NA;NA;NA;NA;NA;NA;NA;NA;NA
53;1.0;1.0;0.04682445526123047;1.0;0.037126898765563965;1.0;1.0;0.027429338544607162;1.0;NA;NA;NA;NA;NA;NA;NA;NA;NA
54;1.0;1.0;0.03997986763715744;1.0;0.0319526344537735;1.0;1.0;0.023925401270389557;1.0;NA;NA;NA;NA;NA;NA;NA;NA;NA
55;1.0;1.0;0.034658730030059814;1.0;0.028396151959896088;1.0;1.0;0.02213357575237751;1.0;NA;NA;NA;NA;NA;NA;NA;NA;NA
56;1.0;1.0;0.030569003894925117;1.0;0.025067754089832306;1.0;1.0;0.019566506147384644;1.0;NA;NA;NA;NA;NA;NA;NA;NA;NA
57;1.0;1.0;0.02727530151605606;1.0;0.023081619292497635;1.0;1.0;0.01888793706893921;1.0;NA;NA;NA;NA;NA;NA;NA;NA;NA
58;1.0;1.0;0.024116862565279007;1.0;0.02090822160243988;1.0;1.0;0.017699582502245903;1.0;NA;NA;NA;NA;NA;NA;NA;NA;NA
59;1.0;1.0;0.02168329618871212;1.0;0.019372597336769104;1.0;1.0;0.01706189662218094;1.0;NA;NA;NA;NA;NA;NA;NA;NA;NA
60;1.0;1.0;0.019626010209321976;1.0;0.017872534692287445;1.0;1.0;0.016119057312607765;1.0;NA;NA;NA;NA;NA;NA;NA;NA;NA
61;1.0;1.0;0.01776096224784851;1.0;0.01677059940993786;1.0;1.0;0.015780236572027206;1.0;NA;NA;NA;NA;NA;NA;NA;NA;NA
62;1.0;1.0;0.016385652124881744;1.0;0.01563866063952446;1.0;1.0;0.014891667291522026;1.0;NA;NA;NA;NA;NA;NA;NA;NA;NA
63;1.0;1.0;0.015155797824263573;1.0;0.014945819973945618;1.0;1.0;0.014735843054950237;1.0;NA;NA;NA;NA;NA;NA;NA;NA;NA
64;1.0;1.0;0.014623714610934258;1.0;0.01462166104465723;1.0;1.0;0.014619607478380203;1.0;NA;NA;NA;NA;NA;NA;NA;NA;NA
65;1.0;1.0;0.013962972909212112;1.0;0.014268103986978531;1.0;1.0;0.01457323506474495;1.0;NA;NA;NA;NA;NA;NA;NA;NA;NA
66;1.0;1.0;0.013654864393174648;1.0;0.01397259347140789;1.0;1.0;0.014290323480963707;1.0;NA;NA;NA;NA;NA;NA;NA;NA;NA
67;1.0;1.0;0.013142231851816177;1.0;0.013507943600416183;1.0;1.0;0.013873656280338764;1.0;NA;NA;NA;NA;NA;NA;NA;NA;NA
68;1.0;1.0;0.01328057236969471;1.0;0.013757556676864624;1.0;1.0;0.014234540052711964;1.0;NA;NA;NA;NA;NA;NA;NA;NA;NA
69;1.0;1.0;0.012828905135393143;1.0;0.013449802063405514;1.0;1.0;0.014070698991417885;1.0;NA;NA;NA;NA;NA;NA;NA;NA;NA
70;1.0;1.0;0.012663365341722965;1.0;0.013279950246214867;1.0;1.0;0.013896535150706768;1.0;NA;NA;NA;NA;NA;NA;NA;NA;NA
71;1.0;1.0;0.012630552984774113;1.0;0.01325470581650734;1.0;1.0;0.013878859579563141;1.0;NA;NA;NA;NA;NA;NA;NA;NA;NA
72;1.0;1.0;0.012044632807374;1.0;0.012895715422928333;1.0;1.0;0.013746798038482666;1.0;NA;NA;NA;NA;NA;NA;NA;NA;NA
73;1.0;1.0;0.012362886220216751;1.0;0.013254201970994473;1.0;1.0;0.014145517721772194;1.0;NA;NA;NA;NA;NA;NA;NA;NA;NA
74;1.0;1.0;0.011965630576014519;1.0;0.012862391769886017;1.0;1.0;0.01375915389508009;1.0;NA;NA;NA;NA;NA;NA;NA;NA;NA
75;1.0;1.0;0.012261797674000263;1.0;0.01298379898071289;1.0;1.0;0.013705800287425518;1.0;NA;NA;NA;NA;NA;NA;NA;NA;NA
76;1.0;1.0;0.012202318757772446;1.0;0.013054139912128448;1.0;1.0;0.013905961997807026;1.0;NA;NA;NA;NA;NA;NA;NA;NA;NA
77;1.0;1.0;0.012090586125850677;1.0;0.013052720576524734;1.0;1.0;0.014014855958521366;1.0;NA;NA;NA;NA;NA;NA;NA;NA;NA
78;1.0;1.0;0.011775023303925991;1.0;0.012659383937716484;1.0;1.0;0.013543744571506977;1.0;NA;NA;NA;NA;NA;NA;NA;NA;NA
79;1.0;1.0;0.01200130209326744;1.0;0.012906919233500957;1.0;1.0;0.013812536373734474;1.0;NA;NA;NA;NA;NA;NA;NA;NA;NA
80;1.0;1.0;0.01201713364571333;1.0;0.012965714558959007;1.0;1.0;0.01391429640352726;1.0;NA;NA;NA;NA;NA;NA;NA;NA;NA
81;1.0;1.0;0.011945914477109909;1.0;0.012900342233479023;1.0;1.0;0.013854769989848137;1.0;NA;NA;NA;NA;NA;NA;NA;NA;NA
82;1.0;1.0;0.011968258768320084;1.0;0.012735670432448387;1.0;1.0;0.013503081165254116;1.0;NA;NA;NA;NA;NA;NA;NA;NA;NA
83;1.0;1.0;0.012035397812724113;1.0;0.012873811647295952;1.0;1.0;0.013712224550545216;1.0;NA;NA;NA;NA;NA;NA;NA;NA;NA
84;1.0;1.0;0.012051688507199287;1.0;0.012827245518565178;1.0;1.0;0.013602801598608494;1.0;NA;NA;NA;NA;NA;NA;NA;NA;NA
85;1.0;1.0;0.01187851931899786;1.0;0.012841969728469849;1.0;1.0;0.013805421069264412;1.0;NA;NA;NA;NA;NA;NA;NA;NA;NA
86;1.0;1.0;0.012045912444591522;1.0;0.01290791667997837;1.0;1.0;0.013769921846687794;1.0;NA;NA;NA;NA;NA;NA;NA;NA;NA
87;1.0;1.0;0.012053947895765305;1.0;0.01293602678924799;1.0;1.0;0.013818105682730675;1.0;NA;NA;NA;NA;NA;NA;NA;NA;NA
88;1.0;1.0;0.011843455955386162;1.0;0.012735631316900253;1.0;1.0;0.01362780760973692;1.0;NA;NA;NA;NA;NA;NA;NA;NA;NA
89;1.0;1.0;0.012125587090849876;1.0;0.013049950823187828;1.0;1.0;0.013974315486848354;1.0;NA;NA;NA;NA;NA;NA;NA;NA;NA
90;1.0;1.0;0.012265710160136223;1.0;0.013013187795877457;1.0;1.0;0.013760666362941265;1.0;NA;NA;NA;NA;NA;NA;NA;NA;NA
91;1.0;1.0;0.011978691443800926;1.0;0.012883028015494347;1.0;1.0;0.013787364587187767;1.0;NA;NA;NA;NA;NA;NA;NA;NA;NA
92;1.0;1.0;0.012287917546927929;1.0;0.012950995936989784;1.0;1.0;0.013614075258374214;1.0;NA;NA;NA;NA;NA;NA;NA;NA;NA
93;1.0;1.0;0.012104270979762077;1.0;0.012919992208480835;1.0;1.0;0.013735714368522167;1.0;NA;NA;NA;NA;NA;NA;NA;NA;NA
94;1.0;1.0;0.012064965441823006;1.0;0.012954351492226124;1.0;1.0;0.013843737542629242;1.0;NA;NA;NA;NA;NA;NA;NA;NA;NA
95;1.0;1.0;0.011925817467272282;1.0;0.01281747967004776;1.0;1.0;0.013709140941500664;1.0;NA;NA;NA;NA;NA;NA;NA;NA;NA
96;1.0;1.0;0.012263386510312557;1.0;0.013179317116737366;1.0;1.0;0.014095248654484749;1.0;NA;NA;NA;NA;NA;NA;NA;NA;NA
97;1.0;1.0;0.012074055150151253;1.0;0.012967420741915703;1.0;1.0;0.013860786333680153;1.0;NA;NA;NA;NA;NA;NA;NA;NA;NA
98;1.0;1.0;0.011995880864560604;1.0;0.012975003570318222;1.0;1.0;0.01395412627607584;1.0;NA;NA;NA;NA;NA;NA;NA;NA;NA
99;1.0;1.0;0.012217141687870026;1.0;0.01312875747680664;1.0;1.0;0.014040372334420681;1.0;NA;NA;NA;NA;NA;NA;NA;NA;NA
100;1.0;1.0;0.0118859289214015;1.0;0.012798100709915161;1.0;1.0;0.013710273429751396;1.0;NA;NA;NA;NA;NA;NA;NA;NA;NA
101;1.0;1.0;0.011707340367138386;1.0;0.012569911777973175;1.0;1.0;0.013432484120130539;1.0;NA;NA;NA;NA;NA;NA;NA;NA;NA
102;1.0;1.0;0.01203056238591671;1.0;0.012962366454303265;1.0;1.0;0.01389417052268982;1.0;NA;NA;NA;NA;NA;NA;NA;NA;NA
103;1.0;1.0;0.011961529031395912;1.0;0.01285687554627657;1.0;1.0;0.013752222061157227;1.0;NA;NA;NA;NA;NA;NA;NA;NA;NA
104;1.0;1.0;0.011888507753610611;1.0;0.012730846181511879;1.0;1.0;0.013573184609413147;1.0;NA;NA;NA;NA;NA;NA;NA;NA;NA
105;1.0;1.0;0.011758465319871902;1.0;0.012723622843623161;1.0;1.0;0.01368878036737442;1.0;NA;NA;NA;NA;NA;NA;NA;NA;NA
106;1.0;1.0;0.011987815611064434;1.0;0.012959366664290428;1.0;1.0;0.013930916786193848;1.0;NA;NA;NA;NA;NA;NA;NA;NA;NA
107;1.0;1.0;0.011936135590076447;1.0;0.012845289893448353;1.0;1.0;0.013754444196820259;1.0;NA;NA;NA;NA;NA;NA;NA;NA;NA
108;1.0;1.0;0.011820423416793346;1.0;0.01262630894780159;1.0;1.0;0.013432195410132408;1.0;NA;NA;NA;NA;NA;NA;NA;NA;NA
109;1.0;1.0;0.012120852246880531;1.0;0.012911704368889332;1.0;1.0;0.013702556490898132;1.0;NA;NA;NA;NA;NA;NA;NA;NA;NA
110;1.0;1.0;0.012032266706228256;1.0;0.012918340042233467;1.0;1.0;0.013804414309561253;1.0;NA;NA;NA;NA;NA;NA;NA;NA;NA
111;1.0;1.0;0.012013143859803677;1.0;0.012738942168653011;1.0;1.0;0.013464740477502346;1.0;NA;NA;NA;NA;NA;NA;NA;NA;NA
112;1.0;1.0;0.011928053572773933;1.0;0.01274964865297079;1.0;1.0;0.013571243733167648;1.0;NA;NA;NA;NA;NA;NA;NA;NA;NA
113;1.0;1.0;0.012479288503527641;1.0;0.013206860050559044;1.0;1.0;0.013934430666267872;1.0;NA;NA;NA;NA;NA;NA;NA;NA;NA
114;1.0;1.0;0.012134670279920101;1.0;0.012915709987282753;1.0;1.0;0.013696749694645405;1.0;NA;NA;NA;NA;NA;NA;NA;NA;NA
115;1.0;1.0;0.012289801612496376;1.0;0.013000532053411007;1.0;1.0;0.013711262494325638;1.0;NA;NA;NA;NA;NA;NA;NA;NA;NA
116;1.0;1.0;0.01175127737224102;1.0;0.012692033313214779;1.0;1.0;0.013632789254188538;1.0;NA;NA;NA;NA;NA;NA;NA;NA;NA
117;1.0;1.0;0.012033713981509209;1.0;0.012862547300755978;1.0;1.0;0.013691380620002747;1.0;NA;NA;NA;NA;NA;NA;NA;NA;NA
118;1.0;1.0;0.011989676393568516;1.0;0.012826580554246902;1.0;1.0;0.01366348471492529;1.0;NA;NA;NA;NA;NA;NA;NA;NA;NA
119;1.0;1.0;0.01188680063933134;1.0;0.012738515622913837;1.0;1.0;0.013590230606496334;1.0;NA;NA;NA;NA;NA;NA;NA;NA;NA
0;0.3258003890514374;1.0;0.7324463129043579;0.6096986532211304;0.7146223783493042;0.443502813577652;1.0;0.6967984437942505;0.6861267685890198;NA;NA;NA;NA;NA;NA;NA;NA;NA
1;0.3295668661594391;1.0;0.7342517375946045;0.6090708374977112;0.7046379446983337;0.5489642024040222;1.0;0.675024151802063;0.7489013075828552;NA;NA;NA;NA;NA;NA;NA;NA;NA
2;0.3323917090892792;1.0;0.7402278780937195;0.6090708374977112;0.6903096437454224;0.6977401375770569;1.0;0.6403913497924805;0.8276835083961487;NA;NA;NA;NA;NA;NA;NA;NA;NA
3;0.3295668661594391;1.0;0.7313786149024963;0.6134651899337769;0.6642434597015381;0.7730696797370911;1.0;0.5971083641052246;0.8702133297920227;NA;NA;NA;NA;NA;NA;NA;NA;NA
4;0.33898305892944336;1.0;0.7323130369186401;0.6144067049026489;0.6541464328765869;0.7862523794174194;1.0;0.5759798288345337;0.8755491375923157;NA;NA;NA;NA;NA;NA;NA;NA;NA
5;0.3060263693332672;1.0;0.7430815696716309;0.5935341715812683;0.659775972366333;0.7627118825912476;1.0;0.5764703154563904;0.8614248633384705;NA;NA;NA;NA;NA;NA;NA;NA;NA
6;0.3757062256336212;1.0;0.7201312184333801;0.6385749578475952;0.6415128707885742;0.7975518107414246;1.0;0.5628945231437683;0.8801003098487854;NA;NA;NA;NA;NA;NA;NA;NA;NA
7;0.32203391194343567;1.0;0.7397894859313965;0.6046766638755798;0.6572781205177307;0.7749529480934143;1.0;0.5747667551040649;0.8702133297920227;NA;NA;NA;NA;NA;NA;NA;NA;NA
8;0.33427494764328003;1.0;0.7296535968780518;0.6153483390808105;0.6501193046569824;0.7806026339530945;1.0;0.5705849528312683;0.871782660484314;NA;NA;NA;NA;NA;NA;NA;NA;NA
9;0.33898305892944336;1.0;0.7243736982345581;0.6200564503669739;0.6425275802612305;0.7834274768829346;1.0;0.5606814026832581;0.8758630752563477;NA;NA;NA;NA;NA;NA;NA;NA;NA
10;0.3305084705352783;1.0;0.7397949695587158;0.6086000800132751;0.657089114189148;0.7815442681312561;1.0;0.5743833184242249;0.873665988445282;NA;NA;NA;NA;NA;NA;NA;NA;NA
11;0.35216572880744934;1.0;0.7311875224113464;0.6244507431983948;0.6500471830368042;0.7824859023094177;1.0;0.5689069032669067;0.8742936849594116;NA;NA;NA;NA;NA;NA;NA;NA;NA
12;0.33521658182144165;1.0;0.728440523147583;0.6128373742103577;0.6470801830291748;0.7834274768829346;1.0;0.5657198429107666;0.8757060766220093;NA;NA;NA;NA;NA;NA;NA;NA;NA
13;0.34839925169944763;1.0;0.7326439023017883;0.6192717552185059;0.651429295539856;0.7824859023094177;1.0;0.5702146291732788;0.8742936849594116;NA;NA;NA;NA;NA;NA;NA;NA;NA
14;0.360640287399292;1.0;0.7294853329658508;0.6307281851768494;0.650258481502533;0.790960431098938;1.0;0.5710316300392151;0.879472553730011;NA;NA;NA;NA;NA;NA;NA;NA;NA
15;0.3757062256336212;1.0;0.7141906023025513;0.6401443481445312;0.632588267326355;0.8060263395309448;1.0;0.5509859323501587;0.8885749578475952;NA;NA;NA;NA;NA;NA;NA;NA;NA
16;0.38983049988746643;1.0;0.7161301970481873;0.6432830691337585;0.6346966028213501;0.8041431307792664;1.0;0.5532629489898682;0.8862208724021912;NA;NA;NA;NA;NA;NA;NA;NA;NA
17;0.38983049988746643;1.0;0.7080878019332886;0.6462648510932922;0.6274081468582153;0.805084764957428;1.0;0.5467285513877869;0.887947142124176;NA;NA;NA;NA;NA;NA;NA;NA;NA
18;0.4124293923377991;1.0;0.7049979567527771;0.6621153950691223;0.6253976821899414;0.8041431307792664;1.0;0.5457974672317505;0.8882610201835632;NA;NA;NA;NA;NA;NA;NA;NA;NA
19;0.39736345410346985;1.0;0.6990439295768738;0.6508159637451172;0.6201839447021484;0.8003766536712646;1.0;0.5413240194320679;0.8833960294723511;NA;NA;NA;NA;NA;NA;NA;NA;NA
20;0.4265536665916443;1.0;0.6853454113006592;0.6716885566711426;0.6076521277427673;0.825800359249115;1.0;0.5299588441848755;0.9005021452903748;NA;NA;NA;NA;NA;NA;NA;NA;NA
21;0.43220338225364685;1.0;0.6858040690422058;0.6743564605712891;0.6052106618881226;0.8220338821411133;1.0;0.5246172547340393;0.8983049988746643;NA;NA;NA;NA;NA;NA;NA;NA;NA
22;0.48022598028182983;1.0;0.665171205997467;0.7059007883071899;0.5893712639808655;0.8305084705352783;1.0;0.5135713219642639;0.9034838676452637;NA;NA;NA;NA;NA;NA;NA;NA;NA
23;0.49811676144599915;1.0;0.6587007641792297;0.7157877087593079;0.5818546414375305;0.8483992218971252;1.0;0.5050085186958313;0.9122723340988159;NA;NA;NA;NA;NA;NA;NA;NA;NA
24;0.5094162225723267;1.0;0.6472477316856384;0.7252039909362793;0.5721966028213501;0.8408662676811218;1.0;0.497145414352417;0.910860002040863;NA;NA;NA;NA;NA;NA;NA;NA;NA
25;0.5517891049385071;1.0;0.6274586915969849;0.7515693306922913;0.5520695447921753;0.8653483986854553;1.0;0.4766804575920105;0.9260828495025635;NA;NA;NA;NA;NA;NA;NA;NA;NA
26;0.5809792876243591;1.0;0.621736466884613;0.7675769329071045;0.5472875833511353;0.8719397187232971;1.0;0.4728386700153351;0.9292215704917908;NA;NA;NA;NA;NA;NA;NA;NA;NA
27;0.6337099671363831;1.0;0.5913108587265015;0.796296238899231;0.519240140914917;0.8738229870796204;1.0;0.44716939330101013;0.9303200840950012;NA;NA;NA;NA;NA;NA;NA;NA;NA
28;0.6647834181785583;1.0;0.5707293152809143;0.81732577085495;0.4999132752418518;0.8907721042633057;1.0;0.4290972054004669;0.9409917593002319;NA;NA;NA;NA;NA;NA;NA;NA;NA
29;0.7024481892585754;1.0;0.5563619136810303;0.8391399383544922;0.4853580594062805;0.9143126010894775;1.0;0.41435423493385315;0.9544883370399475;NA;NA;NA;NA;NA;NA;NA;NA;NA
30;0.7401130199432373;1.0;0.5297800898551941;0.8582862615585327;0.4617893099784851;0.9152542352676392;1.0;0.3937985301017761;0.9540175199508667;NA;NA;NA;NA;NA;NA;NA;NA;NA
31;0.7984933853149414;1.0;0.5062504410743713;0.8920276165008545;0.4390096068382263;0.9444444179534912;1.0;0.3717688024044037;0.970181941986084;NA;NA;NA;NA;NA;NA;NA;NA;NA
32;0.8380414247512817;1.0;0.47678253054618835;0.9143126010894775;0.4117232859134674;0.9435028433799744;1.0;0.34666404128074646;0.970495879650116;NA;NA;NA;NA;NA;NA;NA;NA;NA
33;0.8766478300094604;1.0;0.45206964015960693;0.9337728023529053;0.38955777883529663;0.9623352289199829;1.0;0.3270459473133087;0.9803829789161682;NA;NA;NA;NA;NA;NA;NA;NA;NA
34;0.8992466926574707;1.0;0.42547985911369324;0.9472693204879761;0.36362046003341675;0.9783427715301514;1.0;0.30176109075546265;0.9883866310119629;NA;NA;NA;NA;NA;NA;NA;NA;NA
35;0.938794732093811;1.0;0.40235987305641174;0.9676711559295654;0.3428608179092407;0.9858757257461548;1.0;0.2833617925643921;0.992624044418335;NA;NA;NA;NA;NA;NA;NA;NA;NA
36;0.9397363662719727;1.0;0.3716898560523987;0.9681418538093567;0.3151489496231079;0.9783427715301514;1.0;0.25860804319381714;0.9888574481010437;NA;NA;NA;NA;NA;NA;NA;NA;NA
37;0.9538606405258179;1.0;0.34946343302726746;0.9756749272346497;0.29328688979148865;0.991525411605835;1.0;0.23711036145687103;0.9956057071685791;NA;NA;NA;NA;NA;NA;NA;NA;NA
38;0.9717513918876648;1.0;0.31242838501930237;0.9852479100227356;0.2600422501564026;0.9962335228919983;1.0;0.2076561450958252;0.9978028535842896;NA;NA;NA;NA;NA;NA;NA;NA;NA
39;0.973634660243988;1.0;0.29011407494544983;0.9868173003196716;0.24002745747566223;0.9924670457839966;1.0;0.18994082510471344;0.9962335228919983;NA;NA;NA;NA;NA;NA;NA;NA;NA
40;0.9858757257461548;1.0;0.26435139775276184;0.992780864238739;0.2184276282787323;0.9962335228919983;1.0;0.17250385880470276;0.9981167316436768;NA;NA;NA;NA;NA;NA;NA;NA;NA
41;0.9934086799621582;1.0;0.23366288840770721;0.9965473413467407;0.18962128460407257;1.0;1.0;0.14557968080043793;1.0;NA;NA;NA;NA;NA;NA;NA;NA;NA
42;0.9924670457839966;1.0;0.21659590303897858;0.9962335228919983;0.1744130551815033;0.9981167316436768;1.0;0.13223019242286682;0.9990583658218384;NA;NA;NA;NA;NA;NA;NA;NA;NA
43;0.9981167316436768;1.0;0.1855180561542511;0.9990583658218384;0.1487118899822235;1.0;1.0;0.11190573871135712;1.0;NA;NA;NA;NA;NA;NA;NA;NA;NA
44;0.9962335228919983;1.0;0.1674046516418457;0.9981167316436768;0.13254126906394958;1.0;1.0;0.09767789393663406;1.0;NA;NA;NA;NA;NA;NA;NA;NA;NA
45;0.9981167316436768;1.0;0.14894911646842957;0.9990583658218384;0.11644226312637329;1.0;1.0;0.08393540233373642;1.0;NA;NA;NA;NA;NA;NA;NA;NA;NA
46;1.0;1.0;0.12831801176071167;1.0;0.1013316735625267;1.0;1.0;0.07434533536434174;1.0;NA;NA;NA;NA;NA;NA;NA;NA;NA
47;0.9981167316436768;1.0;0.11461257189512253;0.9990583658218384;0.0894683301448822;1.0;1.0;0.06432409584522247;1.0;NA;NA;NA;NA;NA;NA;NA;NA;NA
48;1.0;1.0;0.10206382721662521;1.0;0.07900120317935944;1.0;1.0;0.05593858286738396;1.0;NA;NA;NA;NA;NA;NA;NA;NA;NA
49;1.0;1.0;0.08584825694561005;1.0;0.06667988747358322;1.0;1.0;0.047511518001556396;1.0;NA;NA;NA;NA;NA;NA;NA;NA;NA
50;1.0;1.0;0.07552991807460785;1.0;0.05791566148400307;1.0;1.0;0.040301404893398285;1.0;NA;NA;NA;NA;NA;NA;NA;NA;NA
51;1.0;1.0;0.06426577270030975;1.0;0.05056971684098244;1.0;1.0;0.03687366098165512;1.0;NA;NA;NA;NA;NA;NA;NA;NA;NA
52;1.0;1.0;0.056741803884506226;1.0;0.044138167053461075;1.0;1.0;0.031534530222415924;1.0;NA;NA;NA;NA;NA;NA;NA;NA;NA
53;1.0;1.0;0.04803236946463585;1.0;0.038138553500175476;1.0;1.0;0.028244739398360252;1.0;NA;NA;NA;NA;NA;NA;NA;NA;NA
54;1.0;1.0;0.041556425392627716;1.0;0.033394232392311096;1.0;1.0;0.025232041254639626;1.0;NA;NA;NA;NA;NA;NA;NA;NA;NA
55;1.0;1.0;0.036890581250190735;1.0;0.029752828180789948;1.0;1.0;0.02261507324874401;1.0;NA;NA;NA;NA;NA;NA;NA;NA;NA
56;1.0;1.0;0.03181072697043419;1.0;0.026357948780059814;1.0;1.0;0.02090516872704029;1.0;NA;NA;NA;NA;NA;NA;NA;NA;NA
57;1.0;1.0;0.027079004794359207;1.0;0.023391585797071457;1.0;1.0;0.019704166799783707;1.0;NA;NA;NA;NA;NA;NA;NA;NA;NA
58;1.0;1.0;0.025122499093413353;1.0;0.02192457765340805;1.0;1.0;0.0187266543507576;1.0;NA;NA;NA;NA;NA;NA;NA;NA;NA
59;1.0;1.0;0.02142527513206005;1.0;0.019400984048843384;1.0;1.0;0.017376691102981567;1.0;NA;NA;NA;NA;NA;NA;NA;NA;NA
60;1.0;1.0;0.020241089165210724;1.0;0.018680309876799583;1.0;1.0;0.017119530588388443;1.0;NA;NA;NA;NA;NA;NA;NA;NA;NA
61;1.0;1.0;0.01870439015328884;1.0;0.01738901436328888;1.0;1.0;0.016073638573288918;1.0;NA;NA;NA;NA;NA;NA;NA;NA;NA
62;1.0;1.0;0.01711331494152546;1.0;0.01643630489706993;1.0;1.0;0.015759296715259552;1.0;NA;NA;NA;NA;NA;NA;NA;NA;NA
63;1.0;1.0;0.016135994344949722;1.0;0.015821853652596474;1.0;1.0;0.01550771202892065;1.0;NA;NA;NA;NA;NA;NA;NA;NA;NA
64;1.0;1.0;0.015186985023319721;1.0;0.014991295523941517;1.0;1.0;0.014795606024563313;1.0;NA;NA;NA;NA;NA;NA;NA;NA;NA
65;1.0;1.0;0.014611171558499336;1.0;0.014873500913381577;1.0;1.0;0.015135829336941242;1.0;NA;NA;NA;NA;NA;NA;NA;NA;NA
66;1.0;1.0;0.0138954883441329;1.0;0.014241432771086693;1.0;1.0;0.01458737812936306;1.0;NA;NA;NA;NA;NA;NA;NA;NA;NA
67;1.0;1.0;0.01398065872490406;1.0;0.014444654807448387;1.0;1.0;0.014908651821315289;1.0;NA;NA;NA;NA;NA;NA;NA;NA;NA
68;1.0;1.0;0.013802538625895977;1.0;0.01451184879988432;1.0;1.0;0.015221158973872662;1.0;NA;NA;NA;NA;NA;NA;NA;NA;NA
69;1.0;1.0;0.013318870216608047;1.0;0.01403823308646679;1.0;1.0;0.014757595025002956;1.0;NA;NA;NA;NA;NA;NA;NA;NA;NA
70;1.0;1.0;0.012794657610356808;1.0;0.013509010896086693;1.0;1.0;0.014223363250494003;1.0;NA;NA;NA;NA;NA;NA;NA;NA;NA
71;1.0;1.0;0.01284223236143589;1.0;0.013661304488778114;1.0;1.0;0.014480377547442913;1.0;NA;NA;NA;NA;NA;NA;NA;NA;NA
72;1.0;1.0;0.012734055519104004;1.0;0.01350858062505722;1.0;1.0;0.014283105731010437;1.0;NA;NA;NA;NA;NA;NA;NA;NA;NA
73;1.0;1.0;0.012715676799416542;1.0;0.013407565653324127;1.0;1.0;0.014099455438554287;1.0;NA;NA;NA;NA;NA;NA;NA;NA;NA
74;1.0;1.0;0.012478000484406948;1.0;0.013196038082242012;1.0;1.0;0.01391407661139965;1.0;NA;NA;NA;NA;NA;NA;NA;NA;NA
75;1.0;1.0;0.012687014415860176;1.0;0.01345033198595047;1.0;1.0;0.014213649556040764;1.0;NA;NA;NA;NA;NA;NA;NA;NA;NA
76;1.0;1.0;0.012869345024228096;1.0;0.013691595755517483;1.0;1.0;0.01451384648680687;1.0;NA;NA;NA;NA;NA;NA;NA;NA;NA
77;1.0;1.0;0.012788288295269012;1.0;0.013619506731629372;1.0;1.0;0.01445072516798973;1.0;NA;NA;NA;NA;NA;NA;NA;NA;NA
78;1.0;1.0;0.012386049143970013;1.0;0.01318461075425148;1.0;1.0;0.013983172364532948;1.0;NA;NA;NA;NA;NA;NA;NA;NA;NA
79;1.0;1.0;0.01250782236456871;1.0;0.013295849785208702;1.0;1.0;0.01408387627452612;1.0;NA;NA;NA;NA;NA;NA;NA;NA;NA
80;1.0;1.0;0.012134511955082417;1.0;0.012994920834898949;1.0;1.0;0.013855330646038055;1.0;NA;NA;NA;NA;NA;NA;NA;NA;NA
81;1.0;1.0;0.0124047277495265;1.0;0.013278602622449398;1.0;1.0;0.014152477495372295;1.0;NA;NA;NA;NA;NA;NA;NA;NA;NA
82;1.0;1.0;0.012504964135587215;1.0;0.013426544144749641;1.0;1.0;0.014348123222589493;1.0;NA;NA;NA;NA;NA;NA;NA;NA;NA
83;1.0;1.0;0.012302322313189507;1.0;0.01320243626832962;1.0;1.0;0.014102551154792309;1.0;NA;NA;NA;NA;NA;NA;NA;NA;NA
84;1.0;1.0;0.012087445706129074;1.0;0.01285148598253727;1.0;1.0;0.013615526258945465;1.0;NA;NA;NA;NA;NA;NA;NA;NA;NA
85;1.0;1.0;0.012300320900976658;1.0;0.013201617635786533;1.0;1.0;0.014102914370596409;1.0;NA;NA;NA;NA;NA;NA;NA;NA;NA
86;1.0;1.0;0.012739565223455429;1.0;0.013600335456430912;1.0;1.0;0.014461105689406395;1.0;NA;NA;NA;NA;NA;NA;NA;NA;NA
87;1.0;1.0;0.012700553983449936;1.0;0.013641292229294777;1.0;1.0;0.014582031406462193;1.0;NA;NA;NA;NA;NA;NA;NA;NA;NA
88;1.0;1.0;0.012999770231544971;1.0;0.013905195519328117;1.0;1.0;0.014810620807111263;1.0;NA;NA;NA;NA;NA;NA;NA;NA;NA
89;1.0;1.0;0.012540889903903008;1.0;0.013515258207917213;1.0;1.0;0.014489625580608845;1.0;NA;NA;NA;NA;NA;NA;NA;NA;NA
90;1.0;1.0;0.011985906399786472;1.0;0.012950317934155464;1.0;1.0;0.01391473039984703;1.0;NA;NA;NA;NA;NA;NA;NA;NA;NA
91;1.0;1.0;0.012569432146847248;1.0;0.013431677594780922;1.0;1.0;0.01429392397403717;1.0;NA;NA;NA;NA;NA;NA;NA;NA;NA
92;1.0;1.0;0.012487037107348442;1.0;0.013367041945457458;1.0;1.0;0.01424704771488905;1.0;NA;NA;NA;NA;NA;NA;NA;NA;NA
93;1.0;1.0;0.012051193043589592;1.0;0.01306018978357315;1.0;1.0;0.014069187454879284;1.0;NA;NA;NA;NA;NA;NA;NA;NA;NA
94;1.0;1.0;0.012420175597071648;1.0;0.013340802863240242;1.0;1.0;0.014261429198086262;1.0;NA;NA;NA;NA;NA;NA;NA;NA;NA
95;1.0;1.0;0.01221383921802044;1.0;0.01309984177350998;1.0;1.0;0.013985843397676945;1.0;NA;NA;NA;NA;NA;NA;NA;NA;NA
96;1.0;1.0;0.01235014945268631;1.0;0.013175022788345814;1.0;1.0;0.013999896124005318;1.0;NA;NA;NA;NA;NA;NA;NA;NA;NA
97;1.0;1.0;0.012532421387732029;1.0;0.013411354273557663;1.0;1.0;0.014290288090705872;1.0;NA;NA;NA;NA;NA;NA;NA;NA;NA
98;1.0;1.0;0.012718237936496735;1.0;0.013593252748250961;1.0;1.0;0.014468266628682613;1.0;NA;NA;NA;NA;NA;NA;NA;NA;NA
99;1.0;1.0;0.012586142867803574;1.0;0.01349962130188942;1.0;1.0;0.014413099735975266;1.0;NA;NA;NA;NA;NA;NA;NA;NA;NA
100;1.0;1.0;0.012487583793699741;1.0;0.013299010694026947;1.0;1.0;0.014110438525676727;1.0;NA;NA;NA;NA;NA;NA;NA;NA;NA
101;1.0;1.0;0.012370578944683075;1.0;0.013265511021018028;1.0;1.0;0.014160443097352982;1.0;NA;NA;NA;NA;NA;NA;NA;NA;NA
102;1.0;1.0;0.01215512864291668;1.0;0.013089554384350777;1.0;1.0;0.014023981057107449;1.0;NA;NA;NA;NA;NA;NA;NA;NA;NA
103;1.0;1.0;0.012762057594954967;1.0;0.013572356663644314;1.0;1.0;0.01438265573233366;1.0;NA;NA;NA;NA;NA;NA;NA;NA;NA
104;1.0;1.0;0.012362928129732609;1.0;0.013285374268889427;1.0;1.0;0.01420782133936882;1.0;NA;NA;NA;NA;NA;NA;NA;NA;NA
105;1.0;1.0;0.012571635656058788;1.0;0.01344379037618637;1.0;1.0;0.014315944164991379;1.0;NA;NA;NA;NA;NA;NA;NA;NA;NA
106;1.0;1.0;0.012235944159328938;1.0;0.013057891279459;1.0;1.0;0.013879838399589062;1.0;NA;NA;NA;NA;NA;NA;NA;NA;NA
107;1.0;1.0;0.012422294355928898;1.0;0.013291982002556324;1.0;1.0;0.01416166964918375;1.0;NA;NA;NA;NA;NA;NA;NA;NA;NA
108;1.0;1.0;0.012600810267031193;1.0;0.013470061123371124;1.0;1.0;0.014339311979711056;1.0;NA;NA;NA;NA;NA;NA;NA;NA;NA
109;1.0;1.0;0.012598191387951374;1.0;0.013510271906852722;1.0;1.0;0.014422353357076645;1.0;NA;NA;NA;NA;NA;NA;NA;NA;NA
110;1.0;1.0;0.012503963895142078;1.0;0.013324846513569355;1.0;1.0;0.014145729131996632;1.0;NA;NA;NA;NA;NA;NA;NA;NA;NA
111;1.0;1.0;0.012111167423427105;1.0;0.012881132774055004;1.0;1.0;0.013651098124682903;1.0;NA;NA;NA;NA;NA;NA;NA;NA;NA
112;1.0;1.0;0.012280141934752464;1.0;0.013080067932605743;1.0;1.0;0.013879993930459023;1.0;NA;NA;NA;NA;NA;NA;NA;NA;NA
113;1.0;1.0;0.012809542939066887;1.0;0.013673532754182816;1.0;1.0;0.014537522569298744;1.0;NA;NA;NA;NA;NA;NA;NA;NA;NA
114;1.0;1.0;0.01227940246462822;1.0;0.013240177184343338;1.0;1.0;0.014200952835381031;1.0;NA;NA;NA;NA;NA;NA;NA;NA;NA
115;1.0;1.0;0.01249286811798811;1.0;0.013321451842784882;1.0;1.0;0.014150035567581654;1.0;NA;NA;NA;NA;NA;NA;NA;NA;NA
116;1.0;1.0;0.01256537064909935;1.0;0.013395732268691063;1.0;1.0;0.014226092956960201;1.0;NA;NA;NA;NA;NA;NA;NA;NA;NA
117;1.0;1.0;0.012608272954821587;1.0;0.013368486426770687;1.0;1.0;0.014128699898719788;1.0;NA;NA;NA;NA;NA;NA;NA;NA;NA
118;1.0;1.0;0.01261355634778738;1.0;0.013558175414800644;1.0;1.0;0.014502794481813908;1.0;NA;NA;NA;NA;NA;NA;NA;NA;NA
119;1.0;1.0;0.012393812648952007;1.0;0.013209879398345947;1.0;1.0;0.014025946147739887;1.0;NA;NA;NA;NA;NA;NA;NA;NA;NA

kge:complex,kge_atom_embedding_size:100,reasoning_depth:1,epochs:120,seed:[0, 1, 2, 3, 4],learning_rate:0.01,runs:5,run_signature:countries_s2_backward_1_complex_r2n_None_100_1_[0, 1, 2, 3, 4]_1_0.5_0.0,train_file:train.txt,valid_file:None.txt,test_file:test.txt,facts_file:facts.txt,domain_file:domain2constants.txt,rules_file:rules.txt,rule_miner:None,adaptation_layer:identity,output_layer:dense,ragged:True,num_rules:1,relation_entity_grounder_max_elements:20,debug:False,stop_gradient_on_kge_embeddings:False,loss:binary_crossentropy,hard_rules:False,rule_weight:number,semiring:product,dropout_rate_embedder:0.0,dataset_name:countries_s2,format:functional,grounder:backward_1,num_negatives:1,signed:True,temperature:3.0,use_gumbel:True,aggregation_type:max,filter_num_heads:1,filter_activity_regularization:0.0,weight_loss:0.5,model_name:r2n,batch_size:-1,eval_batch_size:-1,test_batch_size:-1,valid_size:None,valid_negatives:10,valid_frequency:1000,engine_num_negatives:0,engine_num_adaptive_constants:0,constant_embedding_size:200,kge_regularization:0.0,resnet:True,reasoner_depth:1,enabled_reasoner_depth:1,reasoner_regularization_factor:0.0,reasoner_formula_hidden_embedding_size:100,reasoner_dropout_rate:0.0,reasoner_atom_embedding_size:100,create_flat_rule_list:True,valid_acc:[0. 0. 0. 0. 0. 0. 0. 0. 0.],best_val:0.0,test_acc:[0.32122711 0.32458673 0.31786749 0.92653332 0.892      0.948
 0.92640001 0.892      0.94400001],log_filename:results/logcountries_s2_backward_1_complex_r2n_None_100_1_[0, 1, 2, 3, 4]_1_0.5_0.0_2024-02-03-13-20-54.csv