0;0.338335245847702;0.3092573881149292;1.0;1.0;3.4853899478912354;0.6069855093955994;4.161615371704102;0.42877674102783203;0.38860630989074707;1.0;1.0;4.842756271362305;0.6498813629150391;0.437227338552475;0.6041666865348816;1.0;0.8125;1.9592655897140503;0.731249988079071;1.2343577146530151;0.6310896277427673;0.8958333134651184;1.0;1.0;0.5094498991966248;0.9270833134651184
1;0.33853408694267273;0.2919633686542511;1.0;1.0;3.116240978240967;0.5954561233520508;3.9756948947906494;0.4392845332622528;0.3916581869125366;1.0;1.0;4.835219860076904;0.6547982692718506;0.4375394582748413;0.6458333134651184;1.0;0.9166666865348816;1.7562652826309204;0.7652778029441833;1.1037452220916748;0.640483021736145;0.8541666865348816;1.0;1.0;0.45122528076171875;0.9375
2;0.3373180627822876;0.3041709065437317;1.0;1.0;2.744746685028076;0.5974907279014587;3.7847824096679688;0.43982818722724915;0.4048829972743988;1.0;1.0;4.829834938049316;0.6346218585968018;0.4532371163368225;0.6041666865348816;1.0;0.8958333134651184;1.5474992990493774;0.7506944537162781;0.970207929611206;0.6748744249343872;0.9375;1.0;1.0;0.3929164707660675;0.9548611640930176
3;0.339338481426239;0.27568668127059937;1.0;1.0;2.3730976581573486;0.5813835859298706;3.596038341522217;0.4488998055458069;0.4038657248020172;1.0;1.0;4.822539806365967;0.6510681509971619;0.4505385756492615;0.625;1.0;0.875;1.3321243524551392;0.7697916626930237;0.8343841433525085;0.6935705542564392;0.9375;1.0;1.0;0.3366439640522003;0.9166666865348816
4;0.3234814405441284;0.27060019969940186;1.0;1.0;2.017162561416626;0.5769752860069275;3.414397954940796;0.4504915177822113;0.4120040833950043;1.0;1.0;4.816868782043457;0.6469990015029907;0.4557238817214966;0.625;1.0;0.875;1.1306356191635132;0.7663194537162781;0.7064793109893799;0.7075069546699524;0.9166666865348816;1.0;1.0;0.28232303261756897;0.9895833134651184
5;0.3294016122817993;0.27670395374298096;1.0;1.0;1.6773161888122559;0.5815531015396118;3.242187738418579;0.4459415078163147;0.39572736620903015;1.0;1.0;4.816042900085449;0.6546287536621094;0.45658981800079346;0.6666666865348816;1.0;0.875;0.939856231212616;0.7906250357627869;0.5882040858268738;0.7146480083465576;0.9375;1.0;1.0;0.2365519255399704;0.9375
6;0.3433181643486023;0.28280773758888245;1.0;1.0;1.361757516860962;0.5859613418579102;3.081829071044922;0.44761860370635986;0.41403865814208984;1.0;1.0;4.815258979797363;0.6446253061294556;0.4584531784057617;0.6666666865348816;1.0;0.8333333134651184;0.76479572057724;0.7826388478279114;0.4826574921607971;0.7222640514373779;0.8958333134651184;1.0;1.0;0.20051927864551544;0.9583333134651184
7;0.34816980361938477;0.3031536042690277;1.0;1.0;1.1082290410995483;0.5944387912750244;2.957676410675049;0.4466696083545685;0.40691760182380676;1.0;1.0;4.810868263244629;0.663445234298706;0.45483076572418213;0.6666666865348816;1.0;0.8333333134651184;0.6181878447532654;0.7756944298744202;0.39949557185173035;0.7256288528442383;0.8958333134651184;1.0;1.0;0.1808032989501953;0.9583333134651184
8;0.359225869178772;0.32960325479507446;1.0;1.0;0.8931426405906677;0.6158019304275513;2.8492283821105957;0.44908520579338074;0.4160732328891754;1.0;1.0;4.810853004455566;0.6483554244041443;0.45123714208602905;0.7083333134651184;1.0;0.8333333134651184;0.514096200466156;0.800000011920929;0.3452366292476654;0.7248769402503967;0.8958333134651184;1.0;1.0;0.1763770580291748;0.9791666865348816
9;0.3545335531234741;0.3204476237297058;1.0;1.0;0.7648071646690369;0.6129196286201477;2.7835865020751953;0.4524182379245758;0.40081384778022766;1.0;1.0;4.810548782348633;0.6500508785247803;0.4495224952697754;0.6875;1.0;0.8333333134651184;0.44564029574394226;0.7895833849906921;0.31527048349380493;0.7223172187805176;0.9166666865348816;1.0;1.0;0.1849006861448288;0.96875
10;0.37745457887649536;0.3672431409358978;1.0;1.0;0.6899962425231934;0.6388606429100037;2.7460224628448486;0.45319658517837524;0.427263468503952;1.0;1.0;4.81273078918457;0.657171905040741;0.45027485489845276;0.6875;1.0;0.9166666865348816;0.40237298607826233;0.7965278029441833;0.30134254693984985;0.7167022228240967;0.9375;1.0;1.0;0.20031212270259857;0.96875
11;0.39962610602378845;0.43031537532806396;1.0;1.0;0.6440587043762207;0.681247889995575;2.7238495349884033;0.4500684440135956;0.39064088463783264;1.0;1.0;4.816828727722168;0.6556459665298462;0.45258286595344543;0.7291666865348816;1.0;0.8958333134651184;0.3818209171295166;0.8180555701255798;0.2985621988773346;0.7137036323547363;0.9375;1.0;1.0;0.2153034657239914;0.9583333134651184
12;0.42912793159484863;0.48524925112724304;1.0;1.0;0.6232609748840332;0.7139708995819092;2.7181575298309326;0.45238199830055237;0.3865717053413391;1.0;1.0;4.818875789642334;0.6680230498313904;0.458459734916687;0.75;1.0;0.8958333134651184;0.37103843688964844;0.8309027552604675;0.2989833652973175;0.7150894403457642;0.9375;1.0;1.0;0.22692827880382538;0.96875
13;0.4828692078590393;0.5584943890571594;1.0;1.0;0.6041160821914673;0.7599186301231384;2.708794593811035;0.45400553941726685;0.41912513971328735;1.0;1.0;4.821422576904297;0.6600543260574341;0.4669666290283203;0.7291666865348816;1.0;0.875;0.36606666445732117;0.8187499642372131;0.29977431893348694;0.7140213847160339;0.9166666865348816;1.0;1.0;0.23348195850849152;0.96875
14;0.5354706048965454;0.6185147762298584;1.0;1.0;0.5904279947280884;0.7941675782203674;2.7022998332977295;0.44624993205070496;0.4048829972743988;1.0;1.0;4.824506759643555;0.6593760251998901;0.4839175343513489;0.7291666865348816;1.0;0.875;0.3634967505931854;0.8128471970558167;0.29947832226753235;0.7052918672561646;0.9166666865348816;1.0;1.0;0.23545990884304047;0.9548611640930176
15;0.574870228767395;0.6927772164344788;1.0;1.0;0.57500159740448;0.8365548253059387;2.69642972946167;0.445186972618103;0.4109867811203003;1.0;1.0;4.825321197509766;0.6625975370407104;0.5032950043678284;0.6875;1.0;0.9166666865348816;0.3621569573879242;0.8010416626930237;0.2964881658554077;0.7079581022262573;0.9166666865348816;1.0;1.0;0.23081934452056885;0.9548611640930176
16;0.6294294595718384;0.7507629990577698;1.0;1.0;0.5584563612937927;0.8699560165405273;2.6880743503570557;0.4470576345920563;0.39572736620903015;1.0;1.0;4.824154376983643;0.6561546325683594;0.4991399049758911;0.6875;1.0;0.9166666865348816;0.3621583878993988;0.8045139312744141;0.29346466064453125;0.7142111659049988;0.9583333134651184;1.0;1.0;0.2247709035873413;0.9791666865348816
17;0.6792677640914917;0.7772126197814941;1.0;1.0;0.542023241519928;0.8835198283195496;2.6798477172851562;0.45056256651878357;0.4099694788455963;1.0;1.0;4.823758602142334;0.6424211859703064;0.5048071146011353;0.6875;1.0;0.875;0.36109471321105957;0.8045139312744141;0.2899330258369446;0.7218928933143616;0.9583333134651184;1.0;1.0;0.2187713384628296;0.96875
18;0.7398015856742859;0.8362156748771667;1.0;1.0;0.5259426832199097;0.9164122939109802;2.6711034774780273;0.4421600103378296;0.4059002995491028;1.0;1.0;4.82464075088501;0.6632756590843201;0.5005359649658203;0.7291666865348816;1.0;0.8958333134651184;0.36032629013061523;0.8236110806465149;0.2855931222438812;0.7271686792373657;0.9583333134651184;1.0;1.0;0.21085993945598602;0.9791666865348816
19;0.7813805341720581;0.8708036541938782;1.0;1.0;0.5099287033081055;0.9342150092124939;2.664259433746338;0.44582927227020264;0.40284842252731323;1.0;1.0;4.822880744934082;0.6410647630691528;0.4958735704421997;0.7083333134651184;1.0;0.8958333134651184;0.3604515790939331;0.8145833015441895;0.2836066782474518;0.7326558828353882;0.9791666865348816;1.0;1.0;0.20676176249980927;0.9895833134651184
20;0.7965846061706543;0.8779247403144836;1.0;1.0;0.49931085109710693;0.9360799789428711;2.6542999744415283;0.4460468292236328;0.4160732328891754;1.0;1.0;4.822603702545166;0.6398779153823853;0.5050716400146484;0.6666666865348816;1.0;0.8541666865348816;0.36223268508911133;0.7857639193534851;0.2807125151157379;0.7372820377349854;0.9791666865348816;1.0;1.0;0.1991923600435257;0.9895833134651184
21;0.844080924987793;0.9033570885658264;1.0;1.0;0.4831615686416626;0.9506612420082092;2.647717237472534;0.44210100173950195;0.39674466848373413;1.0;1.0;4.821710586547852;0.6508985757827759;0.5073959827423096;0.6875;1.0;0.8541666865348816;0.3623689115047455;0.7961805462837219;0.27825281023979187;0.7390843629837036;1.0;1.0;1.0;0.19413669407367706;1.0
22;0.8458963632583618;0.914547324180603;1.0;1.0;0.47266140580177307;0.9572736620903015;2.643678903579712;0.4469869136810303;0.4109867811203003;1.0;1.0;4.820135593414307;0.6466599106788635;0.5080183744430542;0.6875;1.0;0.875;0.360697478055954;0.8013889193534851;0.27485254406929016;0.7325546741485596;0.9583333134651184;1.0;1.0;0.18900759518146515;0.9791666865348816
23;0.8693670034408569;0.9155645966529846;1.0;1.0;0.464813232421875;0.9572737216949463;2.6375908851623535;0.44852548837661743;0.4170905351638794;1.0;1.0;4.818709373474121;0.6492030620574951;0.5061146020889282;0.6875;1.0;0.875;0.3606276214122772;0.8013889193534851;0.2739593982696533;0.7326173186302185;0.9583333134651184;1.0;1.0;0.1872911900281906;0.9791666865348816
24;0.9095267057418823;0.9389623403549194;1.0;1.0;0.4482787251472473;0.9689726233482361;2.6313159465789795;0.4491599202156067;0.4109867811203003;1.0;1.0;4.818050861358643;0.6432689428329468;0.5003868937492371;0.6875;1.0;0.875;0.3624856173992157;0.8013889193534851;0.27378231287002563;0.7378102540969849;0.9583333134651184;1.0;1.0;0.18507897853851318;0.9791666865348816
25;0.938208818435669;0.9643946886062622;1.0;1.0;0.4339502155780792;0.9820278286933899;2.6205410957336426;0.45080631971359253;0.4048829972743988;1.0;1.0;4.817334175109863;0.6593760251998901;0.4959581792354584;0.6875;1.0;0.875;0.3646971881389618;0.7944443821907043;0.2736186981201172;0.7392591238021851;0.9791666865348816;1.0;1.0;0.1825401782989502;0.9895833134651184
26;0.9302382469177246;0.9511699080467224;1.0;1.0;0.42865630984306335;0.9754154086112976;2.622359275817871;0.4534063935279846;0.41403865814208984;1.0;1.0;4.815988540649414;0.6612411141395569;0.4952200651168823;0.6666666865348816;1.0;0.875;0.3667660057544708;0.7805555462837219;0.2738836407661438;0.7393993735313416;0.9791666865348816;1.0;1.0;0.18100130558013916;0.9895833134651184
27;0.9458414316177368;0.9643946886062622;1.0;1.0;0.415636271238327;0.9821973443031311;2.6137630939483643;0.4515570104122162;0.428280770778656;1.0;1.0;4.81602668762207;0.6544591188430786;0.5058903694152832;0.6666666865348816;1.0;0.875;0.3643125593662262;0.7840277552604675;0.2713501453399658;0.7408068180084229;0.9791666865348816;1.0;1.0;0.17838774621486664;0.9895833134651184
28;0.9652478694915771;0.9694811701774597;1.0;1.0;0.40178021788597107;0.9847406148910522;2.6058261394500732;0.45223119854927063;0.38351982831954956;1.0;1.0;4.814977645874023;0.6488639712333679;0.5152113437652588;0.6875;1.0;0.8958333134651184;0.3596372902393341;0.800694465637207;0.26814156770706177;0.7403528690338135;0.9791666865348816;1.0;1.0;0.17664583027362823;0.9895833134651184
29;0.9713287949562073;0.9786368012428284;1.0;1.0;0.39151278138160706;0.9891489148139954;2.596478223800659;0.4506310224533081;0.4120040833950043;1.0;1.0;4.814663887023926;0.6397083401679993;0.5195047855377197;0.6875;1.0;0.875;0.358462929725647;0.7979166507720947;0.26683667302131653;0.739721953868866;0.9791666865348816;1.0;1.0;0.17521043121814728;0.9895833134651184
30;0.9788012504577637;0.9837232828140259;1.0;1.0;0.38272514939308167;0.9918616414070129;2.592348337173462;0.4504126012325287;0.3875890076160431;1.0;1.0;4.814424514770508;0.6581892371177673;0.5196599364280701;0.6875;1.0;0.875;0.3573509156703949;0.7979166507720947;0.26550519466400146;0.739952564239502;0.9791666865348816;1.0;1.0;0.17365948855876923;0.9895833134651184
31;0.9849292039871216;0.9827060103416443;1.0;1.0;0.37128257751464844;0.9913529753684998;2.587745189666748;0.4484771192073822;0.40284842252731323;1.0;1.0;4.814577102661133;0.6751441359519958;0.5220344066619873;0.6875;1.0;0.9166666865348816;0.3575320243835449;0.8024305701255798;0.26385602355003357;0.7407616376876831;0.9791666865348816;1.0;1.0;0.17018000781536102;0.9895833134651184
32;0.9861451387405396;0.9867751598358154;1.0;1.0;0.359610378742218;0.9933875799179077;2.582301378250122;0.4494450092315674;0.4231942892074585;1.0;1.0;4.813799858093262;0.6776873469352722;0.5231430530548096;0.6875;1.0;0.9166666865348816;0.35928869247436523;0.8024305701255798;0.2644001543521881;0.7428760528564453;0.9791666865348816;1.0;1.0;0.16951163113117218;0.9895833134651184
33;0.9914246797561646;0.9888097643852234;1.0;1.0;0.3477517366409302;0.9944049119949341;2.5800862312316895;0.4499661922454834;0.41302135586738586;1.0;1.0;4.812856197357178;0.6646321415901184;0.5217156410217285;0.6875;1.0;0.8958333134651184;0.36117252707481384;0.7927083373069763;0.2649238705635071;0.7419155240058899;0.9791666865348816;1.0;1.0;0.1686752289533615;0.9895833134651184
34;0.9917646646499634;0.9938962459564209;1.0;1.0;0.3416714370250702;0.9969481229782104;2.572171688079834;0.4528173804283142;0.3875890076160431;1.0;1.0;4.811951637268066;0.655306875705719;0.5278502106666565;0.6875;1.0;0.9166666865348816;0.3574821949005127;0.809374988079071;0.2611292004585266;0.7417224645614624;0.9791666865348816;1.0;1.0;0.16477622091770172;0.9895833134651184
35;0.9932569265365601;0.9918616414070129;1.0;1.0;0.33189356327056885;0.9959308505058289;2.567499876022339;0.4533544182777405;0.3987792432308197;1.0;1.0;4.810635089874268;0.6476771831512451;0.5326610207557678;0.6875;1.0;0.9166666865348816;0.3535470962524414;0.809374988079071;0.2584375739097595;0.740692138671875;0.9791666865348816;1.0;1.0;0.16332806646823883;0.9895833134651184
36;0.9957482814788818;0.9949135184288025;1.0;1.0;0.32415443658828735;0.9972872138023376;2.565964698791504;0.4507484436035156;0.4160732328891754;1.0;1.0;4.810836315155029;0.6798914670944214;0.5366246700286865;0.7083333134651184;1.0;0.8958333134651184;0.35311469435691833;0.8180555701255798;0.257064551115036;0.7399568557739258;0.9791666865348816;1.0;1.0;0.1610143929719925;0.9895833134651184
37;0.9962752461433411;0.9989827275276184;1.0;1.0;0.31414926052093506;0.9994913339614868;2.5607292652130127;0.4514353573322296;0.39064088463783264;1.0;1.0;4.8109517097473145;0.6439471244812012;0.5367646217346191;0.7083333134651184;1.0;0.8958333134651184;0.35470783710479736;0.8180555701255798;0.2575765550136566;0.7389405965805054;0.9791666865348816;1.0;1.0;0.16044528782367706;0.9895833134651184
38;0.9978684186935425;0.9969481229782104;1.0;1.0;0.30354881286621094;0.9984740614891052;2.5560452938079834;0.4502047300338745;0.38962361216545105;1.0;1.0;4.8103461265563965;0.6492031216621399;0.5388585329055786;0.7083333134651184;1.0;0.8958333134651184;0.3541702926158905;0.8215277791023254;0.25659069418907166;0.7406575679779053;0.9791666865348816;1.0;1.0;0.159011110663414;0.9895833134651184
39;0.9983479380607605;0.997965395450592;1.0;1.0;0.2968636453151703;0.9989827275276184;2.548426628112793;0.4495667517185211;0.40183112025260925;1.0;1.0;4.810904502868652;0.6524245738983154;0.5401767492294312;0.6875;1.0;0.8958333134651184;0.35226190090179443;0.8111111521720886;0.25411316752433777;0.7409802079200745;0.9791666865348816;1.0;1.0;0.1559644341468811;0.9895833134651184
40;0.9985995292663574;0.997965395450592;1.0;1.0;0.28887566924095154;0.9989827275276184;2.5405185222625732;0.45538800954818726;0.39471006393432617;1.0;1.0;4.807293891906738;0.6607325077056885;0.5412463545799255;0.7083333134651184;1.0;0.9166666865348816;0.3519209325313568;0.8232638835906982;0.2533717751502991;0.7409802675247192;0.9791666865348816;1.0;1.0;0.15482260286808014;0.9895833134651184
41;0.9993939399719238;1.0;1.0;1.0;0.28111517429351807;1.0;2.540090322494507;0.45012491941452026;0.4109867811203003;1.0;1.0;4.808968544006348;0.6480162739753723;0.5423437356948853;0.7291666865348816;1.0;0.8958333134651184;0.35265788435935974;0.831944465637207;0.25348153710365295;0.7400954961776733;0.9791666865348816;1.0;1.0;0.15430517494678497;0.9895833134651184
42;0.9992895126342773;1.0;1.0;1.0;0.2732692360877991;1.0;2.535386085510254;0.45311111211776733;0.4059002995491028;1.0;1.0;4.807190418243408;0.6620888710021973;0.5464426279067993;0.75;1.0;0.9166666865348816;0.3527817726135254;0.840624988079071;0.25223326683044434;0.7403967380523682;0.9791666865348816;1.0;1.0;0.15168477594852448;0.9895833134651184
43;0.9996324777603149;0.9989827275276184;1.0;1.0;0.26535630226135254;0.9994913339614868;2.5349128246307373;0.45275992155075073;0.39572736620903015;1.0;1.0;4.807000160217285;0.6617497205734253;0.5483781099319458;0.7708333134651184;1.0;0.9166666865348816;0.34977078437805176;0.8510416150093079;0.249482199549675;0.7403726577758789;0.9791666865348816;1.0;1.0;0.14919361472129822;0.9895833134651184
44;0.9992325901985168;1.0;1.0;1.0;0.25807541608810425;1.0;2.5268394947052;0.45298466086387634;0.4231942892074585;1.0;1.0;4.806933403015137;0.6661580801010132;0.5541824698448181;0.7708333134651184;1.0;0.9166666865348816;0.34687939286231995;0.8510416150093079;0.2476215362548828;0.7399240136146545;0.9791666865348816;1.0;1.0;0.14836366474628448;0.9895833134651184
45;0.9998129606246948;1.0;1.0;1.0;0.2515467703342438;1.0;2.527376174926758;0.45055192708969116;0.3936927914619446;1.0;1.0;4.8070244789123535;0.6605629324913025;0.5558240413665771;0.7916666865348816;1.0;0.9583333134651184;0.34887197613716125;0.8694444298744202;0.24821262061595917;0.7397205233573914;0.9791666865348816;1.0;1.0;0.14755326509475708;0.9895833134651184
46;0.9982786774635315;0.997965395450592;1.0;1.0;0.24534760415554047;0.9989827275276184;2.5211267471313477;0.4519754946231842;0.4221770167350769;1.0;1.0;4.806798934936523;0.6488640904426575;0.5559836030006409;0.7916666865348816;1.0;0.9375;0.34851953387260437;0.8677083849906921;0.24767839908599854;0.7394442558288574;0.9791666865348816;1.0;1.0;0.1468372642993927;0.9895833134651184
47;0.9997254610061646;1.0;1.0;1.0;0.23966793715953827;1.0;2.5175018310546875;0.45115870237350464;0.42624619603157043;1.0;1.0;4.806682586669922;0.6417429447174072;0.5601804852485657;0.7916666865348816;1.0;0.9375;0.34707483649253845;0.8642361164093018;0.2470993995666504;0.7392271161079407;0.9791666865348816;1.0;1.0;0.14712397754192352;0.9895833134651184
48;0.9996902346611023;1.0;1.0;1.0;0.23207327723503113;1.0;2.513545036315918;0.45253628492355347;0.4221770167350769;1.0;1.0;4.805603981018066;0.6559851169586182;0.5624400973320007;0.7916666865348816;1.0;0.9375;0.34644556045532227;0.8642361164093018;0.24638013541698456;0.7370548248291016;0.9791666865348816;1.0;1.0;0.14631469547748566;0.9895833134651184
49;0.9997701644897461;1.0;1.0;1.0;0.22478732466697693;1.0;2.5125629901885986;0.4549886882305145;0.3977619409561157;1.0;1.0;4.8044753074646;0.6476771235466003;0.5647661685943604;0.8125;1.0;0.9375;0.34568047523498535;0.8746528029441833;0.24550071358680725;0.736958384513855;0.9791666865348816;1.0;1.0;0.14532096683979034;0.9895833134651184
50;0.999900758266449;1.0;1.0;1.0;0.22145287692546844;1.0;2.511275053024292;0.45255228877067566;0.43133264780044556;1.0;1.0;4.804915428161621;0.6575110554695129;0.5725440979003906;0.8333333134651184;1.0;0.9375;0.3424025774002075;0.8920138478279114;0.24390287697315216;0.7381467819213867;0.9791666865348816;1.0;1.0;0.14540322124958038;0.9895833134651184
51;0.9999362230300903;1.0;1.0;1.0;0.21613627672195435;1.0;2.5016658306121826;0.45538800954818726;0.39064088463783264;1.0;1.0;4.803705215454102;0.6458121538162231;0.5765924453735352;0.8333333134651184;1.0;0.9375;0.3417384624481201;0.8920138478279114;0.24289095401763916;0.737776517868042;0.9791666865348816;1.0;1.0;0.1440434604883194;0.9895833134651184
52;0.9998931884765625;1.0;1.0;1.0;0.2116858959197998;1.0;2.503176212310791;0.4504281282424927;0.4099694788455963;1.0;1.0;4.806118011474609;0.6637843251228333;0.5703587532043457;0.8125;1.0;0.9375;0.34612950682640076;0.8756944537162781;0.24347443878650665;0.7383359670639038;0.9791666865348816;1.0;1.0;0.14081935584545135;0.9895833134651184
53;0.9996704459190369;1.0;1.0;1.0;0.20910155773162842;1.0;2.5032761096954346;0.4551273286342621;0.39064088463783264;1.0;1.0;4.805159091949463;0.6422516703605652;0.572282612323761;0.8125;1.0;0.9583333134651184;0.3461982011795044;0.8809027671813965;0.24258673191070557;0.7385731339454651;0.9791666865348816;1.0;1.0;0.13897524774074554;0.9895833134651184
54;0.9997976422309875;1.0;1.0;1.0;0.20181649923324585;1.0;2.4989631175994873;0.4517172873020172;0.3977619409561157;1.0;1.0;4.806108474731445;0.6576805710792542;0.5852516293525696;0.8541666865348816;1.0;0.9375;0.3391916751861572;0.909375011920929;0.24133099615573883;0.7368788719177246;0.9791666865348816;1.0;1.0;0.14347036182880402;0.9895833134651184
55;0.9999062418937683;1.0;1.0;1.0;0.20672743022441864;1.0;2.504500150680542;0.447075217962265;0.39471006393432617;1.0;1.0;4.810179710388184;0.643268883228302;0.5850876569747925;0.8541666865348816;1.0;0.9375;0.3430100381374359;0.909375011920929;0.2461927831172943;0.7369274497032166;0.9791666865348816;1.0;1.0;0.14937551319599152;0.9895833134651184
56;0.9998763799667358;1.0;1.0;1.0;0.19361697137355804;1.0;2.4965085983276367;0.4561890661716461;0.4181078374385834;1.0;1.0;4.8035125732421875;0.665140688419342;0.5805749297142029;0.8333333134651184;1.0;0.9375;0.3409837484359741;0.890625;0.23836931586265564;0.7390100955963135;0.9791666865348816;1.0;1.0;0.13575489819049835;0.9895833134651184
57;0.9998729228973389;1.0;1.0;1.0;0.19469572603702545;1.0;2.499016046524048;0.449885755777359;0.4150559604167938;1.0;1.0;4.806685447692871;0.6556459665298462;0.5777899026870728;0.8125;1.0;0.9583333134651184;0.3481396734714508;0.8854166865348816;0.24222582578659058;0.7403753399848938;0.9791666865348816;1.0;1.0;0.13631196320056915;0.9895833134651184
58;0.9998287558555603;0.9989827275276184;1.0;1.0;0.18624034523963928;0.9994913339614868;2.4890828132629395;0.4523807764053345;0.4150559604167938;1.0;1.0;4.804834842681885;0.6537809371948242;0.5874574184417725;0.8333333134651184;1.0;0.9583333134651184;0.33970585465431213;0.9027778506278992;0.23527373373508453;0.7392562627792358;0.9791666865348816;1.0;1.0;0.13084165751934052;0.9895833134651184
59;0.9999432563781738;1.0;1.0;1.0;0.17656171321868896;1.0;2.487966299057007;0.452480286359787;0.3987792432308197;1.0;1.0;4.8037214279174805;0.669040322303772;0.5961456298828125;0.8958333134651184;1.0;0.9583333134651184;0.3350185453891754;0.9329860806465149;0.2331288456916809;0.7379152178764343;0.9791666865348816;1.0;1.0;0.1312391310930252;0.9895833134651184
60;0.9990389347076416;0.997965395450592;1.0;1.0;0.17578433454036713;0.9989827275276184;2.48571515083313;0.4534268379211426;0.4059002995491028;1.0;1.0;4.803125381469727;0.6473380923271179;0.5948877334594727;0.8958333134651184;1.0;0.9375;0.3360215723514557;0.9312500357627869;0.23499085009098053;0.7380659580230713;0.9791666865348816;1.0;1.0;0.13396012783050537;0.9895833134651184
61;0.9996135234832764;0.9989827275276184;1.0;1.0;0.17286939918994904;0.9994913339614868;2.4843223094940186;0.4494849145412445;0.3977619409561157;1.0;1.0;4.804014205932617;0.6547982692718506;0.5940347909927368;0.8958333134651184;1.0;0.9583333134651184;0.3364903926849365;0.9340278506278992;0.2333550751209259;0.7381467819213867;0.9791666865348816;1.0;1.0;0.13021977245807648;0.9895833134651184
62;0.9998703598976135;1.0;1.0;1.0;0.1660044640302658;1.0;2.4810218811035156;0.45218974351882935;0.3997965455055237;1.0;1.0;4.802297115325928;0.6597151756286621;0.5942093133926392;0.875;1.0;0.9791666865348816;0.3387545049190521;0.9253472685813904;0.23235878348350525;0.7403667569160461;0.9791666865348816;1.0;1.0;0.12596304714679718;0.9895833134651184
63;0.9998759031295776;1.0;1.0;1.0;0.160863995552063;1.0;2.4781606197357178;0.4532502293586731;0.4048829972743988;1.0;1.0;4.801854133605957;0.6639538407325745;0.598402202129364;0.875;1.0;0.9791666865348816;0.3385964334011078;0.928819477558136;0.23157893121242523;0.7401840090751648;0.9791666865348816;1.0;1.0;0.12456139177083969;0.9895833134651184
64;0.999935507774353;1.0;1.0;1.0;0.15703538060188293;1.0;2.4758734703063965;0.4513571262359619;0.40284842252731323;1.0;1.0;4.803121566772461;0.6532723307609558;0.6031802296638489;0.8958333134651184;1.0;0.9791666865348816;0.3360239267349243;0.9357638955116272;0.22984977066516876;0.7405495643615723;0.9791666865348816;1.0;1.0;0.12367561459541321;0.9895833134651184
65;0.9997549057006836;0.9989827275276184;1.0;1.0;0.1539389193058014;0.9994913339614868;2.475706100463867;0.450195848941803;0.40284842252731323;1.0;1.0;4.802835464477539;0.6551373600959778;0.6066501140594482;0.8958333134651184;1.0;0.9791666865348816;0.3366664946079254;0.9357638955116272;0.23014959692955017;0.7396982908248901;0.9791666865348816;1.0;1.0;0.12363270670175552;0.9895833134651184
66;0.9999239444732666;0.9989827275276184;1.0;1.0;0.15079069137573242;0.9994913339614868;2.4709832668304443;0.4527242183685303;0.4181078374385834;1.0;1.0;4.8024187088012695;0.6525940895080566;0.6059674620628357;0.8958333134651184;1.0;0.9791666865348816;0.335766077041626;0.9357638955116272;0.22934147715568542;0.7402568459510803;0.9791666865348816;1.0;1.0;0.12291691452264786;0.9895833134651184
67;0.999842643737793;1.0;1.0;1.0;0.1483781933784485;1.0;2.47208309173584;0.45496904850006104;0.4181078374385834;1.0;1.0;4.800558567047119;0.6456426382064819;0.6075472831726074;0.8958333134651184;1.0;1.0;0.3345402479171753;0.9375;0.22829748690128326;0.7405143976211548;0.9791666865348816;1.0;1.0;0.12205472588539124;0.9895833134651184
68;0.9997655153274536;1.0;1.0;1.0;0.1425490528345108;1.0;2.4668936729431152;0.4524696171283722;0.3916581869125366;1.0;1.0;4.800965309143066;0.6609020829200745;0.6103616952896118;0.8958333134651184;1.0;1.0;0.3338845670223236;0.9375;0.2276073694229126;0.7398371696472168;0.9791666865348816;1.0;1.0;0.12133017182350159;0.9895833134651184
69;0.999920666217804;1.0;1.0;1.0;0.1430824100971222;1.0;2.468318223953247;0.45413658022880554;0.3987792432308197;1.0;1.0;4.800996780395508;0.656832754611969;0.6130614876747131;0.9166666865348816;1.0;1.0;0.3331359922885895;0.9548611640930176;0.22638167440891266;0.740443766117096;0.9791666865348816;1.0;1.0;0.11962738633155823;0.9895833134651184
70;0.9995489120483398;1.0;1.0;1.0;0.13876354694366455;1.0;2.4682295322418213;0.45086097717285156;0.3875890076160431;1.0;1.0;4.801685333251953;0.6446253061294556;0.6138825416564941;0.9166666865348816;1.0;1.0;0.3330827057361603;0.9479166865348816;0.22622299194335938;0.7396442294120789;0.9791666865348816;1.0;1.0;0.11936327815055847;0.9895833134651184
71;0.9999662041664124;1.0;1.0;1.0;0.1350264847278595;1.0;2.4635162353515625;0.4515104293823242;0.40793490409851074;1.0;1.0;4.800759315490723;0.6505594849586487;0.6157588958740234;0.9166666865348816;1.0;1.0;0.3308989405632019;0.9513888955116272;0.22478894889354706;0.7390862107276917;0.9791666865348816;1.0;1.0;0.11867893487215042;0.9895833134651184
72;0.9996907711029053;1.0;1.0;1.0;0.1332600712776184;1.0;2.463683605194092;0.4535084366798401;0.4170905351638794;1.0;1.0;4.800365447998047;0.6537808775901794;0.6174899339675903;0.9166666865348816;1.0;1.0;0.32921555638313293;0.9513888955116272;0.22342179715633392;0.7395429611206055;0.9791666865348816;1.0;1.0;0.11762803047895432;0.9895833134651184
73;0.9998729228973389;1.0;1.0;1.0;0.12944744527339935;1.0;2.46028995513916;0.45231252908706665;0.3977619409561157;1.0;1.0;4.801458358764648;0.6570023894309998;0.6175411939620972;0.9166666865348816;1.0;1.0;0.33022287487983704;0.9548611640930176;0.22341710329055786;0.7402944564819336;0.9791666865348816;1.0;1.0;0.11661133915185928;0.9895833134651184
74;0.9997309446334839;1.0;1.0;1.0;0.13199986517429352;1.0;2.4580020904541016;0.4528508186340332;0.4221770167350769;1.0;1.0;4.800065040588379;0.6697185635566711;0.6218816637992859;0.9166666865348816;1.0;1.0;0.32688847184181213;0.9548611640930176;0.22056744992733002;0.739922046661377;0.9791666865348816;1.0;1.0;0.1142464280128479;0.9895833134651184
75;0.9985779523849487;1.0;1.0;1.0;0.12645021080970764;1.0;2.4564812183380127;0.4520403742790222;0.41302135586738586;1.0;1.0;4.8009209632873535;0.6378432512283325;0.6229233741760254;0.9166666865348816;1.0;1.0;0.32584235072135925;0.9548611640930176;0.21949602663516998;0.7391343116760254;0.9791666865348816;1.0;1.0;0.11314967274665833;0.9895833134651184
76;0.9995104074478149;0.997965395450592;1.0;1.0;0.12488424777984619;0.9989827275276184;2.460752248764038;0.4528922140598297;0.3875890076160431;1.0;1.0;4.8000168800354;0.665310263633728;0.622780442237854;0.9166666865348816;1.0;1.0;0.32540783286094666;0.9548611640930176;0.21895943582057953;0.7387001514434814;0.9791666865348816;1.0;1.0;0.11251101642847061;0.9895833134651184
77;0.9996387362480164;1.0;1.0;1.0;0.12108375132083893;1.0;2.4547135829925537;0.45044535398483276;0.41403865814208984;1.0;1.0;4.800960063934326;0.6671753525733948;0.6226816177368164;0.9166666865348816;1.0;1.0;0.3249112367630005;0.9548611640930176;0.21892163157463074;0.7387001514434814;0.9791666865348816;1.0;1.0;0.11293205618858337;0.9895833134651184
78;0.999625027179718;1.0;1.0;1.0;0.12269487231969833;1.0;2.4580371379852295;0.45165908336639404;0.3926754891872406;1.0;1.0;4.801409721374512;0.6502204537391663;0.6241568326950073;0.9166666865348816;1.0;1.0;0.3241715133190155;0.9548611640930176;0.21776393055915833;0.7395429611206055;0.9791666865348816;1.0;1.0;0.11135631799697876;0.9895833134651184
79;0.9996110200881958;1.0;1.0;1.0;0.1197403147816658;1.0;2.4579105377197266;0.45267608761787415;0.4211597144603729;1.0;1.0;4.800849914550781;0.6631062030792236;0.626522958278656;0.9166666865348816;1.0;1.0;0.32329151034355164;0.9548611640930176;0.21681950986385345;0.7404301166534424;0.9791666865348816;1.0;1.0;0.11034753918647766;0.9895833134651184
80;0.9994714260101318;0.9989827275276184;1.0;1.0;0.11736336350440979;0.9994913339614868;2.4528074264526367;0.45117688179016113;0.42522889375686646;1.0;1.0;4.800066947937012;0.6544591784477234;0.6283210515975952;0.9166666865348816;1.0;1.0;0.32263877987861633;0.9548611640930176;0.2160433977842331;0.7402372360229492;0.9791666865348816;1.0;1.0;0.10944802314043045;0.9895833134651184
81;0.9996811151504517;1.0;1.0;1.0;0.11488622426986694;1.0;2.450627565383911;0.4514067769050598;0.38046795129776;1.0;1.0;4.800793170928955;0.6293659210205078;0.6282095909118652;0.9166666865348816;1.0;1.0;0.32263070344924927;0.9548611640930176;0.2161584347486496;0.7392532825469971;0.9791666865348816;1.0;1.0;0.10968619585037231;0.9895833134651184
82;0.9996594190597534;1.0;1.0;1.0;0.11420584470033646;1.0;2.4565608501434326;0.4512871503829956;0.427263468503952;1.0;1.0;4.800029754638672;0.663614809513092;0.6286331415176392;0.9166666865348816;1.0;1.0;0.3223934471607208;0.9548611640930176;0.21608246862888336;0.7393894791603088;0.9791666865348816;1.0;1.0;0.10977151989936829;0.9895833134651184
83;0.9996179342269897;1.0;1.0;1.0;0.11141756176948547;1.0;2.454925537109375;0.45014238357543945;0.39674466848373413;1.0;1.0;4.801356315612793;0.657171905040741;0.6305809020996094;0.9166666865348816;1.0;1.0;0.3210022747516632;0.9548611640930176;0.21460965275764465;0.7396246194839478;0.9791666865348816;1.0;1.0;0.1082170233130455;0.9895833134651184
84;0.9995004534721375;1.0;1.0;1.0;0.11002896726131439;1.0;2.448857069015503;0.4543730616569519;0.41302135586738586;1.0;1.0;4.79945707321167;0.6726008653640747;0.6345358490943909;0.9166666865348816;1.0;1.0;0.31951045989990234;0.9583333134651184;0.21290944516658783;0.7398732900619507;0.9791666865348816;1.0;1.0;0.10630843788385391;0.9895833134651184
85;0.9994194507598877;0.9989827275276184;1.0;1.0;0.1083841398358345;0.9994913339614868;2.450899362564087;0.4511508047580719;0.427263468503952;1.0;1.0;4.7989702224731445;0.6592065095901489;0.6347256898880005;0.9166666865348816;1.0;1.0;0.3186507523059845;0.9583333134651184;0.2117939293384552;0.7402592301368713;0.9791666865348816;1.0;1.0;0.1049371138215065;0.9895833134651184
86;0.9999182224273682;1.0;1.0;1.0;0.10634475946426392;1.0;2.4504892826080322;0.45113605260849;0.41302135586738586;1.0;1.0;4.799346446990967;0.6495422124862671;0.6342999339103699;0.9166666865348816;1.0;1.0;0.31901976466178894;0.9548611640930176;0.21207909286022186;0.7399289011955261;0.9791666865348816;1.0;1.0;0.10513844341039658;0.9895833134651184
87;0.9997683167457581;1.0;1.0;1.0;0.10671116411685944;1.0;2.450233221054077;0.452460914850235;0.39674466848373413;1.0;1.0;4.799356460571289;0.6369956135749817;0.634128212928772;0.9375;1.0;1.0;0.3196803629398346;0.9652778506278992;0.212570920586586;0.7395820617675781;0.9791666865348816;1.0;1.0;0.1054614782333374;0.9895833134651184
88;0.9980771541595459;0.997965395450592;1.0;1.0;0.10618314146995544;0.9989827275276184;2.4525156021118164;0.4555639624595642;0.3936927914619446;1.0;1.0;4.799689292907715;0.6590369343757629;0.635728657245636;0.9375;1.0;1.0;0.3179191052913666;0.96875;0.21140028536319733;0.740595281124115;0.9791666865348816;1.0;1.0;0.10488143563270569;0.9895833134651184
89;0.9993202686309814;1.0;1.0;1.0;0.10454581677913666;1.0;2.4464824199676514;0.44943514466285706;0.40284842252731323;1.0;1.0;4.801495552062988;0.6724313497543335;0.6359207034111023;0.9375;1.0;1.0;0.31881609559059143;0.96875;0.21193785965442657;0.7398828864097595;0.9791666865348816;1.0;1.0;0.10505961626768112;0.9895833134651184
90;0.9987598657608032;0.997965395450592;1.0;1.0;0.10163833200931549;0.9989827275276184;2.448864459991455;0.45167335867881775;0.40691760182380676;1.0;1.0;4.798247337341309;0.6502203941345215;0.6353166103363037;0.9375;1.0;1.0;0.3197256028652191;0.96875;0.21169468760490417;0.7401115894317627;0.9791666865348816;1.0;1.0;0.10366377979516983;0.9895833134651184
91;0.9989705681800842;0.9989827275276184;1.0;1.0;0.10049392282962799;0.9994913339614868;2.451390504837036;0.45297977328300476;0.40284842252731323;1.0;1.0;4.8011980056762695;0.653272271156311;0.6363694667816162;0.9166666865348816;1.0;1.0;0.3186657726764679;0.9583333134651184;0.21092161536216736;0.739755392074585;0.9791666865348816;1.0;1.0;0.10317745804786682;0.9895833134651184
92;0.9978841543197632;0.997965395450592;1.0;1.0;0.10085973143577576;0.9989827275276184;2.447646141052246;0.4506794810295105;0.4059002995491028;1.0;1.0;4.8007330894470215;0.6703967452049255;0.6372026801109314;0.9375;1.0;1.0;0.31749239563941956;0.96875;0.21085195243358612;0.7399289011955261;0.9791666865348816;1.0;1.0;0.1042114719748497;0.9895833134651184
93;0.9981575608253479;0.9989827275276184;1.0;1.0;0.10175834596157074;0.9994913339614868;2.444812297821045;0.44990649819374084;0.40183112025260925;1.0;1.0;4.80046272277832;0.658867359161377;0.6363897323608398;0.9375;1.0;1.0;0.31952258944511414;0.96875;0.21256689727306366;0.7400833368301392;0.9791666865348816;1.0;1.0;0.10561123490333557;0.9895833134651184
94;0.9962348937988281;0.997965395450592;1.0;1.0;0.09780880808830261;0.9989827275276184;2.4442360401153564;0.45286837220191956;0.3916581869125366;1.0;1.0;4.798572540283203;0.6534419059753418;0.6376253366470337;0.9375;1.0;1.0;0.3195548951625824;0.96875;0.2115902453660965;0.7398371696472168;0.9791666865348816;1.0;1.0;0.10362560302019119;0.9895833134651184
95;0.9976649284362793;0.997965395450592;1.0;1.0;0.0991336926817894;0.9989827275276184;2.4464244842529297;0.4524230360984802;0.427263468503952;1.0;1.0;4.800576210021973;0.6590369939804077;0.6383050680160522;0.9583333134651184;1.0;1.0;0.31959962844848633;0.9791666865348816;0.21118493378162384;0.7402944564819336;0.9791666865348816;1.0;1.0;0.10277024656534195;0.9895833134651184
96;0.9981827735900879;0.9989827275276184;1.0;1.0;0.09689846634864807;0.9994913339614868;2.4457952976226807;0.451911598443985;0.4048829972743988;1.0;1.0;4.800086975097656;0.655476450920105;0.6392041444778442;0.9791666865348816;1.0;1.0;0.3170628547668457;0.9895833134651184;0.20962269604206085;0.7402944564819336;0.9791666865348816;1.0;1.0;0.1021825298666954;0.9895833134651184
97;0.99908447265625;1.0;1.0;1.0;0.0939604714512825;1.0;2.4441335201263428;0.4531046450138092;0.42624619603157043;1.0;1.0;4.797573566436768;0.6378433108329773;0.6393805146217346;0.9791666865348816;1.0;1.0;0.31573817133903503;0.9895833134651184;0.20922242105007172;0.7400939464569092;0.9791666865348816;1.0;1.0;0.102706678211689;0.9895833134651184
98;0.9979454278945923;0.9989827275276184;1.0;1.0;0.09382934868335724;0.9994913339614868;2.4421048164367676;0.4521327316761017;0.4109867811203003;1.0;1.0;4.79910135269165;0.663445234298706;0.6405718326568604;0.9583333134651184;1.0;1.0;0.3135978877544403;0.9791666865348816;0.20743390917778015;0.7402944564819336;0.9791666865348816;1.0;1.0;0.10126993060112;0.9895833134651184
99;0.9983861446380615;0.9989827275276184;1.0;1.0;0.09317772835493088;0.9994913339614868;2.4438178539276123;0.453460156917572;0.4120040833950043;1.0;1.0;4.799612998962402;0.6502204537391663;0.6426727175712585;0.9791666865348816;1.0;1.0;0.3153434097766876;0.9895833134651184;0.20790624618530273;0.740549623966217;0.9791666865348816;1.0;1.0;0.10046909004449844;0.9895833134651184
epoch;concept_auc-pr;concept_hits@1;concept_hits@10;concept_hits@3;concept_loss;concept_mrr;loss;task_auc-pr;task_hits@1;task_hits@10;task_hits@3;task_loss;task_mrr;val_concept_auc-pr;val_concept_hits@1;val_concept_hits@10;val_concept_hits@3;val_concept_loss;val_concept_mrr;val_loss;val_task_auc-pr;val_task_hits@1;val_task_hits@10;val_task_hits@3;val_task_loss;val_task_mrr

All data;aggregation_type:max;batch_size:256;cdcr_num_formulas:3;cdcr_use_positional_embeddings:False;ckpt_folder:./../checkpoints/;data_path:experiments/data;dataset_name:countries_s3;distill:False;distill_kge_labels:False;domain_file:domain2constants.txt;dropout:0.0;dropout_rate_embedder:0.0;early_stopping:True;engine_num_adaptive_constants:0;engine_num_negatives:None;epochs:100;facts_file:facts.txt;filter_activity_regularization:0.0;filter_num_heads:3;format:functional;grounder:backward_1_2;kge:rotate;kge_atom_embedding_size:100;kge_dropout_rate:0.0;kge_regularization:0.0;learning_rate:0.01;load_kge_ckpt:False;load_model_ckpt:False;log_folder:./experiments/runs/;loss:binary_crossentropy;lr_sched:plateau;model_name:sbr;num_negatives:1;optimizer:adam;ragged:True;reasoner_depth:1;reasoner_dropout_rate:0.0;reasoner_regularization_factor:0.0;resnet:False;rules_file:rules.txt;save_kge_ckpt:True;save_model_ckpt:True;seed:[0];signed:True;stop_kge_gradients:False;store_ranks:False;temperature:0.0;test_batch_size:128;test_file:test.txt;test_negatives:None;train_file:train.txt;use_WB:False;use_logger:True;val_batch_size:256;valid_file:valid.txt;valid_negatives:None;valid_size:None;weight_loss:0.5;num_rules:9999;valid_frequency:1;r2n_prediction_type:full;reasoner_atom_embedding_size:100;reasoner_formula_hidden_embedding_size:100;corrupt_mode:TAIL;constant_embedding_size:200;predicate_embedding_size:100;run_signature:countries_s3-backward_1_2-sbr-rotate-False-256-256-128-rules.txt;keys_signature:['dataset_name', 'grounder', 'model_name', 'kge', 'resnet', 'train_batch_size', 'val_batch_size', 'test_batch_size', 'rules_file'];seed_run_i:0;time_ground_train:0.0;time_ground_valid:5.31;time_ground_test:5.26;time_train:960.57;time_inference:0.1
train;concept_auc-pr:0.863961935043335;concept_hits@1:0.914547324180603;concept_hits@10:1.0;concept_hits@3:1.0;concept_loss:0.47476285696029663;concept_mrr:0.9567649960517883;loss:2.641753673553467;task_auc-pr:0.44814589619636536;task_hits@1:0.3916581869125366;task_hits@10:1.0;task_hits@3:1.0;task_loss:4.820221424102783;task_mrr:0.66717529296875
valid;concept_auc-pr:0.5073959827423096;concept_hits@1:0.6875;concept_hits@10:1.0;concept_hits@3:0.8541666865348816;concept_loss:0.3623689115047455;concept_mrr:0.7961805462837219;loss:0.27825281023979187;task_auc-pr:0.7390843629837036;task_hits@1:1.0;task_hits@10:1.0;task_hits@3:1.0;task_loss:0.19413669407367706;task_mrr:1.0
test;concept_auc-pr:0.438739150762558;concept_hits@1:0.6666666865348816;concept_hits@10:1.0;concept_hits@3:0.875;concept_loss:0.38650429248809814;concept_mrr:0.7736110687255859;loss:0.3073926568031311;task_auc-pr:0.7103275060653687;task_hits@1:0.9166666865348816;task_hits@10:1.0;task_hits@3:1.0;task_loss:0.22828102111816406;task_mrr:0.9513888359069824
training_info;concept_auc-pr:[0.338335245847702, 0.33853408694267273, 0.3373180627822876, 0.339338481426239, 0.3234814405441284, 0.3294016122817993, 0.3433181643486023, 0.34816980361938477, 0.359225869178772, 0.3545335531234741, 0.37745457887649536, 0.39962610602378845, 0.42912793159484863, 0.4828692078590393, 0.5354706048965454, 0.574870228767395, 0.6294294595718384, 0.6792677640914917, 0.7398015856742859, 0.7813805341720581, 0.7965846061706543, 0.844080924987793, 0.8458963632583618, 0.8693670034408569, 0.9095267057418823, 0.938208818435669, 0.9302382469177246, 0.9458414316177368, 0.9652478694915771, 0.9713287949562073, 0.9788012504577637, 0.9849292039871216, 0.9861451387405396, 0.9914246797561646, 0.9917646646499634, 0.9932569265365601, 0.9957482814788818, 0.9962752461433411, 0.9978684186935425, 0.9983479380607605, 0.9985995292663574, 0.9993939399719238, 0.9992895126342773, 0.9996324777603149, 0.9992325901985168, 0.9998129606246948, 0.9982786774635315, 0.9997254610061646, 0.9996902346611023, 0.9997701644897461, 0.999900758266449, 0.9999362230300903, 0.9998931884765625, 0.9996704459190369, 0.9997976422309875, 0.9999062418937683, 0.9998763799667358, 0.9998729228973389, 0.9998287558555603, 0.9999432563781738, 0.9990389347076416, 0.9996135234832764, 0.9998703598976135, 0.9998759031295776, 0.999935507774353, 0.9997549057006836, 0.9999239444732666, 0.999842643737793, 0.9997655153274536, 0.999920666217804, 0.9995489120483398, 0.9999662041664124, 0.9996907711029053, 0.9998729228973389, 0.9997309446334839, 0.9985779523849487, 0.9995104074478149, 0.9996387362480164, 0.999625027179718, 0.9996110200881958, 0.9994714260101318, 0.9996811151504517, 0.9996594190597534, 0.9996179342269897, 0.9995004534721375, 0.9994194507598877, 0.9999182224273682, 0.9997683167457581, 0.9980771541595459, 0.9993202686309814, 0.9987598657608032, 0.9989705681800842, 0.9978841543197632, 0.9981575608253479, 0.9962348937988281, 0.9976649284362793, 0.9981827735900879, 0.99908447265625, 0.9979454278945923, 0.9983861446380615];concept_hits@1:[0.3092573881149292, 0.2919633686542511, 0.3041709065437317, 0.27568668127059937, 0.27060019969940186, 0.27670395374298096, 0.28280773758888245, 0.3031536042690277, 0.32960325479507446, 0.3204476237297058, 0.3672431409358978, 0.43031537532806396, 0.48524925112724304, 0.5584943890571594, 0.6185147762298584, 0.6927772164344788, 0.7507629990577698, 0.7772126197814941, 0.8362156748771667, 0.8708036541938782, 0.8779247403144836, 0.9033570885658264, 0.914547324180603, 0.9155645966529846, 0.9389623403549194, 0.9643946886062622, 0.9511699080467224, 0.9643946886062622, 0.9694811701774597, 0.9786368012428284, 0.9837232828140259, 0.9827060103416443, 0.9867751598358154, 0.9888097643852234, 0.9938962459564209, 0.9918616414070129, 0.9949135184288025, 0.9989827275276184, 0.9969481229782104, 0.997965395450592, 0.997965395450592, 1.0, 1.0, 0.9989827275276184, 1.0, 1.0, 0.997965395450592, 1.0, 1.0, 1.0, 1.0, 1.0, 1.0, 1.0, 1.0, 1.0, 1.0, 1.0, 0.9989827275276184, 1.0, 0.997965395450592, 0.9989827275276184, 1.0, 1.0, 1.0, 0.9989827275276184, 0.9989827275276184, 1.0, 1.0, 1.0, 1.0, 1.0, 1.0, 1.0, 1.0, 1.0, 0.997965395450592, 1.0, 1.0, 1.0, 0.9989827275276184, 1.0, 1.0, 1.0, 1.0, 0.9989827275276184, 1.0, 1.0, 0.997965395450592, 1.0, 0.997965395450592, 0.9989827275276184, 0.997965395450592, 0.9989827275276184, 0.997965395450592, 0.997965395450592, 0.9989827275276184, 1.0, 0.9989827275276184, 0.9989827275276184];concept_hits@10:[1.0, 1.0, 1.0, 1.0, 1.0, 1.0, 1.0, 1.0, 1.0, 1.0, 1.0, 1.0, 1.0, 1.0, 1.0, 1.0, 1.0, 1.0, 1.0, 1.0, 1.0, 1.0, 1.0, 1.0, 1.0, 1.0, 1.0, 1.0, 1.0, 1.0, 1.0, 1.0, 1.0, 1.0, 1.0, 1.0, 1.0, 1.0, 1.0, 1.0, 1.0, 1.0, 1.0, 1.0, 1.0, 1.0, 1.0, 1.0, 1.0, 1.0, 1.0, 1.0, 1.0, 1.0, 1.0, 1.0, 1.0, 1.0, 1.0, 1.0, 1.0, 1.0, 1.0, 1.0, 1.0, 1.0, 1.0, 1.0, 1.0, 1.0, 1.0, 1.0, 1.0, 1.0, 1.0, 1.0, 1.0, 1.0, 1.0, 1.0, 1.0, 1.0, 1.0, 1.0, 1.0, 1.0, 1.0, 1.0, 1.0, 1.0, 1.0, 1.0, 1.0, 1.0, 1.0, 1.0, 1.0, 1.0, 1.0, 1.0];concept_hits@3:[1.0, 1.0, 1.0, 1.0, 1.0, 1.0, 1.0, 1.0, 1.0, 1.0, 1.0, 1.0, 1.0, 1.0, 1.0, 1.0, 1.0, 1.0, 1.0, 1.0, 1.0, 1.0, 1.0, 1.0, 1.0, 1.0, 1.0, 1.0, 1.0, 1.0, 1.0, 1.0, 1.0, 1.0, 1.0, 1.0, 1.0, 1.0, 1.0, 1.0, 1.0, 1.0, 1.0, 1.0, 1.0, 1.0, 1.0, 1.0, 1.0, 1.0, 1.0, 1.0, 1.0, 1.0, 1.0, 1.0, 1.0, 1.0, 1.0, 1.0, 1.0, 1.0, 1.0, 1.0, 1.0, 1.0, 1.0, 1.0, 1.0, 1.0, 1.0, 1.0, 1.0, 1.0, 1.0, 1.0, 1.0, 1.0, 1.0, 1.0, 1.0, 1.0, 1.0, 1.0, 1.0, 1.0, 1.0, 1.0, 1.0, 1.0, 1.0, 1.0, 1.0, 1.0, 1.0, 1.0, 1.0, 1.0, 1.0, 1.0];concept_loss:[3.4853899478912354, 3.116240978240967, 2.744746685028076, 2.3730976581573486, 2.017162561416626, 1.6773161888122559, 1.361757516860962, 1.1082290410995483, 0.8931426405906677, 0.7648071646690369, 0.6899962425231934, 0.6440587043762207, 0.6232609748840332, 0.6041160821914673, 0.5904279947280884, 0.57500159740448, 0.5584563612937927, 0.542023241519928, 0.5259426832199097, 0.5099287033081055, 0.49931085109710693, 0.4831615686416626, 0.47266140580177307, 0.464813232421875, 0.4482787251472473, 0.4339502155780792, 0.42865630984306335, 0.415636271238327, 0.40178021788597107, 0.39151278138160706, 0.38272514939308167, 0.37128257751464844, 0.359610378742218, 0.3477517366409302, 0.3416714370250702, 0.33189356327056885, 0.32415443658828735, 0.31414926052093506, 0.30354881286621094, 0.2968636453151703, 0.28887566924095154, 0.28111517429351807, 0.2732692360877991, 0.26535630226135254, 0.25807541608810425, 0.2515467703342438, 0.24534760415554047, 0.23966793715953827, 0.23207327723503113, 0.22478732466697693, 0.22145287692546844, 0.21613627672195435, 0.2116858959197998, 0.20910155773162842, 0.20181649923324585, 0.20672743022441864, 0.19361697137355804, 0.19469572603702545, 0.18624034523963928, 0.17656171321868896, 0.17578433454036713, 0.17286939918994904, 0.1660044640302658, 0.160863995552063, 0.15703538060188293, 0.1539389193058014, 0.15079069137573242, 0.1483781933784485, 0.1425490528345108, 0.1430824100971222, 0.13876354694366455, 0.1350264847278595, 0.1332600712776184, 0.12944744527339935, 0.13199986517429352, 0.12645021080970764, 0.12488424777984619, 0.12108375132083893, 0.12269487231969833, 0.1197403147816658, 0.11736336350440979, 0.11488622426986694, 0.11420584470033646, 0.11141756176948547, 0.11002896726131439, 0.1083841398358345, 0.10634475946426392, 0.10671116411685944, 0.10618314146995544, 0.10454581677913666, 0.10163833200931549, 0.10049392282962799, 0.10085973143577576, 0.10175834596157074, 0.09780880808830261, 0.0991336926817894, 0.09689846634864807, 0.0939604714512825, 0.09382934868335724, 0.09317772835493088];concept_mrr:[0.6069855093955994, 0.5954561233520508, 0.5974907279014587, 0.5813835859298706, 0.5769752860069275, 0.5815531015396118, 0.5859613418579102, 0.5944387912750244, 0.6158019304275513, 0.6129196286201477, 0.6388606429100037, 0.681247889995575, 0.7139708995819092, 0.7599186301231384, 0.7941675782203674, 0.8365548253059387, 0.8699560165405273, 0.8835198283195496, 0.9164122939109802, 0.9342150092124939, 0.9360799789428711, 0.9506612420082092, 0.9572736620903015, 0.9572737216949463, 0.9689726233482361, 0.9820278286933899, 0.9754154086112976, 0.9821973443031311, 0.9847406148910522, 0.9891489148139954, 0.9918616414070129, 0.9913529753684998, 0.9933875799179077, 0.9944049119949341, 0.9969481229782104, 0.9959308505058289, 0.9972872138023376, 0.9994913339614868, 0.9984740614891052, 0.9989827275276184, 0.9989827275276184, 1.0, 1.0, 0.9994913339614868, 1.0, 1.0, 0.9989827275276184, 1.0, 1.0, 1.0, 1.0, 1.0, 1.0, 1.0, 1.0, 1.0, 1.0, 1.0, 0.9994913339614868, 1.0, 0.9989827275276184, 0.9994913339614868, 1.0, 1.0, 1.0, 0.9994913339614868, 0.9994913339614868, 1.0, 1.0, 1.0, 1.0, 1.0, 1.0, 1.0, 1.0, 1.0, 0.9989827275276184, 1.0, 1.0, 1.0, 0.9994913339614868, 1.0, 1.0, 1.0, 1.0, 0.9994913339614868, 1.0, 1.0, 0.9989827275276184, 1.0, 0.9989827275276184, 0.9994913339614868, 0.9989827275276184, 0.9994913339614868, 0.9989827275276184, 0.9989827275276184, 0.9994913339614868, 1.0, 0.9994913339614868, 0.9994913339614868];loss:[4.161615371704102, 3.9756948947906494, 3.7847824096679688, 3.596038341522217, 3.414397954940796, 3.242187738418579, 3.081829071044922, 2.957676410675049, 2.8492283821105957, 2.7835865020751953, 2.7460224628448486, 2.7238495349884033, 2.7181575298309326, 2.708794593811035, 2.7022998332977295, 2.69642972946167, 2.6880743503570557, 2.6798477172851562, 2.6711034774780273, 2.664259433746338, 2.6542999744415283, 2.647717237472534, 2.643678903579712, 2.6375908851623535, 2.6313159465789795, 2.6205410957336426, 2.622359275817871, 2.6137630939483643, 2.6058261394500732, 2.596478223800659, 2.592348337173462, 2.587745189666748, 2.582301378250122, 2.5800862312316895, 2.572171688079834, 2.567499876022339, 2.565964698791504, 2.5607292652130127, 2.5560452938079834, 2.548426628112793, 2.5405185222625732, 2.540090322494507, 2.535386085510254, 2.5349128246307373, 2.5268394947052, 2.527376174926758, 2.5211267471313477, 2.5175018310546875, 2.513545036315918, 2.5125629901885986, 2.511275053024292, 2.5016658306121826, 2.503176212310791, 2.5032761096954346, 2.4989631175994873, 2.504500150680542, 2.4965085983276367, 2.499016046524048, 2.4890828132629395, 2.487966299057007, 2.48571515083313, 2.4843223094940186, 2.4810218811035156, 2.4781606197357178, 2.4758734703063965, 2.475706100463867, 2.4709832668304443, 2.47208309173584, 2.4668936729431152, 2.468318223953247, 2.4682295322418213, 2.4635162353515625, 2.463683605194092, 2.46028995513916, 2.4580020904541016, 2.4564812183380127, 2.460752248764038, 2.4547135829925537, 2.4580371379852295, 2.4579105377197266, 2.4528074264526367, 2.450627565383911, 2.4565608501434326, 2.454925537109375, 2.448857069015503, 2.450899362564087, 2.4504892826080322, 2.450233221054077, 2.4525156021118164, 2.4464824199676514, 2.448864459991455, 2.451390504837036, 2.447646141052246, 2.444812297821045, 2.4442360401153564, 2.4464244842529297, 2.4457952976226807, 2.4441335201263428, 2.4421048164367676, 2.4438178539276123];task_auc-pr:[0.42877674102783203, 0.4392845332622528, 0.43982818722724915, 0.4488998055458069, 0.4504915177822113, 0.4459415078163147, 0.44761860370635986, 0.4466696083545685, 0.44908520579338074, 0.4524182379245758, 0.45319658517837524, 0.4500684440135956, 0.45238199830055237, 0.45400553941726685, 0.44624993205070496, 0.445186972618103, 0.4470576345920563, 0.45056256651878357, 0.4421600103378296, 0.44582927227020264, 0.4460468292236328, 0.44210100173950195, 0.4469869136810303, 0.44852548837661743, 0.4491599202156067, 0.45080631971359253, 0.4534063935279846, 0.4515570104122162, 0.45223119854927063, 0.4506310224533081, 0.4504126012325287, 0.4484771192073822, 0.4494450092315674, 0.4499661922454834, 0.4528173804283142, 0.4533544182777405, 0.4507484436035156, 0.4514353573322296, 0.4502047300338745, 0.4495667517185211, 0.45538800954818726, 0.45012491941452026, 0.45311111211776733, 0.45275992155075073, 0.45298466086387634, 0.45055192708969116, 0.4519754946231842, 0.45115870237350464, 0.45253628492355347, 0.4549886882305145, 0.45255228877067566, 0.45538800954818726, 0.4504281282424927, 0.4551273286342621, 0.4517172873020172, 0.447075217962265, 0.4561890661716461, 0.449885755777359, 0.4523807764053345, 0.452480286359787, 0.4534268379211426, 0.4494849145412445, 0.45218974351882935, 0.4532502293586731, 0.4513571262359619, 0.450195848941803, 0.4527242183685303, 0.45496904850006104, 0.4524696171283722, 0.45413658022880554, 0.45086097717285156, 0.4515104293823242, 0.4535084366798401, 0.45231252908706665, 0.4528508186340332, 0.4520403742790222, 0.4528922140598297, 0.45044535398483276, 0.45165908336639404, 0.45267608761787415, 0.45117688179016113, 0.4514067769050598, 0.4512871503829956, 0.45014238357543945, 0.4543730616569519, 0.4511508047580719, 0.45113605260849, 0.452460914850235, 0.4555639624595642, 0.44943514466285706, 0.45167335867881775, 0.45297977328300476, 0.4506794810295105, 0.44990649819374084, 0.45286837220191956, 0.4524230360984802, 0.451911598443985, 0.4531046450138092, 0.4521327316761017, 0.453460156917572];task_hits@1:[0.38860630989074707, 0.3916581869125366, 0.4048829972743988, 0.4038657248020172, 0.4120040833950043, 0.39572736620903015, 0.41403865814208984, 0.40691760182380676, 0.4160732328891754, 0.40081384778022766, 0.427263468503952, 0.39064088463783264, 0.3865717053413391, 0.41912513971328735, 0.4048829972743988, 0.4109867811203003, 0.39572736620903015, 0.4099694788455963, 0.4059002995491028, 0.40284842252731323, 0.4160732328891754, 0.39674466848373413, 0.4109867811203003, 0.4170905351638794, 0.4109867811203003, 0.4048829972743988, 0.41403865814208984, 0.428280770778656, 0.38351982831954956, 0.4120040833950043, 0.3875890076160431, 0.40284842252731323, 0.4231942892074585, 0.41302135586738586, 0.3875890076160431, 0.3987792432308197, 0.4160732328891754, 0.39064088463783264, 0.38962361216545105, 0.40183112025260925, 0.39471006393432617, 0.4109867811203003, 0.4059002995491028, 0.39572736620903015, 0.4231942892074585, 0.3936927914619446, 0.4221770167350769, 0.42624619603157043, 0.4221770167350769, 0.3977619409561157, 0.43133264780044556, 0.39064088463783264, 0.4099694788455963, 0.39064088463783264, 0.3977619409561157, 0.39471006393432617, 0.4181078374385834, 0.4150559604167938, 0.4150559604167938, 0.3987792432308197, 0.4059002995491028, 0.3977619409561157, 0.3997965455055237, 0.4048829972743988, 0.40284842252731323, 0.40284842252731323, 0.4181078374385834, 0.4181078374385834, 0.3916581869125366, 0.3987792432308197, 0.3875890076160431, 0.40793490409851074, 0.4170905351638794, 0.3977619409561157, 0.4221770167350769, 0.41302135586738586, 0.3875890076160431, 0.41403865814208984, 0.3926754891872406, 0.4211597144603729, 0.42522889375686646, 0.38046795129776, 0.427263468503952, 0.39674466848373413, 0.41302135586738586, 0.427263468503952, 0.41302135586738586, 0.39674466848373413, 0.3936927914619446, 0.40284842252731323, 0.40691760182380676, 0.40284842252731323, 0.4059002995491028, 0.40183112025260925, 0.3916581869125366, 0.427263468503952, 0.4048829972743988, 0.42624619603157043, 0.4109867811203003, 0.4120040833950043];task_hits@10:[1.0, 1.0, 1.0, 1.0, 1.0, 1.0, 1.0, 1.0, 1.0, 1.0, 1.0, 1.0, 1.0, 1.0, 1.0, 1.0, 1.0, 1.0, 1.0, 1.0, 1.0, 1.0, 1.0, 1.0, 1.0, 1.0, 1.0, 1.0, 1.0, 1.0, 1.0, 1.0, 1.0, 1.0, 1.0, 1.0, 1.0, 1.0, 1.0, 1.0, 1.0, 1.0, 1.0, 1.0, 1.0, 1.0, 1.0, 1.0, 1.0, 1.0, 1.0, 1.0, 1.0, 1.0, 1.0, 1.0, 1.0, 1.0, 1.0, 1.0, 1.0, 1.0, 1.0, 1.0, 1.0, 1.0, 1.0, 1.0, 1.0, 1.0, 1.0, 1.0, 1.0, 1.0, 1.0, 1.0, 1.0, 1.0, 1.0, 1.0, 1.0, 1.0, 1.0, 1.0, 1.0, 1.0, 1.0, 1.0, 1.0, 1.0, 1.0, 1.0, 1.0, 1.0, 1.0, 1.0, 1.0, 1.0, 1.0, 1.0];task_hits@3:[1.0, 1.0, 1.0, 1.0, 1.0, 1.0, 1.0, 1.0, 1.0, 1.0, 1.0, 1.0, 1.0, 1.0, 1.0, 1.0, 1.0, 1.0, 1.0, 1.0, 1.0, 1.0, 1.0, 1.0, 1.0, 1.0, 1.0, 1.0, 1.0, 1.0, 1.0, 1.0, 1.0, 1.0, 1.0, 1.0, 1.0, 1.0, 1.0, 1.0, 1.0, 1.0, 1.0, 1.0, 1.0, 1.0, 1.0, 1.0, 1.0, 1.0, 1.0, 1.0, 1.0, 1.0, 1.0, 1.0, 1.0, 1.0, 1.0, 1.0, 1.0, 1.0, 1.0, 1.0, 1.0, 1.0, 1.0, 1.0, 1.0, 1.0, 1.0, 1.0, 1.0, 1.0, 1.0, 1.0, 1.0, 1.0, 1.0, 1.0, 1.0, 1.0, 1.0, 1.0, 1.0, 1.0, 1.0, 1.0, 1.0, 1.0, 1.0, 1.0, 1.0, 1.0, 1.0, 1.0, 1.0, 1.0, 1.0, 1.0];task_loss:[4.842756271362305, 4.835219860076904, 4.829834938049316, 4.822539806365967, 4.816868782043457, 4.816042900085449, 4.815258979797363, 4.810868263244629, 4.810853004455566, 4.810548782348633, 4.81273078918457, 4.816828727722168, 4.818875789642334, 4.821422576904297, 4.824506759643555, 4.825321197509766, 4.824154376983643, 4.823758602142334, 4.82464075088501, 4.822880744934082, 4.822603702545166, 4.821710586547852, 4.820135593414307, 4.818709373474121, 4.818050861358643, 4.817334175109863, 4.815988540649414, 4.81602668762207, 4.814977645874023, 4.814663887023926, 4.814424514770508, 4.814577102661133, 4.813799858093262, 4.812856197357178, 4.811951637268066, 4.810635089874268, 4.810836315155029, 4.8109517097473145, 4.8103461265563965, 4.810904502868652, 4.807293891906738, 4.808968544006348, 4.807190418243408, 4.807000160217285, 4.806933403015137, 4.8070244789123535, 4.806798934936523, 4.806682586669922, 4.805603981018066, 4.8044753074646, 4.804915428161621, 4.803705215454102, 4.806118011474609, 4.805159091949463, 4.806108474731445, 4.810179710388184, 4.8035125732421875, 4.806685447692871, 4.804834842681885, 4.8037214279174805, 4.803125381469727, 4.804014205932617, 4.802297115325928, 4.801854133605957, 4.803121566772461, 4.802835464477539, 4.8024187088012695, 4.800558567047119, 4.800965309143066, 4.800996780395508, 4.801685333251953, 4.800759315490723, 4.800365447998047, 4.801458358764648, 4.800065040588379, 4.8009209632873535, 4.8000168800354, 4.800960063934326, 4.801409721374512, 4.800849914550781, 4.800066947937012, 4.800793170928955, 4.800029754638672, 4.801356315612793, 4.79945707321167, 4.7989702224731445, 4.799346446990967, 4.799356460571289, 4.799689292907715, 4.801495552062988, 4.798247337341309, 4.8011980056762695, 4.8007330894470215, 4.80046272277832, 4.798572540283203, 4.800576210021973, 4.800086975097656, 4.797573566436768, 4.79910135269165, 4.799612998962402];task_mrr:[0.6498813629150391, 0.6547982692718506, 0.6346218585968018, 0.6510681509971619, 0.6469990015029907, 0.6546287536621094, 0.6446253061294556, 0.663445234298706, 0.6483554244041443, 0.6500508785247803, 0.657171905040741, 0.6556459665298462, 0.6680230498313904, 0.6600543260574341, 0.6593760251998901, 0.6625975370407104, 0.6561546325683594, 0.6424211859703064, 0.6632756590843201, 0.6410647630691528, 0.6398779153823853, 0.6508985757827759, 0.6466599106788635, 0.6492030620574951, 0.6432689428329468, 0.6593760251998901, 0.6612411141395569, 0.6544591188430786, 0.6488639712333679, 0.6397083401679993, 0.6581892371177673, 0.6751441359519958, 0.6776873469352722, 0.6646321415901184, 0.655306875705719, 0.6476771831512451, 0.6798914670944214, 0.6439471244812012, 0.6492031216621399, 0.6524245738983154, 0.6607325077056885, 0.6480162739753723, 0.6620888710021973, 0.6617497205734253, 0.6661580801010132, 0.6605629324913025, 0.6488640904426575, 0.6417429447174072, 0.6559851169586182, 0.6476771235466003, 0.6575110554695129, 0.6458121538162231, 0.6637843251228333, 0.6422516703605652, 0.6576805710792542, 0.643268883228302, 0.665140688419342, 0.6556459665298462, 0.6537809371948242, 0.669040322303772, 0.6473380923271179, 0.6547982692718506, 0.6597151756286621, 0.6639538407325745, 0.6532723307609558, 0.6551373600959778, 0.6525940895080566, 0.6456426382064819, 0.6609020829200745, 0.656832754611969, 0.6446253061294556, 0.6505594849586487, 0.6537808775901794, 0.6570023894309998, 0.6697185635566711, 0.6378432512283325, 0.665310263633728, 0.6671753525733948, 0.6502204537391663, 0.6631062030792236, 0.6544591784477234, 0.6293659210205078, 0.663614809513092, 0.657171905040741, 0.6726008653640747, 0.6592065095901489, 0.6495422124862671, 0.6369956135749817, 0.6590369343757629, 0.6724313497543335, 0.6502203941345215, 0.653272271156311, 0.6703967452049255, 0.658867359161377, 0.6534419059753418, 0.6590369939804077, 0.655476450920105, 0.6378433108329773, 0.663445234298706, 0.6502204537391663];val_concept_auc-pr:[0.437227338552475, 0.4375394582748413, 0.4532371163368225, 0.4505385756492615, 0.4557238817214966, 0.45658981800079346, 0.4584531784057617, 0.45483076572418213, 0.45123714208602905, 0.4495224952697754, 0.45027485489845276, 0.45258286595344543, 0.458459734916687, 0.4669666290283203, 0.4839175343513489, 0.5032950043678284, 0.4991399049758911, 0.5048071146011353, 0.5005359649658203, 0.4958735704421997, 0.5050716400146484, 0.5073959827423096, 0.5080183744430542, 0.5061146020889282, 0.5003868937492371, 0.4959581792354584, 0.4952200651168823, 0.5058903694152832, 0.5152113437652588, 0.5195047855377197, 0.5196599364280701, 0.5220344066619873, 0.5231430530548096, 0.5217156410217285, 0.5278502106666565, 0.5326610207557678, 0.5366246700286865, 0.5367646217346191, 0.5388585329055786, 0.5401767492294312, 0.5412463545799255, 0.5423437356948853, 0.5464426279067993, 0.5483781099319458, 0.5541824698448181, 0.5558240413665771, 0.5559836030006409, 0.5601804852485657, 0.5624400973320007, 0.5647661685943604, 0.5725440979003906, 0.5765924453735352, 0.5703587532043457, 0.572282612323761, 0.5852516293525696, 0.5850876569747925, 0.5805749297142029, 0.5777899026870728, 0.5874574184417725, 0.5961456298828125, 0.5948877334594727, 0.5940347909927368, 0.5942093133926392, 0.598402202129364, 0.6031802296638489, 0.6066501140594482, 0.6059674620628357, 0.6075472831726074, 0.6103616952896118, 0.6130614876747131, 0.6138825416564941, 0.6157588958740234, 0.6174899339675903, 0.6175411939620972, 0.6218816637992859, 0.6229233741760254, 0.622780442237854, 0.6226816177368164, 0.6241568326950073, 0.626522958278656, 0.6283210515975952, 0.6282095909118652, 0.6286331415176392, 0.6305809020996094, 0.6345358490943909, 0.6347256898880005, 0.6342999339103699, 0.634128212928772, 0.635728657245636, 0.6359207034111023, 0.6353166103363037, 0.6363694667816162, 0.6372026801109314, 0.6363897323608398, 0.6376253366470337, 0.6383050680160522, 0.6392041444778442, 0.6393805146217346, 0.6405718326568604, 0.6426727175712585];val_concept_hits@1:[0.6041666865348816, 0.6458333134651184, 0.6041666865348816, 0.625, 0.625, 0.6666666865348816, 0.6666666865348816, 0.6666666865348816, 0.7083333134651184, 0.6875, 0.6875, 0.7291666865348816, 0.75, 0.7291666865348816, 0.7291666865348816, 0.6875, 0.6875, 0.6875, 0.7291666865348816, 0.7083333134651184, 0.6666666865348816, 0.6875, 0.6875, 0.6875, 0.6875, 0.6875, 0.6666666865348816, 0.6666666865348816, 0.6875, 0.6875, 0.6875, 0.6875, 0.6875, 0.6875, 0.6875, 0.6875, 0.7083333134651184, 0.7083333134651184, 0.7083333134651184, 0.6875, 0.7083333134651184, 0.7291666865348816, 0.75, 0.7708333134651184, 0.7708333134651184, 0.7916666865348816, 0.7916666865348816, 0.7916666865348816, 0.7916666865348816, 0.8125, 0.8333333134651184, 0.8333333134651184, 0.8125, 0.8125, 0.8541666865348816, 0.8541666865348816, 0.8333333134651184, 0.8125, 0.8333333134651184, 0.8958333134651184, 0.8958333134651184, 0.8958333134651184, 0.875, 0.875, 0.8958333134651184, 0.8958333134651184, 0.8958333134651184, 0.8958333134651184, 0.8958333134651184, 0.9166666865348816, 0.9166666865348816, 0.9166666865348816, 0.9166666865348816, 0.9166666865348816, 0.9166666865348816, 0.9166666865348816, 0.9166666865348816, 0.9166666865348816, 0.9166666865348816, 0.9166666865348816, 0.9166666865348816, 0.9166666865348816, 0.9166666865348816, 0.9166666865348816, 0.9166666865348816, 0.9166666865348816, 0.9166666865348816, 0.9375, 0.9375, 0.9375, 0.9375, 0.9166666865348816, 0.9375, 0.9375, 0.9375, 0.9583333134651184, 0.9791666865348816, 0.9791666865348816, 0.9583333134651184, 0.9791666865348816];val_concept_hits@10:[1.0, 1.0, 1.0, 1.0, 1.0, 1.0, 1.0, 1.0, 1.0, 1.0, 1.0, 1.0, 1.0, 1.0, 1.0, 1.0, 1.0, 1.0, 1.0, 1.0, 1.0, 1.0, 1.0, 1.0, 1.0, 1.0, 1.0, 1.0, 1.0, 1.0, 1.0, 1.0, 1.0, 1.0, 1.0, 1.0, 1.0, 1.0, 1.0, 1.0, 1.0, 1.0, 1.0, 1.0, 1.0, 1.0, 1.0, 1.0, 1.0, 1.0, 1.0, 1.0, 1.0, 1.0, 1.0, 1.0, 1.0, 1.0, 1.0, 1.0, 1.0, 1.0, 1.0, 1.0, 1.0, 1.0, 1.0, 1.0, 1.0, 1.0, 1.0, 1.0, 1.0, 1.0, 1.0, 1.0, 1.0, 1.0, 1.0, 1.0, 1.0, 1.0, 1.0, 1.0, 1.0, 1.0, 1.0, 1.0, 1.0, 1.0, 1.0, 1.0, 1.0, 1.0, 1.0, 1.0, 1.0, 1.0, 1.0, 1.0];val_concept_hits@3:[0.8125, 0.9166666865348816, 0.8958333134651184, 0.875, 0.875, 0.875, 0.8333333134651184, 0.8333333134651184, 0.8333333134651184, 0.8333333134651184, 0.9166666865348816, 0.8958333134651184, 0.8958333134651184, 0.875, 0.875, 0.9166666865348816, 0.9166666865348816, 0.875, 0.8958333134651184, 0.8958333134651184, 0.8541666865348816, 0.8541666865348816, 0.875, 0.875, 0.875, 0.875, 0.875, 0.875, 0.8958333134651184, 0.875, 0.875, 0.9166666865348816, 0.9166666865348816, 0.8958333134651184, 0.9166666865348816, 0.9166666865348816, 0.8958333134651184, 0.8958333134651184, 0.8958333134651184, 0.8958333134651184, 0.9166666865348816, 0.8958333134651184, 0.9166666865348816, 0.9166666865348816, 0.9166666865348816, 0.9583333134651184, 0.9375, 0.9375, 0.9375, 0.9375, 0.9375, 0.9375, 0.9375, 0.9583333134651184, 0.9375, 0.9375, 0.9375, 0.9583333134651184, 0.9583333134651184, 0.9583333134651184, 0.9375, 0.9583333134651184, 0.9791666865348816, 0.9791666865348816, 0.9791666865348816, 0.9791666865348816, 0.9791666865348816, 1.0, 1.0, 1.0, 1.0, 1.0, 1.0, 1.0, 1.0, 1.0, 1.0, 1.0, 1.0, 1.0, 1.0, 1.0, 1.0, 1.0, 1.0, 1.0, 1.0, 1.0, 1.0, 1.0, 1.0, 1.0, 1.0, 1.0, 1.0, 1.0, 1.0, 1.0, 1.0, 1.0];val_concept_loss:[1.9592655897140503, 1.7562652826309204, 1.5474992990493774, 1.3321243524551392, 1.1306356191635132, 0.939856231212616, 0.76479572057724, 0.6181878447532654, 0.514096200466156, 0.44564029574394226, 0.40237298607826233, 0.3818209171295166, 0.37103843688964844, 0.36606666445732117, 0.3634967505931854, 0.3621569573879242, 0.3621583878993988, 0.36109471321105957, 0.36032629013061523, 0.3604515790939331, 0.36223268508911133, 0.3623689115047455, 0.360697478055954, 0.3606276214122772, 0.3624856173992157, 0.3646971881389618, 0.3667660057544708, 0.3643125593662262, 0.3596372902393341, 0.358462929725647, 0.3573509156703949, 0.3575320243835449, 0.35928869247436523, 0.36117252707481384, 0.3574821949005127, 0.3535470962524414, 0.35311469435691833, 0.35470783710479736, 0.3541702926158905, 0.35226190090179443, 0.3519209325313568, 0.35265788435935974, 0.3527817726135254, 0.34977078437805176, 0.34687939286231995, 0.34887197613716125, 0.34851953387260437, 0.34707483649253845, 0.34644556045532227, 0.34568047523498535, 0.3424025774002075, 0.3417384624481201, 0.34612950682640076, 0.3461982011795044, 0.3391916751861572, 0.3430100381374359, 0.3409837484359741, 0.3481396734714508, 0.33970585465431213, 0.3350185453891754, 0.3360215723514557, 0.3364903926849365, 0.3387545049190521, 0.3385964334011078, 0.3360239267349243, 0.3366664946079254, 0.335766077041626, 0.3345402479171753, 0.3338845670223236, 0.3331359922885895, 0.3330827057361603, 0.3308989405632019, 0.32921555638313293, 0.33022287487983704, 0.32688847184181213, 0.32584235072135925, 0.32540783286094666, 0.3249112367630005, 0.3241715133190155, 0.32329151034355164, 0.32263877987861633, 0.32263070344924927, 0.3223934471607208, 0.3210022747516632, 0.31951045989990234, 0.3186507523059845, 0.31901976466178894, 0.3196803629398346, 0.3179191052913666, 0.31881609559059143, 0.3197256028652191, 0.3186657726764679, 0.31749239563941956, 0.31952258944511414, 0.3195548951625824, 0.31959962844848633, 0.3170628547668457, 0.31573817133903503, 0.3135978877544403, 0.3153434097766876];val_concept_mrr:[0.731249988079071, 0.7652778029441833, 0.7506944537162781, 0.7697916626930237, 0.7663194537162781, 0.7906250357627869, 0.7826388478279114, 0.7756944298744202, 0.800000011920929, 0.7895833849906921, 0.7965278029441833, 0.8180555701255798, 0.8309027552604675, 0.8187499642372131, 0.8128471970558167, 0.8010416626930237, 0.8045139312744141, 0.8045139312744141, 0.8236110806465149, 0.8145833015441895, 0.7857639193534851, 0.7961805462837219, 0.8013889193534851, 0.8013889193534851, 0.8013889193534851, 0.7944443821907043, 0.7805555462837219, 0.7840277552604675, 0.800694465637207, 0.7979166507720947, 0.7979166507720947, 0.8024305701255798, 0.8024305701255798, 0.7927083373069763, 0.809374988079071, 0.809374988079071, 0.8180555701255798, 0.8180555701255798, 0.8215277791023254, 0.8111111521720886, 0.8232638835906982, 0.831944465637207, 0.840624988079071, 0.8510416150093079, 0.8510416150093079, 0.8694444298744202, 0.8677083849906921, 0.8642361164093018, 0.8642361164093018, 0.8746528029441833, 0.8920138478279114, 0.8920138478279114, 0.8756944537162781, 0.8809027671813965, 0.909375011920929, 0.909375011920929, 0.890625, 0.8854166865348816, 0.9027778506278992, 0.9329860806465149, 0.9312500357627869, 0.9340278506278992, 0.9253472685813904, 0.928819477558136, 0.9357638955116272, 0.9357638955116272, 0.9357638955116272, 0.9375, 0.9375, 0.9548611640930176, 0.9479166865348816, 0.9513888955116272, 0.9513888955116272, 0.9548611640930176, 0.9548611640930176, 0.9548611640930176, 0.9548611640930176, 0.9548611640930176, 0.9548611640930176, 0.9548611640930176, 0.9548611640930176, 0.9548611640930176, 0.9548611640930176, 0.9548611640930176, 0.9583333134651184, 0.9583333134651184, 0.9548611640930176, 0.9652778506278992, 0.96875, 0.96875, 0.96875, 0.9583333134651184, 0.96875, 0.96875, 0.96875, 0.9791666865348816, 0.9895833134651184, 0.9895833134651184, 0.9791666865348816, 0.9895833134651184];val_loss:[1.2343577146530151, 1.1037452220916748, 0.970207929611206, 0.8343841433525085, 0.7064793109893799, 0.5882040858268738, 0.4826574921607971, 0.39949557185173035, 0.3452366292476654, 0.31527048349380493, 0.30134254693984985, 0.2985621988773346, 0.2989833652973175, 0.29977431893348694, 0.29947832226753235, 0.2964881658554077, 0.29346466064453125, 0.2899330258369446, 0.2855931222438812, 0.2836066782474518, 0.2807125151157379, 0.27825281023979187, 0.27485254406929016, 0.2739593982696533, 0.27378231287002563, 0.2736186981201172, 0.2738836407661438, 0.2713501453399658, 0.26814156770706177, 0.26683667302131653, 0.26550519466400146, 0.26385602355003357, 0.2644001543521881, 0.2649238705635071, 0.2611292004585266, 0.2584375739097595, 0.257064551115036, 0.2575765550136566, 0.25659069418907166, 0.25411316752433777, 0.2533717751502991, 0.25348153710365295, 0.25223326683044434, 0.249482199549675, 0.2476215362548828, 0.24821262061595917, 0.24767839908599854, 0.2470993995666504, 0.24638013541698456, 0.24550071358680725, 0.24390287697315216, 0.24289095401763916, 0.24347443878650665, 0.24258673191070557, 0.24133099615573883, 0.2461927831172943, 0.23836931586265564, 0.24222582578659058, 0.23527373373508453, 0.2331288456916809, 0.23499085009098053, 0.2333550751209259, 0.23235878348350525, 0.23157893121242523, 0.22984977066516876, 0.23014959692955017, 0.22934147715568542, 0.22829748690128326, 0.2276073694229126, 0.22638167440891266, 0.22622299194335938, 0.22478894889354706, 0.22342179715633392, 0.22341710329055786, 0.22056744992733002, 0.21949602663516998, 0.21895943582057953, 0.21892163157463074, 0.21776393055915833, 0.21681950986385345, 0.2160433977842331, 0.2161584347486496, 0.21608246862888336, 0.21460965275764465, 0.21290944516658783, 0.2117939293384552, 0.21207909286022186, 0.212570920586586, 0.21140028536319733, 0.21193785965442657, 0.21169468760490417, 0.21092161536216736, 0.21085195243358612, 0.21256689727306366, 0.2115902453660965, 0.21118493378162384, 0.20962269604206085, 0.20922242105007172, 0.20743390917778015, 0.20790624618530273];val_task_auc-pr:[0.6310896277427673, 0.640483021736145, 0.6748744249343872, 0.6935705542564392, 0.7075069546699524, 0.7146480083465576, 0.7222640514373779, 0.7256288528442383, 0.7248769402503967, 0.7223172187805176, 0.7167022228240967, 0.7137036323547363, 0.7150894403457642, 0.7140213847160339, 0.7052918672561646, 0.7079581022262573, 0.7142111659049988, 0.7218928933143616, 0.7271686792373657, 0.7326558828353882, 0.7372820377349854, 0.7390843629837036, 0.7325546741485596, 0.7326173186302185, 0.7378102540969849, 0.7392591238021851, 0.7393993735313416, 0.7408068180084229, 0.7403528690338135, 0.739721953868866, 0.739952564239502, 0.7407616376876831, 0.7428760528564453, 0.7419155240058899, 0.7417224645614624, 0.740692138671875, 0.7399568557739258, 0.7389405965805054, 0.7406575679779053, 0.7409802079200745, 0.7409802675247192, 0.7400954961776733, 0.7403967380523682, 0.7403726577758789, 0.7399240136146545, 0.7397205233573914, 0.7394442558288574, 0.7392271161079407, 0.7370548248291016, 0.736958384513855, 0.7381467819213867, 0.737776517868042, 0.7383359670639038, 0.7385731339454651, 0.7368788719177246, 0.7369274497032166, 0.7390100955963135, 0.7403753399848938, 0.7392562627792358, 0.7379152178764343, 0.7380659580230713, 0.7381467819213867, 0.7403667569160461, 0.7401840090751648, 0.7405495643615723, 0.7396982908248901, 0.7402568459510803, 0.7405143976211548, 0.7398371696472168, 0.740443766117096, 0.7396442294120789, 0.7390862107276917, 0.7395429611206055, 0.7402944564819336, 0.739922046661377, 0.7391343116760254, 0.7387001514434814, 0.7387001514434814, 0.7395429611206055, 0.7404301166534424, 0.7402372360229492, 0.7392532825469971, 0.7393894791603088, 0.7396246194839478, 0.7398732900619507, 0.7402592301368713, 0.7399289011955261, 0.7395820617675781, 0.740595281124115, 0.7398828864097595, 0.7401115894317627, 0.739755392074585, 0.7399289011955261, 0.7400833368301392, 0.7398371696472168, 0.7402944564819336, 0.7402944564819336, 0.7400939464569092, 0.7402944564819336, 0.740549623966217];val_task_hits@1:[0.8958333134651184, 0.8541666865348816, 0.9375, 0.9375, 0.9166666865348816, 0.9375, 0.8958333134651184, 0.8958333134651184, 0.8958333134651184, 0.9166666865348816, 0.9375, 0.9375, 0.9375, 0.9166666865348816, 0.9166666865348816, 0.9166666865348816, 0.9583333134651184, 0.9583333134651184, 0.9583333134651184, 0.9791666865348816, 0.9791666865348816, 1.0, 0.9583333134651184, 0.9583333134651184, 0.9583333134651184, 0.9791666865348816, 0.9791666865348816, 0.9791666865348816, 0.9791666865348816, 0.9791666865348816, 0.9791666865348816, 0.9791666865348816, 0.9791666865348816, 0.9791666865348816, 0.9791666865348816, 0.9791666865348816, 0.9791666865348816, 0.9791666865348816, 0.9791666865348816, 0.9791666865348816, 0.9791666865348816, 0.9791666865348816, 0.9791666865348816, 0.9791666865348816, 0.9791666865348816, 0.9791666865348816, 0.9791666865348816, 0.9791666865348816, 0.9791666865348816, 0.9791666865348816, 0.9791666865348816, 0.9791666865348816, 0.9791666865348816, 0.9791666865348816, 0.9791666865348816, 0.9791666865348816, 0.9791666865348816, 0.9791666865348816, 0.9791666865348816, 0.9791666865348816, 0.9791666865348816, 0.9791666865348816, 0.9791666865348816, 0.9791666865348816, 0.9791666865348816, 0.9791666865348816, 0.9791666865348816, 0.9791666865348816, 0.9791666865348816, 0.9791666865348816, 0.9791666865348816, 0.9791666865348816, 0.9791666865348816, 0.9791666865348816, 0.9791666865348816, 0.9791666865348816, 0.9791666865348816, 0.9791666865348816, 0.9791666865348816, 0.9791666865348816, 0.9791666865348816, 0.9791666865348816, 0.9791666865348816, 0.9791666865348816, 0.9791666865348816, 0.9791666865348816, 0.9791666865348816, 0.9791666865348816, 0.9791666865348816, 0.9791666865348816, 0.9791666865348816, 0.9791666865348816, 0.9791666865348816, 0.9791666865348816, 0.9791666865348816, 0.9791666865348816, 0.9791666865348816, 0.9791666865348816, 0.9791666865348816, 0.9791666865348816];val_task_hits@10:[1.0, 1.0, 1.0, 1.0, 1.0, 1.0, 1.0, 1.0, 1.0, 1.0, 1.0, 1.0, 1.0, 1.0, 1.0, 1.0, 1.0, 1.0, 1.0, 1.0, 1.0, 1.0, 1.0, 1.0, 1.0, 1.0, 1.0, 1.0, 1.0, 1.0, 1.0, 1.0, 1.0, 1.0, 1.0, 1.0, 1.0, 1.0, 1.0, 1.0, 1.0, 1.0, 1.0, 1.0, 1.0, 1.0, 1.0, 1.0, 1.0, 1.0, 1.0, 1.0, 1.0, 1.0, 1.0, 1.0, 1.0, 1.0, 1.0, 1.0, 1.0, 1.0, 1.0, 1.0, 1.0, 1.0, 1.0, 1.0, 1.0, 1.0, 1.0, 1.0, 1.0, 1.0, 1.0, 1.0, 1.0, 1.0, 1.0, 1.0, 1.0, 1.0, 1.0, 1.0, 1.0, 1.0, 1.0, 1.0, 1.0, 1.0, 1.0, 1.0, 1.0, 1.0, 1.0, 1.0, 1.0, 1.0, 1.0, 1.0];val_task_hits@3:[1.0, 1.0, 1.0, 1.0, 1.0, 1.0, 1.0, 1.0, 1.0, 1.0, 1.0, 1.0, 1.0, 1.0, 1.0, 1.0, 1.0, 1.0, 1.0, 1.0, 1.0, 1.0, 1.0, 1.0, 1.0, 1.0, 1.0, 1.0, 1.0, 1.0, 1.0, 1.0, 1.0, 1.0, 1.0, 1.0, 1.0, 1.0, 1.0, 1.0, 1.0, 1.0, 1.0, 1.0, 1.0, 1.0, 1.0, 1.0, 1.0, 1.0, 1.0, 1.0, 1.0, 1.0, 1.0, 1.0, 1.0, 1.0, 1.0, 1.0, 1.0, 1.0, 1.0, 1.0, 1.0, 1.0, 1.0, 1.0, 1.0, 1.0, 1.0, 1.0, 1.0, 1.0, 1.0, 1.0, 1.0, 1.0, 1.0, 1.0, 1.0, 1.0, 1.0, 1.0, 1.0, 1.0, 1.0, 1.0, 1.0, 1.0, 1.0, 1.0, 1.0, 1.0, 1.0, 1.0, 1.0, 1.0, 1.0, 1.0];val_task_loss:[0.5094498991966248, 0.45122528076171875, 0.3929164707660675, 0.3366439640522003, 0.28232303261756897, 0.2365519255399704, 0.20051927864551544, 0.1808032989501953, 0.1763770580291748, 0.1849006861448288, 0.20031212270259857, 0.2153034657239914, 0.22692827880382538, 0.23348195850849152, 0.23545990884304047, 0.23081934452056885, 0.2247709035873413, 0.2187713384628296, 0.21085993945598602, 0.20676176249980927, 0.1991923600435257, 0.19413669407367706, 0.18900759518146515, 0.1872911900281906, 0.18507897853851318, 0.1825401782989502, 0.18100130558013916, 0.17838774621486664, 0.17664583027362823, 0.17521043121814728, 0.17365948855876923, 0.17018000781536102, 0.16951163113117218, 0.1686752289533615, 0.16477622091770172, 0.16332806646823883, 0.1610143929719925, 0.16044528782367706, 0.159011110663414, 0.1559644341468811, 0.15482260286808014, 0.15430517494678497, 0.15168477594852448, 0.14919361472129822, 0.14836366474628448, 0.14755326509475708, 0.1468372642993927, 0.14712397754192352, 0.14631469547748566, 0.14532096683979034, 0.14540322124958038, 0.1440434604883194, 0.14081935584545135, 0.13897524774074554, 0.14347036182880402, 0.14937551319599152, 0.13575489819049835, 0.13631196320056915, 0.13084165751934052, 0.1312391310930252, 0.13396012783050537, 0.13021977245807648, 0.12596304714679718, 0.12456139177083969, 0.12367561459541321, 0.12363270670175552, 0.12291691452264786, 0.12205472588539124, 0.12133017182350159, 0.11962738633155823, 0.11936327815055847, 0.11867893487215042, 0.11762803047895432, 0.11661133915185928, 0.1142464280128479, 0.11314967274665833, 0.11251101642847061, 0.11293205618858337, 0.11135631799697876, 0.11034753918647766, 0.10944802314043045, 0.10968619585037231, 0.10977151989936829, 0.1082170233130455, 0.10630843788385391, 0.1049371138215065, 0.10513844341039658, 0.1054614782333374, 0.10488143563270569, 0.10505961626768112, 0.10366377979516983, 0.10317745804786682, 0.1042114719748497, 0.10561123490333557, 0.10362560302019119, 0.10277024656534195, 0.1021825298666954, 0.102706678211689, 0.10126993060112, 0.10046909004449844];val_task_mrr:[0.9270833134651184, 0.9375, 0.9548611640930176, 0.9166666865348816, 0.9895833134651184, 0.9375, 0.9583333134651184, 0.9583333134651184, 0.9791666865348816, 0.96875, 0.96875, 0.9583333134651184, 0.96875, 0.96875, 0.9548611640930176, 0.9548611640930176, 0.9791666865348816, 0.96875, 0.9791666865348816, 0.9895833134651184, 0.9895833134651184, 1.0, 0.9791666865348816, 0.9791666865348816, 0.9791666865348816, 0.9895833134651184, 0.9895833134651184, 0.9895833134651184, 0.9895833134651184, 0.9895833134651184, 0.9895833134651184, 0.9895833134651184, 0.9895833134651184, 0.9895833134651184, 0.9895833134651184, 0.9895833134651184, 0.9895833134651184, 0.9895833134651184, 0.9895833134651184, 0.9895833134651184, 0.9895833134651184, 0.9895833134651184, 0.9895833134651184, 0.9895833134651184, 0.9895833134651184, 0.9895833134651184, 0.9895833134651184, 0.9895833134651184, 0.9895833134651184, 0.9895833134651184, 0.9895833134651184, 0.9895833134651184, 0.9895833134651184, 0.9895833134651184, 0.9895833134651184, 0.9895833134651184, 0.9895833134651184, 0.9895833134651184, 0.9895833134651184, 0.9895833134651184, 0.9895833134651184, 0.9895833134651184, 0.9895833134651184, 0.9895833134651184, 0.9895833134651184, 0.9895833134651184, 0.9895833134651184, 0.9895833134651184, 0.9895833134651184, 0.9895833134651184, 0.9895833134651184, 0.9895833134651184, 0.9895833134651184, 0.9895833134651184, 0.9895833134651184, 0.9895833134651184, 0.9895833134651184, 0.9895833134651184, 0.9895833134651184, 0.9895833134651184, 0.9895833134651184, 0.9895833134651184, 0.9895833134651184, 0.9895833134651184, 0.9895833134651184, 0.9895833134651184, 0.9895833134651184, 0.9895833134651184, 0.9895833134651184, 0.9895833134651184, 0.9895833134651184, 0.9895833134651184, 0.9895833134651184, 0.9895833134651184, 0.9895833134651184, 0.9895833134651184, 0.9895833134651184, 0.9895833134651184, 0.9895833134651184, 0.9895833134651184];learning_rate:[0.009999999776482582, 0.009999999776482582, 0.009999999776482582, 0.009999999776482582, 0.009999999776482582, 0.009999999776482582, 0.009999999776482582, 0.009999999776482582, 0.009999999776482582, 0.009999999776482582, 0.009999999776482582, 0.009999999776482582, 0.009999999776482582, 0.009999999776482582, 0.009999999776482582, 0.009999999776482582, 0.009999999776482582, 0.009999999776482582, 0.009999999776482582, 0.009999999776482582, 0.009999999776482582, 0.009999999776482582, 0.009999999776482582, 0.009999999776482582, 0.009999999776482582, 0.009999999776482582, 0.009999999776482582, 0.009999999776482582, 0.009999999776482582, 0.009999999776482582, 0.009999999776482582, 0.009999999776482582, 0.009999999776482582, 0.009999999776482582, 0.009999999776482582, 0.009999999776482582, 0.009999999776482582, 0.009999999776482582, 0.009999999776482582, 0.009999999776482582, 0.009999999776482582, 0.009999999776482582, 0.009999999776482582, 0.009999999776482582, 0.009999999776482582, 0.009999999776482582, 0.009999999776482582, 0.009999999776482582, 0.009999999776482582, 0.009999999776482582, 0.009999999776482582, 0.009999999776482582, 0.009999999776482582, 0.009999999776482582, 0.009999999776482582, 0.009999999776482582, 0.009999999776482582, 0.009999999776482582, 0.009999999776482582, 0.009999999776482582, 0.009999999776482582, 0.009999999776482582, 0.009999999776482582, 0.009999999776482582, 0.009999999776482582, 0.009999999776482582, 0.009999999776482582, 0.009999999776482582, 0.009999999776482582, 0.009999999776482582, 0.009999999776482582, 0.009999999776482582, 0.009999999776482582, 0.009999999776482582, 0.009999999776482582, 0.009999999776482582, 0.009999999776482582, 0.009999999776482582, 0.009999999776482582, 0.009999999776482582, 0.009999999776482582, 0.009999999776482582, 0.009999999776482582, 0.009999999776482582, 0.009999999776482582, 0.009999999776482582, 0.009999999776482582, 0.009999999776482582, 0.009999999776482582, 0.009999999776482582, 0.009999999776482582, 0.009999999776482582, 0.009999999776482582, 0.009999999776482582, 0.009999999776482582, 0.009999999776482582, 0.009999999776482582, 0.009999999776482582, 0.009999999776482582, 0.009999999776482582]
