epoch;concept_hits@10@10;concept_hits@1@1;concept_hits@3@3;concept_hits@5@5;concept_loss;concept_mrr;loss;task_hits@10@10;task_hits@1@1;task_hits@3@3;task_hits@5@5;task_loss;task_mrr;val_concept_hits@10@10;val_concept_hits@1@1;val_concept_hits@3@3;val_concept_hits@5@5;val_concept_loss;val_concept_mrr;val_loss;val_task_hits@10@10;val_task_hits@1@1;val_task_hits@3@3;val_task_hits@5@5;val_task_loss;val_task_mrr
0;1.0;0.34144145250320435;1.0;1.0;0.7334968447685242;0.6177178025245667;0.7331627011299133;1.0;0.34144145250320435;1.0;1.0;0.7328285574913025;0.6177178025245667;NA;NA;NA;NA;NA;NA;NA;NA;NA;NA;NA;NA;NA
1;1.0;0.31171169877052307;1.0;1.0;0.7440713047981262;0.598648726940155;0.7439649105072021;1.0;0.31171169877052307;1.0;1.0;0.7438585758209229;0.598648726940155;NA;NA;NA;NA;NA;NA;NA;NA;NA;NA;NA;NA;NA
2;1.0;0.318918913602829;1.0;1.0;0.7439734935760498;0.6028528809547424;0.7438198328018188;1.0;0.318918913602829;1.0;1.0;0.7436661720275879;0.6031532287597656;NA;NA;NA;NA;NA;NA;NA;NA;NA;NA;NA;NA;NA
3;1.0;0.3144144117832184;1.0;1.0;0.7438836097717285;0.6031532287597656;0.7437387704849243;1.0;0.3144144117832184;1.0;1.0;0.7435938715934753;0.6031532287597656;NA;NA;NA;NA;NA;NA;NA;NA;NA;NA;NA;NA;NA
4;1.0;0.32072073221206665;1.0;1.0;0.7433255314826965;0.5996997356414795;0.7430757284164429;1.0;0.32072073221206665;1.0;1.0;0.7428258657455444;0.5996997356414795;NA;NA;NA;NA;NA;NA;NA;NA;NA;NA;NA;NA;NA
5;1.0;0.32792791724205017;1.0;1.0;0.7404069900512695;0.6081081032752991;0.7401565313339233;1.0;0.32792791724205017;1.0;1.0;0.7399060130119324;0.6081081032752991;NA;NA;NA;NA;NA;NA;NA;NA;NA;NA;NA;NA;NA
6;1.0;0.33873873949050903;1.0;1.0;0.7354986667633057;0.6154654622077942;0.7352577447891235;1.0;0.33873873949050903;1.0;1.0;0.7350167632102966;0.6156156659126282;NA;NA;NA;NA;NA;NA;NA;NA;NA;NA;NA;NA;NA
7;1.0;0.318918913602829;1.0;1.0;0.7446613907814026;0.6000000238418579;0.7444115281105042;1.0;0.318918913602829;1.0;1.0;0.7441616654396057;0.6001501679420471;NA;NA;NA;NA;NA;NA;NA;NA;NA;NA;NA;NA;NA
8;1.0;0.3630630671977997;1.0;1.0;0.7270084023475647;0.6313814520835876;0.7268978357315063;1.0;0.3630630671977997;1.0;1.0;0.726787269115448;0.6313814520835876;NA;NA;NA;NA;NA;NA;NA;NA;NA;NA;NA;NA;NA
9;1.0;0.31171169877052307;1.0;1.0;0.7326915860176086;0.6033032536506653;0.7323920726776123;1.0;0.31171169877052307;1.0;1.0;0.732092559337616;0.6033032536506653;NA;NA;NA;NA;NA;NA;NA;NA;NA;NA;NA;NA;NA
10;1.0;0.3567567467689514;1.0;1.0;0.7285618782043457;0.6246246695518494;0.7281488180160522;1.0;0.3567567467689514;1.0;1.0;0.727735698223114;0.6246246695518494;NA;NA;NA;NA;NA;NA;NA;NA;NA;NA;NA;NA;NA
11;1.0;0.34324324131011963;1.0;1.0;0.7305406332015991;0.6165164709091187;0.7302271127700806;1.0;0.34324324131011963;1.0;1.0;0.729913592338562;0.6168168187141418;NA;NA;NA;NA;NA;NA;NA;NA;NA;NA;NA;NA;NA
12;1.0;0.36036035418510437;1.0;1.0;0.7224507331848145;0.6295796036720276;0.7220602631568909;1.0;0.36036035418510437;1.0;1.0;0.7216697931289673;0.6297297477722168;NA;NA;NA;NA;NA;NA;NA;NA;NA;NA;NA;NA;NA
13;1.0;0.3522522449493408;1.0;1.0;0.7266101837158203;0.6261261105537415;0.7264704704284668;1.0;0.3522522449493408;1.0;1.0;0.7263307571411133;0.6262763142585754;NA;NA;NA;NA;NA;NA;NA;NA;NA;NA;NA;NA;NA
14;1.0;0.3513513505458832;1.0;1.0;0.7252960801124573;0.6223723888397217;0.7252645492553711;1.0;0.3513513505458832;1.0;1.0;0.7252329587936401;0.6223723888397217;NA;NA;NA;NA;NA;NA;NA;NA;NA;NA;NA;NA;NA
15;1.0;0.411711722612381;1.0;1.0;0.6998777389526367;0.6602102518081665;0.6997209787368774;1.0;0.411711722612381;1.0;1.0;0.6995642185211182;0.6602102518081665;NA;NA;NA;NA;NA;NA;NA;NA;NA;NA;NA;NA;NA
16;1.0;0.39009007811546326;1.0;1.0;0.7087097764015198;0.6507508158683777;0.7086508274078369;1.0;0.39009007811546326;1.0;1.0;0.7085918188095093;0.6507508158683777;NA;NA;NA;NA;NA;NA;NA;NA;NA;NA;NA;NA;NA
17;1.0;0.41531533002853394;1.0;1.0;0.7022818326950073;0.6627627611160278;0.7019675970077515;1.0;0.41531533002853394;1.0;1.0;0.7016534209251404;0.6629129648208618;NA;NA;NA;NA;NA;NA;NA;NA;NA;NA;NA;NA;NA
18;1.0;0.45225223898887634;1.0;1.0;0.6866766810417175;0.6867868304252625;0.6862951517105103;1.0;0.45225223898887634;1.0;1.0;0.6859136819839478;0.6869369745254517;NA;NA;NA;NA;NA;NA;NA;NA;NA;NA;NA;NA;NA
19;1.0;0.45765766501426697;1.0;1.0;0.6856127381324768;0.6911411881446838;0.6853401064872742;1.0;0.45765766501426697;1.0;1.0;0.6850674748420715;0.6912913918495178;NA;NA;NA;NA;NA;NA;NA;NA;NA;NA;NA;NA;NA
20;1.0;0.4819819927215576;1.0;1.0;0.671267569065094;0.7027027606964111;0.6708676815032959;1.0;0.4819819927215576;1.0;1.0;0.6704678535461426;0.7028528451919556;NA;NA;NA;NA;NA;NA;NA;NA;NA;NA;NA;NA;NA
21;1.0;0.523423433303833;1.0;1.0;0.6521772742271423;0.7337837815284729;0.6516933441162109;1.0;0.523423433303833;1.0;1.0;0.6512093544006348;0.7339339256286621;NA;NA;NA;NA;NA;NA;NA;NA;NA;NA;NA;NA;NA
22;1.0;0.592792809009552;1.0;1.0;0.6314943432807922;0.7717718482017517;0.6313885450363159;1.0;0.592792809009552;1.0;1.0;0.6312827467918396;0.7717718482017517;NA;NA;NA;NA;NA;NA;NA;NA;NA;NA;NA;NA;NA
23;1.0;0.6243243217468262;1.0;1.0;0.6134560704231262;0.7917417883872986;0.6133905649185181;1.0;0.6243243217468262;1.0;1.0;0.6133250594139099;0.791891872882843;NA;NA;NA;NA;NA;NA;NA;NA;NA;NA;NA;NA;NA
24;1.0;0.6810810565948486;1.0;1.0;0.5877304077148438;0.825075089931488;0.5875224471092224;1.0;0.6810810565948486;1.0;1.0;0.5873144865036011;0.825075089931488;NA;NA;NA;NA;NA;NA;NA;NA;NA;NA;NA;NA;NA
25;1.0;0.7243243455886841;1.0;1.0;0.5650367736816406;0.8498498797416687;0.5649482607841492;1.0;0.7243243455886841;1.0;1.0;0.5648597478866577;0.8500000238418579;NA;NA;NA;NA;NA;NA;NA;NA;NA;NA;NA;NA;NA
26;1.0;0.7639639377593994;1.0;1.0;0.5372898578643799;0.8738738894462585;0.5371676087379456;1.0;0.7639639377593994;1.0;1.0;0.5370453596115112;0.8740240335464478;NA;NA;NA;NA;NA;NA;NA;NA;NA;NA;NA;NA;NA
27;1.0;0.8351351618766785;1.0;1.0;0.5104373693466187;0.9106606841087341;0.5104085803031921;1.0;0.8360360264778137;1.0;1.0;0.5103797912597656;0.9111111760139465;NA;NA;NA;NA;NA;NA;NA;NA;NA;NA;NA;NA;NA
28;1.0;0.861261248588562;1.0;1.0;0.48392415046691895;0.9271772503852844;0.4840052127838135;1.0;0.862162172794342;1.0;1.0;0.484086275100708;0.927627682685852;NA;NA;NA;NA;NA;NA;NA;NA;NA;NA;NA;NA;NA
29;1.0;0.908108115196228;1.0;1.0;0.4468986690044403;0.9515014886856079;0.44695693254470825;1.0;0.908108115196228;1.0;1.0;0.4470151662826538;0.9516516923904419;NA;NA;NA;NA;NA;NA;NA;NA;NA;NA;NA;NA;NA
30;1.0;0.9333333373069763;1.0;1.0;0.4123087227344513;0.9650151133537292;0.4122912883758545;1.0;0.9342342615127563;1.0;1.0;0.4122738540172577;0.9654655456542969;NA;NA;NA;NA;NA;NA;NA;NA;NA;NA;NA;NA;NA
31;1.0;0.954954981803894;1.0;1.0;0.37436655163764954;0.976426362991333;0.37455111742019653;1.0;0.954954981803894;1.0;1.0;0.37473568320274353;0.976426362991333;NA;NA;NA;NA;NA;NA;NA;NA;NA;NA;NA;NA;NA
32;1.0;0.9819819927215576;1.0;1.0;0.34543469548225403;0.9905405640602112;0.34557339549064636;1.0;0.9828828573226929;1.0;1.0;0.3457120954990387;0.9909909963607788;NA;NA;NA;NA;NA;NA;NA;NA;NA;NA;NA;NA;NA
33;1.0;0.9855855703353882;1.0;1.0;0.31044498085975647;0.9923423528671265;0.31075331568717957;1.0;0.9855855703353882;1.0;1.0;0.31106165051460266;0.9923423528671265;NA;NA;NA;NA;NA;NA;NA;NA;NA;NA;NA;NA;NA
34;1.0;0.9891892075538635;1.0;1.0;0.27025941014289856;0.9945945739746094;0.27079302072525024;1.0;0.9891892075538635;1.0;1.0;0.2713266611099243;0.9945945739746094;NA;NA;NA;NA;NA;NA;NA;NA;NA;NA;NA;NA;NA
35;1.0;0.9972972869873047;1.0;1.0;0.24260003864765167;0.9984984397888184;0.24309703707695007;1.0;0.9972972869873047;1.0;1.0;0.24359403550624847;0.9984984397888184;NA;NA;NA;NA;NA;NA;NA;NA;NA;NA;NA;NA;NA
36;1.0;0.9963964223861694;1.0;1.0;0.21163487434387207;0.9981982111930847;0.21208414435386658;1.0;0.9972972869873047;1.0;1.0;0.2125333994626999;0.9986486434936523;NA;NA;NA;NA;NA;NA;NA;NA;NA;NA;NA;NA;NA
37;1.0;0.99909907579422;1.0;1.0;0.1786382794380188;0.9995495676994324;0.17902618646621704;1.0;0.99909907579422;1.0;1.0;0.17941409349441528;0.9995495676994324;NA;NA;NA;NA;NA;NA;NA;NA;NA;NA;NA;NA;NA
38;1.0;0.9981982111930847;1.0;1.0;0.15441115200519562;0.99909907579422;0.15510617196559906;1.0;0.9981982111930847;1.0;1.0;0.1558011919260025;0.99909907579422;NA;NA;NA;NA;NA;NA;NA;NA;NA;NA;NA;NA;NA
39;1.0;1.0;1.0;1.0;0.1296016275882721;1.0;0.13070720434188843;1.0;1.0;1.0;1.0;0.13181278109550476;1.0;NA;NA;NA;NA;NA;NA;NA;NA;NA;NA;NA;NA;NA
40;1.0;0.99909907579422;1.0;1.0;0.11051046848297119;0.9995495676994324;0.11135274171829224;1.0;0.99909907579422;1.0;1.0;0.11219502240419388;0.9995495676994324;NA;NA;NA;NA;NA;NA;NA;NA;NA;NA;NA;NA;NA
41;1.0;1.0;1.0;1.0;0.09152888506650925;1.0;0.09252983331680298;1.0;1.0;1.0;1.0;0.09353078901767731;1.0;NA;NA;NA;NA;NA;NA;NA;NA;NA;NA;NA;NA;NA
42;1.0;1.0;1.0;1.0;0.07514705508947372;1.0;0.07628735899925232;1.0;1.0;1.0;1.0;0.07742766290903091;1.0;NA;NA;NA;NA;NA;NA;NA;NA;NA;NA;NA;NA;NA
43;1.0;1.0;1.0;1.0;0.06196553632616997;1.0;0.0630945935845375;1.0;1.0;1.0;1.0;0.06422365456819534;1.0;NA;NA;NA;NA;NA;NA;NA;NA;NA;NA;NA;NA;NA
44;1.0;1.0;1.0;1.0;0.050477977842092514;1.0;0.05176845192909241;1.0;1.0;1.0;1.0;0.053058922290802;1.0;NA;NA;NA;NA;NA;NA;NA;NA;NA;NA;NA;NA;NA
45;1.0;1.0;1.0;1.0;0.042945023626089096;1.0;0.0441121906042099;1.0;1.0;1.0;1.0;0.045279357582330704;1.0;NA;NA;NA;NA;NA;NA;NA;NA;NA;NA;NA;NA;NA
46;1.0;1.0;1.0;1.0;0.03478968143463135;1.0;0.03600017726421356;1.0;1.0;1.0;1.0;0.037210673093795776;1.0;NA;NA;NA;NA;NA;NA;NA;NA;NA;NA;NA;NA;NA
47;1.0;1.0;1.0;1.0;0.029813051223754883;1.0;0.03113558329641819;1.0;1.0;1.0;1.0;0.0324581153690815;1.0;NA;NA;NA;NA;NA;NA;NA;NA;NA;NA;NA;NA;NA
48;1.0;1.0;1.0;1.0;0.02462325431406498;1.0;0.026080405339598656;1.0;1.0;1.0;1.0;0.027537556365132332;1.0;NA;NA;NA;NA;NA;NA;NA;NA;NA;NA;NA;NA;NA
49;1.0;1.0;1.0;1.0;0.020850952714681625;1.0;0.022278612479567528;1.0;1.0;1.0;1.0;0.02370627224445343;1.0;NA;NA;NA;NA;NA;NA;NA;NA;NA;NA;NA;NA;NA
50;1.0;1.0;1.0;1.0;0.018681105226278305;1.0;0.02008751407265663;1.0;1.0;1.0;1.0;0.02149392105638981;1.0;NA;NA;NA;NA;NA;NA;NA;NA;NA;NA;NA;NA;NA
51;1.0;1.0;1.0;1.0;0.01641869731247425;1.0;0.017963046208024025;1.0;1.0;1.0;1.0;0.0195073951035738;1.0;NA;NA;NA;NA;NA;NA;NA;NA;NA;NA;NA;NA;NA
52;1.0;1.0;1.0;1.0;0.015481797978281975;1.0;0.016901522874832153;1.0;1.0;1.0;1.0;0.018321247771382332;1.0;NA;NA;NA;NA;NA;NA;NA;NA;NA;NA;NA;NA;NA
53;1.0;1.0;1.0;1.0;0.014438446611166;1.0;0.01590988039970398;1.0;1.0;1.0;1.0;0.017381316050887108;1.0;NA;NA;NA;NA;NA;NA;NA;NA;NA;NA;NA;NA;NA
54;1.0;1.0;1.0;1.0;0.013641527853906155;1.0;0.015052972361445427;1.0;1.0;1.0;1.0;0.016464415937662125;1.0;NA;NA;NA;NA;NA;NA;NA;NA;NA;NA;NA;NA;NA
55;1.0;1.0;1.0;1.0;0.01337848138064146;1.0;0.01489175483584404;1.0;1.0;1.0;1.0;0.016405027359724045;1.0;NA;NA;NA;NA;NA;NA;NA;NA;NA;NA;NA;NA;NA
56;1.0;1.0;1.0;1.0;0.012828757986426353;1.0;0.01431441493332386;1.0;1.0;1.0;1.0;0.015800071880221367;1.0;NA;NA;NA;NA;NA;NA;NA;NA;NA;NA;NA;NA;NA
57;1.0;1.0;1.0;1.0;0.012940416112542152;1.0;0.014442848972976208;1.0;1.0;1.0;1.0;0.015945281833410263;1.0;NA;NA;NA;NA;NA;NA;NA;NA;NA;NA;NA;NA;NA
58;1.0;1.0;1.0;1.0;0.013343018479645252;1.0;0.01473914459347725;1.0;1.0;1.0;1.0;0.01613527163863182;1.0;NA;NA;NA;NA;NA;NA;NA;NA;NA;NA;NA;NA;NA
59;1.0;1.0;1.0;1.0;0.012592579238116741;1.0;0.014009211212396622;1.0;1.0;1.0;1.0;0.015425843186676502;1.0;NA;NA;NA;NA;NA;NA;NA;NA;NA;NA;NA;NA;NA
60;1.0;1.0;1.0;1.0;0.01250415202230215;1.0;0.013973254710435867;1.0;1.0;1.0;1.0;0.015442358329892159;1.0;NA;NA;NA;NA;NA;NA;NA;NA;NA;NA;NA;NA;NA
61;1.0;1.0;1.0;1.0;0.012615375220775604;1.0;0.014047697186470032;1.0;1.0;1.0;1.0;0.01548001915216446;1.0;NA;NA;NA;NA;NA;NA;NA;NA;NA;NA;NA;NA;NA
62;1.0;1.0;1.0;1.0;0.01242840476334095;1.0;0.01376363169401884;1.0;1.0;1.0;1.0;0.015098858624696732;1.0;NA;NA;NA;NA;NA;NA;NA;NA;NA;NA;NA;NA;NA
63;1.0;1.0;1.0;1.0;0.012861107476055622;1.0;0.014244036749005318;1.0;1.0;1.0;1.0;0.015626966953277588;1.0;NA;NA;NA;NA;NA;NA;NA;NA;NA;NA;NA;NA;NA
64;1.0;1.0;1.0;1.0;0.012445654720067978;1.0;0.01370960846543312;1.0;1.0;1.0;1.0;0.014973563142120838;1.0;NA;NA;NA;NA;NA;NA;NA;NA;NA;NA;NA;NA;NA
65;1.0;1.0;1.0;1.0;0.01249294076114893;1.0;0.01374121755361557;1.0;1.0;1.0;1.0;0.014989493414759636;1.0;NA;NA;NA;NA;NA;NA;NA;NA;NA;NA;NA;NA;NA
66;1.0;1.0;1.0;1.0;0.01289884652942419;1.0;0.014096301980316639;1.0;1.0;1.0;1.0;0.015293757431209087;1.0;NA;NA;NA;NA;NA;NA;NA;NA;NA;NA;NA;NA;NA
67;1.0;1.0;1.0;1.0;0.01254201028496027;1.0;0.013723095878958702;1.0;1.0;1.0;1.0;0.014904182404279709;1.0;NA;NA;NA;NA;NA;NA;NA;NA;NA;NA;NA;NA;NA
68;1.0;1.0;1.0;1.0;0.012809083797037601;1.0;0.01387449074536562;1.0;1.0;1.0;1.0;0.014939897693693638;1.0;NA;NA;NA;NA;NA;NA;NA;NA;NA;NA;NA;NA;NA
69;1.0;1.0;1.0;1.0;0.012633739039301872;1.0;0.013742614537477493;1.0;1.0;1.0;1.0;0.01485148910433054;1.0;NA;NA;NA;NA;NA;NA;NA;NA;NA;NA;NA;NA;NA
70;1.0;1.0;1.0;1.0;0.012489402666687965;1.0;0.013683132827281952;1.0;1.0;1.0;1.0;0.014876862056553364;1.0;NA;NA;NA;NA;NA;NA;NA;NA;NA;NA;NA;NA;NA
71;1.0;1.0;1.0;1.0;0.012712077237665653;1.0;0.013765865936875343;1.0;1.0;1.0;1.0;0.014819653704762459;1.0;NA;NA;NA;NA;NA;NA;NA;NA;NA;NA;NA;NA;NA
72;1.0;1.0;1.0;1.0;0.01316326204687357;1.0;0.014238715171813965;1.0;1.0;1.0;1.0;0.015314169228076935;1.0;NA;NA;NA;NA;NA;NA;NA;NA;NA;NA;NA;NA;NA
73;1.0;1.0;1.0;1.0;0.012331491336226463;1.0;0.013384632766246796;1.0;1.0;1.0;1.0;0.014437773264944553;1.0;NA;NA;NA;NA;NA;NA;NA;NA;NA;NA;NA;NA;NA
74;1.0;1.0;1.0;1.0;0.012602035887539387;1.0;0.013693631626665592;1.0;1.0;1.0;1.0;0.014785227365791798;1.0;NA;NA;NA;NA;NA;NA;NA;NA;NA;NA;NA;NA;NA
75;1.0;1.0;1.0;1.0;0.012448281981050968;1.0;0.013582775369286537;1.0;1.0;1.0;1.0;0.014717268757522106;1.0;NA;NA;NA;NA;NA;NA;NA;NA;NA;NA;NA;NA;NA
76;1.0;1.0;1.0;1.0;0.01270202174782753;1.0;0.01366782933473587;1.0;1.0;1.0;1.0;0.014633635990321636;1.0;NA;NA;NA;NA;NA;NA;NA;NA;NA;NA;NA;NA;NA
77;1.0;1.0;1.0;1.0;0.012762010097503662;1.0;0.013888634741306305;1.0;1.0;1.0;1.0;0.015015258453786373;1.0;NA;NA;NA;NA;NA;NA;NA;NA;NA;NA;NA;NA;NA
78;1.0;1.0;1.0;1.0;0.012564700096845627;1.0;0.01380435936152935;1.0;1.0;1.0;1.0;0.015044019557535648;1.0;NA;NA;NA;NA;NA;NA;NA;NA;NA;NA;NA;NA;NA
79;1.0;1.0;1.0;1.0;0.01281064935028553;1.0;0.013946663588285446;1.0;1.0;1.0;1.0;0.015082676894962788;1.0;NA;NA;NA;NA;NA;NA;NA;NA;NA;NA;NA;NA;NA
80;1.0;1.0;1.0;1.0;0.012448173947632313;1.0;0.013640975579619408;1.0;1.0;1.0;1.0;0.014833777211606503;1.0;NA;NA;NA;NA;NA;NA;NA;NA;NA;NA;NA;NA;NA
81;1.0;1.0;1.0;1.0;0.01252114400267601;1.0;0.013723286800086498;1.0;1.0;1.0;1.0;0.014925429597496986;1.0;NA;NA;NA;NA;NA;NA;NA;NA;NA;NA;NA;NA;NA
82;1.0;1.0;1.0;1.0;0.012355977669358253;1.0;0.013576546683907509;1.0;1.0;1.0;1.0;0.014797116629779339;1.0;NA;NA;NA;NA;NA;NA;NA;NA;NA;NA;NA;NA;NA
83;1.0;1.0;1.0;1.0;0.012534959241747856;1.0;0.013716278597712517;1.0;1.0;1.0;1.0;0.014897597022354603;1.0;NA;NA;NA;NA;NA;NA;NA;NA;NA;NA;NA;NA;NA
84;1.0;1.0;1.0;1.0;0.01222196314483881;1.0;0.013404931873083115;1.0;1.0;1.0;1.0;0.01458790060132742;1.0;NA;NA;NA;NA;NA;NA;NA;NA;NA;NA;NA;NA;NA
85;1.0;1.0;1.0;1.0;0.012192735448479652;1.0;0.013367947190999985;1.0;1.0;1.0;1.0;0.014543158933520317;1.0;NA;NA;NA;NA;NA;NA;NA;NA;NA;NA;NA;NA;NA
86;1.0;1.0;1.0;1.0;0.012808678671717644;1.0;0.01399231143295765;1.0;1.0;1.0;1.0;0.01517594512552023;1.0;NA;NA;NA;NA;NA;NA;NA;NA;NA;NA;NA;NA;NA
87;1.0;1.0;1.0;1.0;0.012573713436722755;1.0;0.013724694028496742;1.0;1.0;1.0;1.0;0.014875674620270729;1.0;NA;NA;NA;NA;NA;NA;NA;NA;NA;NA;NA;NA;NA
88;1.0;1.0;1.0;1.0;0.012440178543329239;1.0;0.01358368992805481;1.0;1.0;1.0;1.0;0.014727202244102955;1.0;NA;NA;NA;NA;NA;NA;NA;NA;NA;NA;NA;NA;NA
89;1.0;1.0;1.0;1.0;0.012369291856884956;1.0;0.01353161595761776;1.0;1.0;1.0;1.0;0.014693939127027988;1.0;NA;NA;NA;NA;NA;NA;NA;NA;NA;NA;NA;NA;NA
90;1.0;1.0;1.0;1.0;0.012312904931604862;1.0;0.013452883809804916;1.0;1.0;1.0;1.0;0.014592863619327545;1.0;NA;NA;NA;NA;NA;NA;NA;NA;NA;NA;NA;NA;NA
91;1.0;1.0;1.0;1.0;0.01289384439587593;1.0;0.01402338221669197;1.0;1.0;1.0;1.0;0.015152919106185436;1.0;NA;NA;NA;NA;NA;NA;NA;NA;NA;NA;NA;NA;NA
92;1.0;1.0;1.0;1.0;0.012560374103486538;1.0;0.013637872412800789;1.0;1.0;1.0;1.0;0.014715369790792465;1.0;NA;NA;NA;NA;NA;NA;NA;NA;NA;NA;NA;NA;NA
93;1.0;1.0;1.0;1.0;0.012236121110618114;1.0;0.013327162712812424;1.0;1.0;1.0;1.0;0.014418203383684158;1.0;NA;NA;NA;NA;NA;NA;NA;NA;NA;NA;NA;NA;NA
94;1.0;1.0;1.0;1.0;0.01239866390824318;1.0;0.013481797650456429;1.0;1.0;1.0;1.0;0.014564931392669678;1.0;NA;NA;NA;NA;NA;NA;NA;NA;NA;NA;NA;NA;NA
95;1.0;1.0;1.0;1.0;0.012107795104384422;1.0;0.01315971091389656;1.0;1.0;1.0;1.0;0.014211626723408699;1.0;NA;NA;NA;NA;NA;NA;NA;NA;NA;NA;NA;NA;NA
96;1.0;1.0;1.0;1.0;0.012525832280516624;1.0;0.013593409210443497;1.0;1.0;1.0;1.0;0.014660985209047794;1.0;NA;NA;NA;NA;NA;NA;NA;NA;NA;NA;NA;NA;NA
97;1.0;1.0;1.0;1.0;0.012304156087338924;1.0;0.01327560842037201;1.0;1.0;1.0;1.0;0.01424705982208252;1.0;NA;NA;NA;NA;NA;NA;NA;NA;NA;NA;NA;NA;NA
98;1.0;1.0;1.0;1.0;0.012155474163591862;1.0;0.013125132769346237;1.0;1.0;1.0;1.0;0.014094792306423187;1.0;NA;NA;NA;NA;NA;NA;NA;NA;NA;NA;NA;NA;NA
99;1.0;1.0;1.0;1.0;0.012730210088193417;1.0;0.01373801939189434;1.0;1.0;1.0;1.0;0.014745828695595264;1.0;NA;NA;NA;NA;NA;NA;NA;NA;NA;NA;NA;NA;NA
100;1.0;1.0;1.0;1.0;0.012670445255935192;1.0;0.013609479181468487;1.0;1.0;1.0;1.0;0.014548513107001781;1.0;NA;NA;NA;NA;NA;NA;NA;NA;NA;NA;NA;NA;NA
101;1.0;1.0;1.0;1.0;0.012771542184054852;1.0;0.013722319155931473;1.0;1.0;1.0;1.0;0.014673097059130669;1.0;NA;NA;NA;NA;NA;NA;NA;NA;NA;NA;NA;NA;NA
102;1.0;1.0;1.0;1.0;0.012439990416169167;1.0;0.013342652469873428;1.0;1.0;1.0;1.0;0.014245313592255116;1.0;NA;NA;NA;NA;NA;NA;NA;NA;NA;NA;NA;NA;NA
103;1.0;1.0;1.0;1.0;0.012420753948390484;1.0;0.013285098597407341;1.0;1.0;1.0;1.0;0.014149444177746773;1.0;NA;NA;NA;NA;NA;NA;NA;NA;NA;NA;NA;NA;NA
104;1.0;1.0;1.0;1.0;0.012710516341030598;1.0;0.013623129576444626;1.0;1.0;1.0;1.0;0.014535742811858654;1.0;NA;NA;NA;NA;NA;NA;NA;NA;NA;NA;NA;NA;NA
105;1.0;1.0;1.0;1.0;0.012431478127837181;1.0;0.013361228629946709;1.0;1.0;1.0;1.0;0.014290980063378811;1.0;NA;NA;NA;NA;NA;NA;NA;NA;NA;NA;NA;NA;NA
106;1.0;1.0;1.0;1.0;0.012849368155002594;1.0;0.013666506856679916;1.0;1.0;1.0;1.0;0.014483644627034664;1.0;NA;NA;NA;NA;NA;NA;NA;NA;NA;NA;NA;NA;NA
107;1.0;1.0;1.0;1.0;0.012547716498374939;1.0;0.013494586572051048;1.0;1.0;1.0;1.0;0.014441457577049732;1.0;NA;NA;NA;NA;NA;NA;NA;NA;NA;NA;NA;NA;NA
108;1.0;1.0;1.0;1.0;0.012225846759974957;1.0;0.013150929473340511;1.0;1.0;1.0;1.0;0.014076012186706066;1.0;NA;NA;NA;NA;NA;NA;NA;NA;NA;NA;NA;NA;NA
109;1.0;1.0;1.0;1.0;0.012425034306943417;1.0;0.013316633179783821;1.0;1.0;1.0;1.0;0.0142082329839468;1.0;NA;NA;NA;NA;NA;NA;NA;NA;NA;NA;NA;NA;NA
110;1.0;1.0;1.0;1.0;0.01232790295034647;1.0;0.013246129266917706;1.0;1.0;1.0;1.0;0.014164355583488941;1.0;NA;NA;NA;NA;NA;NA;NA;NA;NA;NA;NA;NA;NA
111;1.0;1.0;1.0;1.0;0.01250098180025816;1.0;0.013380428776144981;1.0;1.0;1.0;1.0;0.014259876683354378;1.0;NA;NA;NA;NA;NA;NA;NA;NA;NA;NA;NA;NA;NA
112;1.0;1.0;1.0;1.0;0.012754751369357109;1.0;0.013590417802333832;1.0;1.0;1.0;1.0;0.01442608330398798;1.0;NA;NA;NA;NA;NA;NA;NA;NA;NA;NA;NA;NA;NA
113;1.0;1.0;1.0;1.0;0.012688402086496353;1.0;0.013582687824964523;1.0;1.0;1.0;1.0;0.014476973563432693;1.0;NA;NA;NA;NA;NA;NA;NA;NA;NA;NA;NA;NA;NA
114;1.0;1.0;1.0;1.0;0.012696309015154839;1.0;0.013565301895141602;1.0;1.0;1.0;1.0;0.01443429384380579;1.0;NA;NA;NA;NA;NA;NA;NA;NA;NA;NA;NA;NA;NA
115;1.0;1.0;1.0;1.0;0.012675835750997066;1.0;0.013579586520791054;1.0;1.0;1.0;1.0;0.014483336359262466;1.0;NA;NA;NA;NA;NA;NA;NA;NA;NA;NA;NA;NA;NA
116;1.0;1.0;1.0;1.0;0.012294154614210129;1.0;0.013198437169194221;1.0;1.0;1.0;1.0;0.01410271879285574;1.0;NA;NA;NA;NA;NA;NA;NA;NA;NA;NA;NA;NA;NA
117;1.0;1.0;1.0;1.0;0.012346489354968071;1.0;0.01322702132165432;1.0;1.0;1.0;1.0;0.014107554219663143;1.0;NA;NA;NA;NA;NA;NA;NA;NA;NA;NA;NA;NA;NA
118;1.0;1.0;1.0;1.0;0.012874331325292587;1.0;0.013714155182242393;1.0;1.0;1.0;1.0;0.0145539790391922;1.0;NA;NA;NA;NA;NA;NA;NA;NA;NA;NA;NA;NA;NA
119;1.0;1.0;1.0;1.0;0.012984761968255043;1.0;0.013867579400539398;1.0;1.0;1.0;1.0;0.014750397764146328;1.0;NA;NA;NA;NA;NA;NA;NA;NA;NA;NA;NA;NA;NA
0;1.0;0.3396396338939667;1.0;1.0;0.7309539318084717;0.6148649454116821;0.7308952212333679;1.0;0.3396396338939667;1.0;1.0;0.7308365106582642;0.6148649454116821;NA;NA;NA;NA;NA;NA;NA;NA;NA;NA;NA;NA;NA
1;1.0;0.31801801919937134;1.0;1.0;0.7452710270881653;0.6019519567489624;0.7451432943344116;1.0;0.31801801919937134;1.0;1.0;0.7450156211853027;0.6019519567489624;NA;NA;NA;NA;NA;NA;NA;NA;NA;NA;NA;NA;NA
2;1.0;0.3198198080062866;1.0;1.0;0.7369698882102966;0.6037537455558777;0.736795961856842;1.0;0.3198198080062866;1.0;1.0;0.7366220355033875;0.6039039492607117;NA;NA;NA;NA;NA;NA;NA;NA;NA;NA;NA;NA;NA
3;1.0;0.32072073221206665;1.0;1.0;0.7406185865402222;0.6030029654502869;0.7404838800430298;1.0;0.32072073221206665;1.0;1.0;0.7403491139411926;0.6030029654502869;NA;NA;NA;NA;NA;NA;NA;NA;NA;NA;NA;NA;NA
4;1.0;0.3360360264778137;1.0;1.0;0.7440245747566223;0.6132132411003113;0.7435848712921143;1.0;0.3360360264778137;1.0;1.0;0.7431451082229614;0.6133633255958557;NA;NA;NA;NA;NA;NA;NA;NA;NA;NA;NA;NA;NA
5;1.0;0.3234234154224396;1.0;1.0;0.7350303530693054;0.6054053902626038;0.7349385023117065;1.0;0.3234234154224396;1.0;1.0;0.7348466515541077;0.6054053902626038;NA;NA;NA;NA;NA;NA;NA;NA;NA;NA;NA;NA;NA
6;1.0;0.3378378450870514;1.0;1.0;0.7304102778434753;0.6139640212059021;0.7299950122833252;1.0;0.3378378450870514;1.0;1.0;0.7295798063278198;0.6141141057014465;NA;NA;NA;NA;NA;NA;NA;NA;NA;NA;NA;NA;NA
7;1.0;0.361261248588562;1.0;1.0;0.7250803112983704;0.626876950263977;0.724995493888855;1.0;0.361261248588562;1.0;1.0;0.7249106168746948;0.626876950263977;NA;NA;NA;NA;NA;NA;NA;NA;NA;NA;NA;NA;NA
8;1.0;0.3468468487262726;1.0;1.0;0.7345874309539795;0.6172673106193542;0.7344400882720947;1.0;0.3468468487262726;1.0;1.0;0.7342928051948547;0.6174174547195435;NA;NA;NA;NA;NA;NA;NA;NA;NA;NA;NA;NA;NA
9;1.0;0.3540540635585785;1.0;1.0;0.7399513125419617;0.619369387626648;0.739638090133667;1.0;0.3540540635585785;1.0;1.0;0.7393248677253723;0.619369387626648;NA;NA;NA;NA;NA;NA;NA;NA;NA;NA;NA;NA;NA
10;1.0;0.35945945978164673;1.0;1.0;0.7237502336502075;0.6255255341529846;0.7237257957458496;1.0;0.35945945978164673;1.0;1.0;0.7237013578414917;0.6255255341529846;NA;NA;NA;NA;NA;NA;NA;NA;NA;NA;NA;NA;NA
11;1.0;0.33243241906166077;1.0;1.0;0.7250474691390991;0.6156156063079834;0.7246696949005127;1.0;0.33243241906166077;1.0;1.0;0.7242919206619263;0.6157657504081726;NA;NA;NA;NA;NA;NA;NA;NA;NA;NA;NA;NA;NA
12;1.0;0.36216217279434204;1.0;1.0;0.7327780723571777;0.6276276707649231;0.7322794198989868;1.0;0.36216217279434204;1.0;1.0;0.7317807078361511;0.6276276707649231;NA;NA;NA;NA;NA;NA;NA;NA;NA;NA;NA;NA;NA
13;1.0;0.35495495796203613;1.0;1.0;0.7294094562530518;0.6262763142585754;0.7289202213287354;1.0;0.35495495796203613;1.0;1.0;0.7284310460090637;0.6262763142585754;NA;NA;NA;NA;NA;NA;NA;NA;NA;NA;NA;NA;NA
14;1.0;0.3702702820301056;1.0;1.0;0.7219880819320679;0.6322823166847229;0.7214018702507019;1.0;0.3702702820301056;1.0;1.0;0.7208156585693359;0.6325826048851013;NA;NA;NA;NA;NA;NA;NA;NA;NA;NA;NA;NA;NA
15;1.0;0.3891891837120056;1.0;1.0;0.710966169834137;0.6471472382545471;0.7107480764389038;1.0;0.39009007811546326;1.0;1.0;0.7105299830436707;0.647747814655304;NA;NA;NA;NA;NA;NA;NA;NA;NA;NA;NA;NA;NA
16;1.0;0.384684681892395;1.0;1.0;0.7070045471191406;0.6483483910560608;0.7067837119102478;1.0;0.384684681892395;1.0;1.0;0.706562876701355;0.6483483910560608;NA;NA;NA;NA;NA;NA;NA;NA;NA;NA;NA;NA;NA
17;1.0;0.40900900959968567;1.0;1.0;0.6966903209686279;0.6626126766204834;0.6964240670204163;1.0;0.40900900959968567;1.0;1.0;0.6961578130722046;0.6629129648208618;NA;NA;NA;NA;NA;NA;NA;NA;NA;NA;NA;NA;NA
18;1.0;0.41531533002853394;1.0;1.0;0.6911870241165161;0.6656156778335571;0.6907257437705994;1.0;0.41531533002853394;1.0;1.0;0.6902644634246826;0.6657658219337463;NA;NA;NA;NA;NA;NA;NA;NA;NA;NA;NA;NA;NA
19;1.0;0.4954954981803894;1.0;1.0;0.6761983036994934;0.7106606960296631;0.6760936975479126;1.0;0.4954954981803894;1.0;1.0;0.6759891510009766;0.7106606960296631;NA;NA;NA;NA;NA;NA;NA;NA;NA;NA;NA;NA;NA
20;1.0;0.5081080794334412;1.0;1.0;0.6602388024330139;0.7246246337890625;0.6600849628448486;1.0;0.5081080794334412;1.0;1.0;0.6599310636520386;0.7246246337890625;NA;NA;NA;NA;NA;NA;NA;NA;NA;NA;NA;NA;NA
21;1.0;0.5108107924461365;1.0;1.0;0.6521564722061157;0.7255254983901978;0.6520389318466187;1.0;0.5108107924461365;1.0;1.0;0.6519214510917664;0.7255254983901978;NA;NA;NA;NA;NA;NA;NA;NA;NA;NA;NA;NA;NA
22;1.0;0.568468451499939;1.0;1.0;0.6356580853462219;0.7567567825317383;0.6355137825012207;1.0;0.568468451499939;1.0;1.0;0.6353695392608643;0.7569069862365723;NA;NA;NA;NA;NA;NA;NA;NA;NA;NA;NA;NA;NA
23;1.0;0.6261261105537415;1.0;1.0;0.6121727824211121;0.7912912964820862;0.6117832660675049;1.0;0.6279278993606567;1.0;1.0;0.6113938093185425;0.7924925088882446;NA;NA;NA;NA;NA;NA;NA;NA;NA;NA;NA;NA;NA
24;1.0;0.6567567586898804;1.0;1.0;0.5921487212181091;0.8096096515655518;0.5918915271759033;1.0;0.6567567586898804;1.0;1.0;0.5916343927383423;0.8099098801612854;NA;NA;NA;NA;NA;NA;NA;NA;NA;NA;NA;NA;NA
25;1.0;0.7045044898986816;1.0;1.0;0.5774871706962585;0.8375375866889954;0.577365517616272;1.0;0.7054054141044617;1.0;1.0;0.5772438049316406;0.8382883071899414;NA;NA;NA;NA;NA;NA;NA;NA;NA;NA;NA;NA;NA
26;1.0;0.7756756544113159;1.0;1.0;0.5365356802940369;0.8794294595718384;0.5362984538078308;1.0;0.7756756544113159;1.0;1.0;0.5360612273216248;0.8794294595718384;NA;NA;NA;NA;NA;NA;NA;NA;NA;NA;NA;NA;NA
27;1.0;0.8189189434051514;1.0;1.0;0.510999321937561;0.9027026891708374;0.510887622833252;1.0;0.8198198080062866;1.0;1.0;0.5107759237289429;0.9033032655715942;NA;NA;NA;NA;NA;NA;NA;NA;NA;NA;NA;NA;NA
28;1.0;0.8666666746139526;1.0;1.0;0.4797939956188202;0.9282281398773193;0.4798133075237274;1.0;0.8666666746139526;1.0;1.0;0.47983261942863464;0.9282281398773193;NA;NA;NA;NA;NA;NA;NA;NA;NA;NA;NA;NA;NA
29;1.0;0.8864864706993103;1.0;1.0;0.45393696427345276;0.9402403235435486;0.4539327621459961;1.0;0.8873873949050903;1.0;1.0;0.45392856001853943;0.9406907558441162;NA;NA;NA;NA;NA;NA;NA;NA;NA;NA;NA;NA;NA
30;1.0;0.9342342615127563;1.0;1.0;0.4210321307182312;0.9662162065505981;0.42108234763145447;1.0;0.9342342615127563;1.0;1.0;0.42113256454467773;0.9662162065505981;NA;NA;NA;NA;NA;NA;NA;NA;NA;NA;NA;NA;NA
31;1.0;0.9576576352119446;1.0;1.0;0.3810577392578125;0.977477490901947;0.38103148341178894;1.0;0.9576576352119446;1.0;1.0;0.3810052275657654;0.977627694606781;NA;NA;NA;NA;NA;NA;NA;NA;NA;NA;NA;NA;NA
32;1.0;0.9810810685157776;1.0;1.0;0.34237611293792725;0.990390419960022;0.34252333641052246;1.0;0.9810810685157776;1.0;1.0;0.34267058968544006;0.990390419960022;NA;NA;NA;NA;NA;NA;NA;NA;NA;NA;NA;NA;NA
33;1.0;0.9882882833480835;1.0;1.0;0.30879536271095276;0.9941441416740417;0.3089821934700012;1.0;0.9882882833480835;1.0;1.0;0.30916905403137207;0.9941441416740417;NA;NA;NA;NA;NA;NA;NA;NA;NA;NA;NA;NA;NA
34;1.0;0.9936937093734741;1.0;1.0;0.27581700682640076;0.9968468546867371;0.276032954454422;1.0;0.9936937093734741;1.0;1.0;0.27624890208244324;0.9968468546867371;NA;NA;NA;NA;NA;NA;NA;NA;NA;NA;NA;NA;NA
35;1.0;0.9954954981803894;1.0;1.0;0.24301931262016296;0.9975976347923279;0.24317049980163574;1.0;0.9954954981803894;1.0;1.0;0.24332170188426971;0.9975976347923279;NA;NA;NA;NA;NA;NA;NA;NA;NA;NA;NA;NA;NA
36;1.0;0.99909907579422;1.0;1.0;0.2097431719303131;0.9995495676994324;0.20983919501304626;1.0;0.99909907579422;1.0;1.0;0.20993521809577942;0.9995495676994324;NA;NA;NA;NA;NA;NA;NA;NA;NA;NA;NA;NA;NA
37;1.0;0.9981982111930847;1.0;1.0;0.1836250275373459;0.99909907579422;0.1839950978755951;1.0;0.9981982111930847;1.0;1.0;0.1843651682138443;0.99909907579422;NA;NA;NA;NA;NA;NA;NA;NA;NA;NA;NA;NA;NA
38;1.0;0.99909907579422;1.0;1.0;0.15561312437057495;0.9995495676994324;0.15599967539310455;1.0;0.99909907579422;1.0;1.0;0.15638622641563416;0.9995495676994324;NA;NA;NA;NA;NA;NA;NA;NA;NA;NA;NA;NA;NA
39;1.0;1.0;1.0;1.0;0.12604078650474548;1.0;0.12651026248931885;1.0;1.0;1.0;1.0;0.12697972357273102;1.0;NA;NA;NA;NA;NA;NA;NA;NA;NA;NA;NA;NA;NA
40;1.0;1.0;1.0;1.0;0.11078114062547684;1.0;0.11126996576786041;1.0;1.0;1.0;1.0;0.11175878345966339;1.0;NA;NA;NA;NA;NA;NA;NA;NA;NA;NA;NA;NA;NA
41;1.0;1.0;1.0;1.0;0.08802548050880432;1.0;0.08857257664203644;1.0;1.0;1.0;1.0;0.08911968022584915;1.0;NA;NA;NA;NA;NA;NA;NA;NA;NA;NA;NA;NA;NA
42;1.0;1.0;1.0;1.0;0.07275953888893127;1.0;0.07345812022686005;1.0;1.0;1.0;1.0;0.07415669411420822;1.0;NA;NA;NA;NA;NA;NA;NA;NA;NA;NA;NA;NA;NA
43;1.0;1.0;1.0;1.0;0.05870700255036354;1.0;0.059340860694646835;1.0;1.0;1.0;1.0;0.05997471883893013;1.0;NA;NA;NA;NA;NA;NA;NA;NA;NA;NA;NA;NA;NA
44;1.0;1.0;1.0;1.0;0.04843023419380188;1.0;0.04907483607530594;1.0;1.0;1.0;1.0;0.0497194342315197;1.0;NA;NA;NA;NA;NA;NA;NA;NA;NA;NA;NA;NA;NA
45;1.0;1.0;1.0;1.0;0.04003124684095383;1.0;0.04076974093914032;1.0;1.0;1.0;1.0;0.04150823503732681;1.0;NA;NA;NA;NA;NA;NA;NA;NA;NA;NA;NA;NA;NA
46;1.0;1.0;1.0;1.0;0.03246035799384117;1.0;0.033162087202072144;1.0;1.0;1.0;1.0;0.03386381268501282;1.0;NA;NA;NA;NA;NA;NA;NA;NA;NA;NA;NA;NA;NA
47;1.0;1.0;1.0;1.0;0.026127194985747337;1.0;0.02703224867582321;1.0;1.0;1.0;1.0;0.027937302365899086;1.0;NA;NA;NA;NA;NA;NA;NA;NA;NA;NA;NA;NA;NA
48;1.0;1.0;1.0;1.0;0.021827537566423416;1.0;0.022817211225628853;1.0;1.0;1.0;1.0;0.02380688488483429;1.0;NA;NA;NA;NA;NA;NA;NA;NA;NA;NA;NA;NA;NA
49;1.0;1.0;1.0;1.0;0.019289566203951836;1.0;0.020221233367919922;1.0;1.0;1.0;1.0;0.02115289866924286;1.0;NA;NA;NA;NA;NA;NA;NA;NA;NA;NA;NA;NA;NA
50;1.0;1.0;1.0;1.0;0.016976498067378998;1.0;0.017847293987870216;1.0;1.0;1.0;1.0;0.018718089908361435;1.0;NA;NA;NA;NA;NA;NA;NA;NA;NA;NA;NA;NA;NA
51;1.0;1.0;1.0;1.0;0.015564684756100178;1.0;0.016524937003850937;1.0;1.0;1.0;1.0;0.01748519018292427;1.0;NA;NA;NA;NA;NA;NA;NA;NA;NA;NA;NA;NA;NA
52;1.0;1.0;1.0;1.0;0.014208639040589333;1.0;0.015264672227203846;1.0;1.0;1.0;1.0;0.01632070541381836;1.0;NA;NA;NA;NA;NA;NA;NA;NA;NA;NA;NA;NA;NA
53;1.0;1.0;1.0;1.0;0.013574506156146526;1.0;0.01458456926047802;1.0;1.0;1.0;1.0;0.015594633296132088;1.0;NA;NA;NA;NA;NA;NA;NA;NA;NA;NA;NA;NA;NA
54;1.0;1.0;1.0;1.0;0.012884912081062794;1.0;0.013914316892623901;1.0;1.0;1.0;1.0;0.014943722635507584;1.0;NA;NA;NA;NA;NA;NA;NA;NA;NA;NA;NA;NA;NA
55;1.0;1.0;1.0;1.0;0.012410705909132957;1.0;0.013470292091369629;1.0;1.0;1.0;1.0;0.014529877342283726;1.0;NA;NA;NA;NA;NA;NA;NA;NA;NA;NA;NA;NA;NA
56;1.0;1.0;1.0;1.0;0.012242978438735008;1.0;0.013294393196702003;1.0;1.0;1.0;1.0;0.014345807023346424;1.0;NA;NA;NA;NA;NA;NA;NA;NA;NA;NA;NA;NA;NA
57;1.0;1.0;1.0;1.0;0.011934430338442326;1.0;0.01299639418721199;1.0;1.0;1.0;1.0;0.01405835896730423;1.0;NA;NA;NA;NA;NA;NA;NA;NA;NA;NA;NA;NA;NA
58;1.0;1.0;1.0;1.0;0.01209123246371746;1.0;0.013138318434357643;1.0;1.0;1.0;1.0;0.014185404404997826;1.0;NA;NA;NA;NA;NA;NA;NA;NA;NA;NA;NA;NA;NA
59;1.0;1.0;1.0;1.0;0.012051071040332317;1.0;0.013087579980492592;1.0;1.0;1.0;1.0;0.014124087989330292;1.0;NA;NA;NA;NA;NA;NA;NA;NA;NA;NA;NA;NA;NA
60;1.0;1.0;1.0;1.0;0.011835475452244282;1.0;0.012888774275779724;1.0;1.0;1.0;1.0;0.013942073099315166;1.0;NA;NA;NA;NA;NA;NA;NA;NA;NA;NA;NA;NA;NA
61;1.0;1.0;1.0;1.0;0.012220202013850212;1.0;0.013270643539726734;1.0;1.0;1.0;1.0;0.014321085065603256;1.0;NA;NA;NA;NA;NA;NA;NA;NA;NA;NA;NA;NA;NA
62;1.0;1.0;1.0;1.0;0.011995713226497173;1.0;0.013037184253334999;1.0;1.0;1.0;1.0;0.0140786562114954;1.0;NA;NA;NA;NA;NA;NA;NA;NA;NA;NA;NA;NA;NA
63;1.0;1.0;1.0;1.0;0.012011763639748096;1.0;0.013050863519310951;1.0;1.0;1.0;1.0;0.014089962467551231;1.0;NA;NA;NA;NA;NA;NA;NA;NA;NA;NA;NA;NA;NA
64;1.0;1.0;1.0;1.0;0.012258621864020824;1.0;0.013275334611535072;1.0;1.0;1.0;1.0;0.01429204735904932;1.0;NA;NA;NA;NA;NA;NA;NA;NA;NA;NA;NA;NA;NA
65;1.0;1.0;1.0;1.0;0.011931050568819046;1.0;0.012947690673172474;1.0;1.0;1.0;1.0;0.013964330777525902;1.0;NA;NA;NA;NA;NA;NA;NA;NA;NA;NA;NA;NA;NA
66;1.0;1.0;1.0;1.0;0.011784503236413002;1.0;0.012796388939023018;1.0;1.0;1.0;1.0;0.01380827371031046;1.0;NA;NA;NA;NA;NA;NA;NA;NA;NA;NA;NA;NA;NA
67;1.0;1.0;1.0;1.0;0.012090749107301235;1.0;0.013081630691885948;1.0;1.0;1.0;1.0;0.014072511345148087;1.0;NA;NA;NA;NA;NA;NA;NA;NA;NA;NA;NA;NA;NA
68;1.0;1.0;1.0;1.0;0.011860838159918785;1.0;0.012863077223300934;1.0;1.0;1.0;1.0;0.013865315355360508;1.0;NA;NA;NA;NA;NA;NA;NA;NA;NA;NA;NA;NA;NA
69;1.0;1.0;1.0;1.0;0.011922135949134827;1.0;0.012906773015856743;1.0;1.0;1.0;1.0;0.013891409151256084;1.0;NA;NA;NA;NA;NA;NA;NA;NA;NA;NA;NA;NA;NA
70;1.0;1.0;1.0;1.0;0.011758661828935146;1.0;0.012741334736347198;1.0;1.0;1.0;1.0;0.013724006712436676;1.0;NA;NA;NA;NA;NA;NA;NA;NA;NA;NA;NA;NA;NA
71;1.0;1.0;1.0;1.0;0.012183688580989838;1.0;0.01314004696905613;1.0;1.0;1.0;1.0;0.014096405357122421;1.0;NA;NA;NA;NA;NA;NA;NA;NA;NA;NA;NA;NA;NA
72;1.0;1.0;1.0;1.0;0.011809311807155609;1.0;0.012757265008985996;1.0;1.0;1.0;1.0;0.013705218210816383;1.0;NA;NA;NA;NA;NA;NA;NA;NA;NA;NA;NA;NA;NA
73;1.0;1.0;1.0;1.0;0.011767536401748657;1.0;0.012692609801888466;1.0;1.0;1.0;1.0;0.0136176822707057;1.0;NA;NA;NA;NA;NA;NA;NA;NA;NA;NA;NA;NA;NA
74;1.0;1.0;1.0;1.0;0.012083698995411396;1.0;0.013012303039431572;1.0;1.0;1.0;1.0;0.013940906152129173;1.0;NA;NA;NA;NA;NA;NA;NA;NA;NA;NA;NA;NA;NA
75;1.0;1.0;1.0;1.0;0.011607466265559196;1.0;0.012541513890028;1.0;1.0;1.0;1.0;0.013475560583174229;1.0;NA;NA;NA;NA;NA;NA;NA;NA;NA;NA;NA;NA;NA
76;1.0;1.0;1.0;1.0;0.011850375682115555;1.0;0.012771720066666603;1.0;1.0;1.0;1.0;0.013693065382540226;1.0;NA;NA;NA;NA;NA;NA;NA;NA;NA;NA;NA;NA;NA
77;1.0;1.0;1.0;1.0;0.011797666549682617;1.0;0.012718700803816319;1.0;1.0;1.0;1.0;0.01363973505795002;1.0;NA;NA;NA;NA;NA;NA;NA;NA;NA;NA;NA;NA;NA
78;1.0;1.0;1.0;1.0;0.011985844932496548;1.0;0.01289207674562931;1.0;1.0;1.0;1.0;0.013798308558762074;1.0;NA;NA;NA;NA;NA;NA;NA;NA;NA;NA;NA;NA;NA
79;1.0;1.0;1.0;1.0;0.01182691939175129;1.0;0.012712366878986359;1.0;1.0;1.0;1.0;0.013597813434898853;1.0;NA;NA;NA;NA;NA;NA;NA;NA;NA;NA;NA;NA;NA
80;1.0;1.0;1.0;1.0;0.012001879513263702;1.0;0.01288903970271349;1.0;1.0;1.0;1.0;0.013776199892163277;1.0;NA;NA;NA;NA;NA;NA;NA;NA;NA;NA;NA;NA;NA
81;1.0;1.0;1.0;1.0;0.011681546457111835;1.0;0.012562938034534454;1.0;1.0;1.0;1.0;0.013444329611957073;1.0;NA;NA;NA;NA;NA;NA;NA;NA;NA;NA;NA;NA;NA
82;1.0;1.0;1.0;1.0;0.011959977447986603;1.0;0.012837758287787437;1.0;1.0;1.0;1.0;0.013715539127588272;1.0;NA;NA;NA;NA;NA;NA;NA;NA;NA;NA;NA;NA;NA
83;1.0;1.0;1.0;1.0;0.011861592531204224;1.0;0.01273341290652752;1.0;1.0;1.0;1.0;0.013605233281850815;1.0;NA;NA;NA;NA;NA;NA;NA;NA;NA;NA;NA;NA;NA
84;1.0;1.0;1.0;1.0;0.01181843876838684;1.0;0.012677636928856373;1.0;1.0;1.0;1.0;0.013536835089325905;1.0;NA;NA;NA;NA;NA;NA;NA;NA;NA;NA;NA;NA;NA
85;1.0;1.0;1.0;1.0;0.012253336608409882;1.0;0.013100107200443745;1.0;1.0;1.0;1.0;0.013946877792477608;1.0;NA;NA;NA;NA;NA;NA;NA;NA;NA;NA;NA;NA;NA
86;1.0;1.0;1.0;1.0;0.011889416724443436;1.0;0.0127329733222723;1.0;1.0;1.0;1.0;0.013576529920101166;1.0;NA;NA;NA;NA;NA;NA;NA;NA;NA;NA;NA;NA;NA
87;1.0;1.0;1.0;1.0;0.01175103522837162;1.0;0.012577060610055923;1.0;1.0;1.0;1.0;0.013403085991740227;1.0;NA;NA;NA;NA;NA;NA;NA;NA;NA;NA;NA;NA;NA
88;1.0;1.0;1.0;1.0;0.01177800539880991;1.0;0.01261337473988533;1.0;1.0;1.0;1.0;0.013448743149638176;1.0;NA;NA;NA;NA;NA;NA;NA;NA;NA;NA;NA;NA;NA
89;1.0;1.0;1.0;1.0;0.012090389616787434;1.0;0.01291593722999096;1.0;1.0;1.0;1.0;0.01374148391187191;1.0;NA;NA;NA;NA;NA;NA;NA;NA;NA;NA;NA;NA;NA
90;1.0;1.0;1.0;1.0;0.011918844655156136;1.0;0.012724874541163445;1.0;1.0;1.0;1.0;0.013530904427170753;1.0;NA;NA;NA;NA;NA;NA;NA;NA;NA;NA;NA;NA;NA
91;1.0;1.0;1.0;1.0;0.011917619965970516;1.0;0.012736625038087368;1.0;1.0;1.0;1.0;0.01355563011020422;1.0;NA;NA;NA;NA;NA;NA;NA;NA;NA;NA;NA;NA;NA
92;1.0;1.0;1.0;1.0;0.011965312995016575;1.0;0.01276947371661663;1.0;1.0;1.0;1.0;0.013573634438216686;1.0;NA;NA;NA;NA;NA;NA;NA;NA;NA;NA;NA;NA;NA
93;1.0;1.0;1.0;1.0;0.01221872866153717;1.0;0.012994272634387016;1.0;1.0;1.0;1.0;0.013769815675914288;1.0;NA;NA;NA;NA;NA;NA;NA;NA;NA;NA;NA;NA;NA
94;1.0;1.0;1.0;1.0;0.011973733082413673;1.0;0.01275552250444889;1.0;1.0;1.0;1.0;0.013537312857806683;1.0;NA;NA;NA;NA;NA;NA;NA;NA;NA;NA;NA;NA;NA
95;1.0;1.0;1.0;1.0;0.011921192519366741;1.0;0.01270177960395813;1.0;1.0;1.0;1.0;0.013482365757226944;1.0;NA;NA;NA;NA;NA;NA;NA;NA;NA;NA;NA;NA;NA
96;1.0;1.0;1.0;1.0;0.01213324349373579;1.0;0.012918656691908836;1.0;1.0;1.0;1.0;0.013704070821404457;1.0;NA;NA;NA;NA;NA;NA;NA;NA;NA;NA;NA;NA;NA
97;1.0;1.0;1.0;1.0;0.012089990079402924;1.0;0.012864312157034874;1.0;1.0;1.0;1.0;0.013638635165989399;1.0;NA;NA;NA;NA;NA;NA;NA;NA;NA;NA;NA;NA;NA
98;1.0;1.0;1.0;1.0;0.011825066059827805;1.0;0.012578601017594337;1.0;1.0;1.0;1.0;0.01333213597536087;1.0;NA;NA;NA;NA;NA;NA;NA;NA;NA;NA;NA;NA;NA
99;1.0;1.0;1.0;1.0;0.01194665115326643;1.0;0.012700958177447319;1.0;1.0;1.0;1.0;0.013455264270305634;1.0;NA;NA;NA;NA;NA;NA;NA;NA;NA;NA;NA;NA;NA
100;1.0;1.0;1.0;1.0;0.012092395685613155;1.0;0.012849034741520882;1.0;1.0;1.0;1.0;0.013605673797428608;1.0;NA;NA;NA;NA;NA;NA;NA;NA;NA;NA;NA;NA;NA
101;1.0;1.0;1.0;1.0;0.01177156437188387;1.0;0.012521832250058651;1.0;1.0;1.0;1.0;0.013272100128233433;1.0;NA;NA;NA;NA;NA;NA;NA;NA;NA;NA;NA;NA;NA
102;1.0;1.0;1.0;1.0;0.012451473623514175;1.0;0.013185478746891022;1.0;1.0;1.0;1.0;0.013919482938945293;1.0;NA;NA;NA;NA;NA;NA;NA;NA;NA;NA;NA;NA;NA
103;1.0;1.0;1.0;1.0;0.011663666926324368;1.0;0.012394661083817482;1.0;1.0;1.0;1.0;0.013125656172633171;1.0;NA;NA;NA;NA;NA;NA;NA;NA;NA;NA;NA;NA;NA
104;1.0;1.0;1.0;1.0;0.012164220213890076;1.0;0.012881938368082047;1.0;1.0;1.0;1.0;0.013599657453596592;1.0;NA;NA;NA;NA;NA;NA;NA;NA;NA;NA;NA;NA;NA
105;1.0;1.0;1.0;1.0;0.011814475059509277;1.0;0.012539034709334373;1.0;1.0;1.0;1.0;0.013263595290482044;1.0;NA;NA;NA;NA;NA;NA;NA;NA;NA;NA;NA;NA;NA
106;1.0;1.0;1.0;1.0;0.011926918290555477;1.0;0.012644275091588497;1.0;1.0;1.0;1.0;0.013361631892621517;1.0;NA;NA;NA;NA;NA;NA;NA;NA;NA;NA;NA;NA;NA
107;1.0;1.0;1.0;1.0;0.01237401645630598;1.0;0.01308017410337925;1.0;1.0;1.0;1.0;0.013786332681775093;1.0;NA;NA;NA;NA;NA;NA;NA;NA;NA;NA;NA;NA;NA
108;1.0;1.0;1.0;1.0;0.011883680708706379;1.0;0.01259094662964344;1.0;1.0;1.0;1.0;0.013298213481903076;1.0;NA;NA;NA;NA;NA;NA;NA;NA;NA;NA;NA;NA;NA
109;1.0;1.0;1.0;1.0;0.012047541327774525;1.0;0.012736566364765167;1.0;1.0;1.0;1.0;0.013425590470433235;1.0;NA;NA;NA;NA;NA;NA;NA;NA;NA;NA;NA;NA;NA
110;1.0;1.0;1.0;1.0;0.011853661388158798;1.0;0.012553357519209385;1.0;1.0;1.0;1.0;0.013253053650259972;1.0;NA;NA;NA;NA;NA;NA;NA;NA;NA;NA;NA;NA;NA
111;1.0;1.0;1.0;1.0;0.011710884980857372;1.0;0.012404084205627441;1.0;1.0;1.0;1.0;0.01309728343039751;1.0;NA;NA;NA;NA;NA;NA;NA;NA;NA;NA;NA;NA;NA
112;1.0;1.0;1.0;1.0;0.012079376727342606;1.0;0.012756042182445526;1.0;1.0;1.0;1.0;0.013432706706225872;1.0;NA;NA;NA;NA;NA;NA;NA;NA;NA;NA;NA;NA;NA
113;1.0;1.0;1.0;1.0;0.012260026298463345;1.0;0.012933854013681412;1.0;1.0;1.0;1.0;0.013607681728899479;1.0;NA;NA;NA;NA;NA;NA;NA;NA;NA;NA;NA;NA;NA
114;1.0;1.0;1.0;1.0;0.011929675936698914;1.0;0.012605962343513966;1.0;1.0;1.0;1.0;0.013282248750329018;1.0;NA;NA;NA;NA;NA;NA;NA;NA;NA;NA;NA;NA;NA
115;1.0;1.0;1.0;1.0;0.011948739178478718;1.0;0.012616930529475212;1.0;1.0;1.0;1.0;0.013285121880471706;1.0;NA;NA;NA;NA;NA;NA;NA;NA;NA;NA;NA;NA;NA
116;1.0;1.0;1.0;1.0;0.011854234151542187;1.0;0.012512506917119026;1.0;1.0;1.0;1.0;0.013170779682695866;1.0;NA;NA;NA;NA;NA;NA;NA;NA;NA;NA;NA;NA;NA
117;1.0;1.0;1.0;1.0;0.011882896535098553;1.0;0.012535355053842068;1.0;1.0;1.0;1.0;0.013187813572585583;1.0;NA;NA;NA;NA;NA;NA;NA;NA;NA;NA;NA;NA;NA
118;1.0;1.0;1.0;1.0;0.012196846306324005;1.0;0.012839696370065212;1.0;1.0;1.0;1.0;0.01348254643380642;1.0;NA;NA;NA;NA;NA;NA;NA;NA;NA;NA;NA;NA;NA
119;1.0;1.0;1.0;1.0;0.011851939372718334;1.0;0.01249668374657631;1.0;1.0;1.0;1.0;0.01314142718911171;1.0;NA;NA;NA;NA;NA;NA;NA;NA;NA;NA;NA;NA;NA
0;1.0;0.35495495796203613;1.0;1.0;0.7264964580535889;0.6271772384643555;0.7262150049209595;1.0;0.35495495796203613;1.0;1.0;0.7259335517883301;0.6271772384643555;NA;NA;NA;NA;NA;NA;NA;NA;NA;NA;NA;NA;NA
1;1.0;0.3288288414478302;1.0;1.0;0.7340907454490662;0.6093093752861023;0.733980119228363;1.0;0.3288288414478302;1.0;1.0;0.7338694930076599;0.6093093752861023;NA;NA;NA;NA;NA;NA;NA;NA;NA;NA;NA;NA;NA
2;1.0;0.3450450599193573;1.0;1.0;0.7336134314537048;0.6175675988197327;0.7332563400268555;1.0;0.34594595432281494;1.0;1.0;0.7328992486000061;0.6181681752204895;NA;NA;NA;NA;NA;NA;NA;NA;NA;NA;NA;NA;NA
3;1.0;0.3198198080062866;1.0;1.0;0.740788996219635;0.6004504561424255;0.7404570579528809;1.0;0.3198198080062866;1.0;1.0;0.7401250600814819;0.6006006002426147;NA;NA;NA;NA;NA;NA;NA;NA;NA;NA;NA;NA;NA
4;1.0;0.3126126229763031;1.0;1.0;0.7492943406105042;0.5963963866233826;0.749280571937561;1.0;0.3126126229763031;1.0;1.0;0.7492668032646179;0.5963963866233826;NA;NA;NA;NA;NA;NA;NA;NA;NA;NA;NA;NA;NA
5;1.0;0.36036035418510437;1.0;1.0;0.720719575881958;0.6298799514770508;0.7206903696060181;1.0;0.36036035418510437;1.0;1.0;0.7206611633300781;0.6298799514770508;NA;NA;NA;NA;NA;NA;NA;NA;NA;NA;NA;NA;NA
6;1.0;0.342342346906662;1.0;1.0;0.7383561134338379;0.6160660982131958;0.7378990054130554;1.0;0.342342346906662;1.0;1.0;0.737441897392273;0.6160660982131958;NA;NA;NA;NA;NA;NA;NA;NA;NA;NA;NA;NA;NA
7;1.0;0.3261261284351349;1.0;1.0;0.7375539541244507;0.6093093752861023;0.7374392747879028;1.0;0.3261261284351349;1.0;1.0;0.7373245358467102;0.6093093752861023;NA;NA;NA;NA;NA;NA;NA;NA;NA;NA;NA;NA;NA
8;1.0;0.3513513505458832;1.0;1.0;0.7285592555999756;0.624324381351471;0.7283656001091003;1.0;0.3513513505458832;1.0;1.0;0.7281719446182251;0.624324381351471;NA;NA;NA;NA;NA;NA;NA;NA;NA;NA;NA;NA;NA
9;1.0;0.315315306186676;1.0;1.0;0.7360802292823792;0.5996997356414795;0.7358087301254272;1.0;0.315315306186676;1.0;1.0;0.7355372905731201;0.5996997356414795;NA;NA;NA;NA;NA;NA;NA;NA;NA;NA;NA;NA;NA
10;1.0;0.32972973585128784;1.0;1.0;0.725564181804657;0.6142643094062805;0.7254943251609802;1.0;0.32972973585128784;1.0;1.0;0.7254244685173035;0.6142643094062805;NA;NA;NA;NA;NA;NA;NA;NA;NA;NA;NA;NA;NA
11;1.0;0.3513513505458832;1.0;1.0;0.7217869758605957;0.6232733130455017;0.7213335037231445;1.0;0.3513513505458832;1.0;1.0;0.7208800911903381;0.6232733130455017;NA;NA;NA;NA;NA;NA;NA;NA;NA;NA;NA;NA;NA
12;1.0;0.35945945978164673;1.0;1.0;0.7318803668022156;0.6267267465591431;0.7314084768295288;1.0;0.35945945978164673;1.0;1.0;0.7309365272521973;0.6267267465591431;NA;NA;NA;NA;NA;NA;NA;NA;NA;NA;NA;NA;NA
13;1.0;0.3639639616012573;1.0;1.0;0.7270017266273499;0.6289790272712708;0.7264740467071533;1.0;0.3639639616012573;1.0;1.0;0.7259464263916016;0.62912917137146;NA;NA;NA;NA;NA;NA;NA;NA;NA;NA;NA;NA;NA
14;1.0;0.3747747838497162;1.0;1.0;0.7163752913475037;0.6390390992164612;0.7161842584609985;1.0;0.3747747838497162;1.0;1.0;0.7159932255744934;0.6393393874168396;NA;NA;NA;NA;NA;NA;NA;NA;NA;NA;NA;NA;NA
15;1.0;0.3864865005016327;1.0;1.0;0.7173640131950378;0.6457958817481995;0.7170260548591614;1.0;0.3864865005016327;1.0;1.0;0.7166880965232849;0.6459460258483887;NA;NA;NA;NA;NA;NA;NA;NA;NA;NA;NA;NA;NA
16;1.0;0.388288289308548;1.0;1.0;0.7066103219985962;0.6483483910560608;0.706544816493988;1.0;0.388288289308548;1.0;1.0;0.7064793109893799;0.6483483910560608;NA;NA;NA;NA;NA;NA;NA;NA;NA;NA;NA;NA;NA
17;1.0;0.4369369447231293;1.0;1.0;0.6921258568763733;0.6779279708862305;0.6918051838874817;1.0;0.4369369447231293;1.0;1.0;0.6914845108985901;0.6780781149864197;NA;NA;NA;NA;NA;NA;NA;NA;NA;NA;NA;NA;NA
18;1.0;0.4423423409461975;1.0;1.0;0.6905307173728943;0.6830330491065979;0.6899664402008057;1.0;0.44324323534965515;1.0;1.0;0.6894021034240723;0.6834834814071655;NA;NA;NA;NA;NA;NA;NA;NA;NA;NA;NA;NA;NA
19;1.0;0.4558558464050293;1.0;1.0;0.6792210936546326;0.6905405521392822;0.6791280508041382;1.0;0.4558558464050293;1.0;1.0;0.6790350079536438;0.6905405521392822;NA;NA;NA;NA;NA;NA;NA;NA;NA;NA;NA;NA;NA
20;1.0;0.49189189076423645;1.0;1.0;0.6575789451599121;0.7144144773483276;0.6575585603713989;1.0;0.49189189076423645;1.0;1.0;0.6575382351875305;0.7144144773483276;NA;NA;NA;NA;NA;NA;NA;NA;NA;NA;NA;NA;NA
21;1.0;0.5576576590538025;1.0;1.0;0.6461601853370667;0.7522522807121277;0.6458206176757812;1.0;0.5576576590538025;1.0;1.0;0.6454811096191406;0.7524024248123169;NA;NA;NA;NA;NA;NA;NA;NA;NA;NA;NA;NA;NA
22;1.0;0.5972973108291626;1.0;1.0;0.6246739625930786;0.7746246457099915;0.6242438554763794;1.0;0.5972973108291626;1.0;1.0;0.6238136887550354;0.7747747898101807;NA;NA;NA;NA;NA;NA;NA;NA;NA;NA;NA;NA;NA
23;1.0;0.630630612373352;1.0;1.0;0.6074512004852295;0.7953453660011292;0.6071268320083618;1.0;0.630630612373352;1.0;1.0;0.6068024039268494;0.7956456542015076;NA;NA;NA;NA;NA;NA;NA;NA;NA;NA;NA;NA;NA
24;1.0;0.6675675511360168;1.0;1.0;0.5925281643867493;0.8171171545982361;0.5924434661865234;1.0;0.6675675511360168;1.0;1.0;0.5923588275909424;0.8172672986984253;NA;NA;NA;NA;NA;NA;NA;NA;NA;NA;NA;NA;NA
25;1.0;0.699999988079071;1.0;1.0;0.5713619589805603;0.8364865183830261;0.5712291598320007;1.0;0.699999988079071;1.0;1.0;0.5710963606834412;0.8364865183830261;NA;NA;NA;NA;NA;NA;NA;NA;NA;NA;NA;NA;NA
26;1.0;0.7873873710632324;1.0;1.0;0.5322446823120117;0.8857357501983643;0.5322260856628418;1.0;0.7873873710632324;1.0;1.0;0.5322074890136719;0.8857357501983643;NA;NA;NA;NA;NA;NA;NA;NA;NA;NA;NA;NA;NA
27;1.0;0.8099098801612854;1.0;1.0;0.5155489444732666;0.8965466022491455;0.5154321193695068;1.0;0.8108108043670654;1.0;1.0;0.5153152346611023;0.8971471786499023;NA;NA;NA;NA;NA;NA;NA;NA;NA;NA;NA;NA;NA
28;1.0;0.8702702522277832;1.0;1.0;0.47629156708717346;0.930630624294281;0.4762132167816162;1.0;0.8702702522277832;1.0;1.0;0.47613492608070374;0.930630624294281;NA;NA;NA;NA;NA;NA;NA;NA;NA;NA;NA;NA;NA
29;1.0;0.9153153300285339;1.0;1.0;0.44290071725845337;0.9552552103996277;0.44293418526649475;1.0;0.9153153300285339;1.0;1.0;0.44296765327453613;0.9552552103996277;NA;NA;NA;NA;NA;NA;NA;NA;NA;NA;NA;NA;NA
30;1.0;0.9351351261138916;1.0;1.0;0.4143212139606476;0.9659159779548645;0.4141766428947449;1.0;0.9351351261138916;1.0;1.0;0.41403210163116455;0.9660661220550537;NA;NA;NA;NA;NA;NA;NA;NA;NA;NA;NA;NA;NA
31;1.0;0.9558558464050293;1.0;1.0;0.38942235708236694;0.977627694606781;0.38944974541664124;1.0;0.9558558464050293;1.0;1.0;0.3894771337509155;0.977627694606781;NA;NA;NA;NA;NA;NA;NA;NA;NA;NA;NA;NA;NA
32;1.0;0.9819819927215576;1.0;1.0;0.337900847196579;0.9906907677650452;0.3379617929458618;1.0;0.9819819927215576;1.0;1.0;0.33802273869514465;0.9906907677650452;NA;NA;NA;NA;NA;NA;NA;NA;NA;NA;NA;NA;NA
33;1.0;0.9837837815284729;1.0;1.0;0.3096902370452881;0.9915916919708252;0.3099935054779053;1.0;0.9837837815284729;1.0;1.0;0.31029677391052246;0.9915916919708252;NA;NA;NA;NA;NA;NA;NA;NA;NA;NA;NA;NA;NA
34;1.0;0.9936937093734741;1.0;1.0;0.26887011528015137;0.9968468546867371;0.26900872588157654;1.0;0.9936937093734741;1.0;1.0;0.2691473364830017;0.9968468546867371;NA;NA;NA;NA;NA;NA;NA;NA;NA;NA;NA;NA;NA
35;1.0;0.99909907579422;1.0;1.0;0.2351527363061905;0.9995495676994324;0.23532404005527496;1.0;0.99909907579422;1.0;1.0;0.23549537360668182;0.9995495676994324;NA;NA;NA;NA;NA;NA;NA;NA;NA;NA;NA;NA;NA
36;1.0;0.9972972869873047;1.0;1.0;0.20700417459011078;0.9986486434936523;0.20731468498706818;1.0;0.9972972869873047;1.0;1.0;0.20762519538402557;0.9986486434936523;NA;NA;NA;NA;NA;NA;NA;NA;NA;NA;NA;NA;NA
37;1.0;1.0;1.0;1.0;0.17609193921089172;1.0;0.1765250563621521;1.0;1.0;1.0;1.0;0.17695817351341248;1.0;NA;NA;NA;NA;NA;NA;NA;NA;NA;NA;NA;NA;NA
38;1.0;1.0;1.0;1.0;0.15047141909599304;1.0;0.15090897679328918;1.0;1.0;1.0;1.0;0.15134651958942413;1.0;NA;NA;NA;NA;NA;NA;NA;NA;NA;NA;NA;NA;NA
39;1.0;0.99909907579422;1.0;1.0;0.1267530471086502;0.9995495676994324;0.12716025114059448;1.0;0.99909907579422;1.0;1.0;0.12756745517253876;0.9995495676994324;NA;NA;NA;NA;NA;NA;NA;NA;NA;NA;NA;NA;NA
40;1.0;0.99909907579422;1.0;1.0;0.10779062658548355;0.9995495676994324;0.10843856632709503;1.0;0.99909907579422;1.0;1.0;0.10908649861812592;0.9995495676994324;NA;NA;NA;NA;NA;NA;NA;NA;NA;NA;NA;NA;NA
41;1.0;0.99909907579422;1.0;1.0;0.09130522608757019;0.9993994235992432;0.09194295108318329;1.0;0.99909907579422;1.0;1.0;0.09258066862821579;0.9993994235992432;NA;NA;NA;NA;NA;NA;NA;NA;NA;NA;NA;NA;NA
42;1.0;1.0;1.0;1.0;0.07537674903869629;1.0;0.07609289884567261;1.0;1.0;1.0;1.0;0.07680905610322952;1.0;NA;NA;NA;NA;NA;NA;NA;NA;NA;NA;NA;NA;NA
43;1.0;1.0;1.0;1.0;0.06078597158193588;1.0;0.061485592275857925;1.0;1.0;1.0;1.0;0.062185220420360565;1.0;NA;NA;NA;NA;NA;NA;NA;NA;NA;NA;NA;NA;NA
44;1.0;1.0;1.0;1.0;0.04801134392619133;1.0;0.0489867702126503;1.0;1.0;1.0;1.0;0.04996220022439957;1.0;NA;NA;NA;NA;NA;NA;NA;NA;NA;NA;NA;NA;NA
45;1.0;1.0;1.0;1.0;0.04084485396742821;1.0;0.04162608087062836;1.0;1.0;1.0;1.0;0.04240730404853821;1.0;NA;NA;NA;NA;NA;NA;NA;NA;NA;NA;NA;NA;NA
46;1.0;1.0;1.0;1.0;0.032730747014284134;1.0;0.03365765139460564;1.0;1.0;1.0;1.0;0.03458455577492714;1.0;NA;NA;NA;NA;NA;NA;NA;NA;NA;NA;NA;NA;NA
47;1.0;1.0;1.0;1.0;0.02699369192123413;1.0;0.02798359841108322;1.0;1.0;1.0;1.0;0.028973504900932312;1.0;NA;NA;NA;NA;NA;NA;NA;NA;NA;NA;NA;NA;NA
48;1.0;1.0;1.0;1.0;0.022830327972769737;1.0;0.023811720311641693;1.0;1.0;1.0;1.0;0.0247931107878685;1.0;NA;NA;NA;NA;NA;NA;NA;NA;NA;NA;NA;NA;NA
49;1.0;1.0;1.0;1.0;0.0197233147919178;1.0;0.020772278308868408;1.0;1.0;1.0;1.0;0.021821239963173866;1.0;NA;NA;NA;NA;NA;NA;NA;NA;NA;NA;NA;NA;NA
50;1.0;1.0;1.0;1.0;0.017356226220726967;1.0;0.0184168703854084;1.0;1.0;1.0;1.0;0.019477514550089836;1.0;NA;NA;NA;NA;NA;NA;NA;NA;NA;NA;NA;NA;NA
51;1.0;1.0;1.0;1.0;0.016015978530049324;1.0;0.01701558753848076;1.0;1.0;1.0;1.0;0.018015198409557343;1.0;NA;NA;NA;NA;NA;NA;NA;NA;NA;NA;NA;NA;NA
52;1.0;1.0;1.0;1.0;0.013976789079606533;1.0;0.015048231929540634;1.0;1.0;1.0;1.0;0.01611967571079731;1.0;NA;NA;NA;NA;NA;NA;NA;NA;NA;NA;NA;NA;NA
53;1.0;1.0;1.0;1.0;0.013647285290062428;1.0;0.01468743197619915;1.0;1.0;1.0;1.0;0.015727577731013298;1.0;NA;NA;NA;NA;NA;NA;NA;NA;NA;NA;NA;NA;NA
54;1.0;1.0;1.0;1.0;0.013039176352322102;1.0;0.014100237749516964;1.0;1.0;1.0;1.0;0.015161299146711826;1.0;NA;NA;NA;NA;NA;NA;NA;NA;NA;NA;NA;NA;NA
55;1.0;1.0;1.0;1.0;0.012496392242610455;1.0;0.013547321781516075;1.0;1.0;1.0;1.0;0.01459825225174427;1.0;NA;NA;NA;NA;NA;NA;NA;NA;NA;NA;NA;NA;NA
56;1.0;1.0;1.0;1.0;0.01260961964726448;1.0;0.01367221213877201;1.0;1.0;1.0;1.0;0.014734804630279541;1.0;NA;NA;NA;NA;NA;NA;NA;NA;NA;NA;NA;NA;NA
57;1.0;1.0;1.0;1.0;0.012138420715928078;1.0;0.013214468024671078;1.0;1.0;1.0;1.0;0.014290515333414078;1.0;NA;NA;NA;NA;NA;NA;NA;NA;NA;NA;NA;NA;NA
58;1.0;1.0;1.0;1.0;0.012299828231334686;1.0;0.0133750569075346;1.0;1.0;1.0;1.0;0.014450284652411938;1.0;NA;NA;NA;NA;NA;NA;NA;NA;NA;NA;NA;NA;NA
59;1.0;1.0;1.0;1.0;0.01203107088804245;1.0;0.013096720911562443;1.0;1.0;1.0;1.0;0.014162370935082436;1.0;NA;NA;NA;NA;NA;NA;NA;NA;NA;NA;NA;NA;NA
60;1.0;1.0;1.0;1.0;0.012238497845828533;1.0;0.013289015740156174;1.0;1.0;1.0;1.0;0.014339533634483814;1.0;NA;NA;NA;NA;NA;NA;NA;NA;NA;NA;NA;NA;NA
61;1.0;1.0;1.0;1.0;0.012296296656131744;1.0;0.01335492916405201;1.0;1.0;1.0;1.0;0.014413561671972275;1.0;NA;NA;NA;NA;NA;NA;NA;NA;NA;NA;NA;NA;NA
62;1.0;1.0;1.0;1.0;0.012351087294518948;1.0;0.013394773006439209;1.0;1.0;1.0;1.0;0.01443845871835947;1.0;NA;NA;NA;NA;NA;NA;NA;NA;NA;NA;NA;NA;NA
63;1.0;1.0;1.0;1.0;0.011911613866686821;1.0;0.01294507272541523;1.0;1.0;1.0;1.0;0.013978532515466213;1.0;NA;NA;NA;NA;NA;NA;NA;NA;NA;NA;NA;NA;NA
64;1.0;1.0;1.0;1.0;0.011995029635727406;1.0;0.0130158057436347;1.0;1.0;1.0;1.0;0.014036581851541996;1.0;NA;NA;NA;NA;NA;NA;NA;NA;NA;NA;NA;NA;NA
65;1.0;1.0;1.0;1.0;0.011885211803019047;1.0;0.012891032733023167;1.0;1.0;1.0;1.0;0.013896853663027287;1.0;NA;NA;NA;NA;NA;NA;NA;NA;NA;NA;NA;NA;NA
66;1.0;1.0;1.0;1.0;0.012136735953390598;1.0;0.013146906159818172;1.0;1.0;1.0;1.0;0.014157076366245747;1.0;NA;NA;NA;NA;NA;NA;NA;NA;NA;NA;NA;NA;NA
67;1.0;1.0;1.0;1.0;0.01203685812652111;1.0;0.013023719191551208;1.0;1.0;1.0;1.0;0.014010579325258732;1.0;NA;NA;NA;NA;NA;NA;NA;NA;NA;NA;NA;NA;NA
68;1.0;1.0;1.0;1.0;0.012073811143636703;1.0;0.013068292289972305;1.0;1.0;1.0;1.0;0.014062773436307907;1.0;NA;NA;NA;NA;NA;NA;NA;NA;NA;NA;NA;NA;NA
69;1.0;1.0;1.0;1.0;0.012104793451726437;1.0;0.013091523200273514;1.0;1.0;1.0;1.0;0.014078252948820591;1.0;NA;NA;NA;NA;NA;NA;NA;NA;NA;NA;NA;NA;NA
70;1.0;1.0;1.0;1.0;0.012064486742019653;1.0;0.013043517246842384;1.0;1.0;1.0;1.0;0.01402254682034254;1.0;NA;NA;NA;NA;NA;NA;NA;NA;NA;NA;NA;NA;NA
71;1.0;1.0;1.0;1.0;0.012165181338787079;1.0;0.013131150975823402;1.0;1.0;1.0;1.0;0.014097119681537151;1.0;NA;NA;NA;NA;NA;NA;NA;NA;NA;NA;NA;NA;NA
72;1.0;1.0;1.0;1.0;0.011820046231150627;1.0;0.012772778049111366;1.0;1.0;1.0;1.0;0.013725509867072105;1.0;NA;NA;NA;NA;NA;NA;NA;NA;NA;NA;NA;NA;NA
73;1.0;1.0;1.0;1.0;0.01205223985016346;1.0;0.013008685782551765;1.0;1.0;1.0;1.0;0.013965131714940071;1.0;NA;NA;NA;NA;NA;NA;NA;NA;NA;NA;NA;NA;NA
74;1.0;1.0;1.0;1.0;0.012173444963991642;1.0;0.013121540658175945;1.0;1.0;1.0;1.0;0.014069636352360249;1.0;NA;NA;NA;NA;NA;NA;NA;NA;NA;NA;NA;NA;NA
75;1.0;1.0;1.0;1.0;0.011926555074751377;1.0;0.012862872332334518;1.0;1.0;1.0;1.0;0.013799188658595085;1.0;NA;NA;NA;NA;NA;NA;NA;NA;NA;NA;NA;NA;NA
76;1.0;1.0;1.0;1.0;0.01192220114171505;1.0;0.012854691594839096;1.0;1.0;1.0;1.0;0.013787182047963142;1.0;NA;NA;NA;NA;NA;NA;NA;NA;NA;NA;NA;NA;NA
77;1.0;1.0;1.0;1.0;0.012009146623313427;1.0;0.012925254181027412;1.0;1.0;1.0;1.0;0.013841362670063972;1.0;NA;NA;NA;NA;NA;NA;NA;NA;NA;NA;NA;NA;NA
78;1.0;1.0;1.0;1.0;0.011823371052742004;1.0;0.0127419363707304;1.0;1.0;1.0;1.0;0.013660500757396221;1.0;NA;NA;NA;NA;NA;NA;NA;NA;NA;NA;NA;NA;NA
79;1.0;1.0;1.0;1.0;0.011904321610927582;1.0;0.01281273365020752;1.0;1.0;1.0;1.0;0.013721144758164883;1.0;NA;NA;NA;NA;NA;NA;NA;NA;NA;NA;NA;NA;NA
80;1.0;1.0;1.0;1.0;0.012098606675863266;1.0;0.012988651171326637;1.0;1.0;1.0;1.0;0.013878694735467434;1.0;NA;NA;NA;NA;NA;NA;NA;NA;NA;NA;NA;NA;NA
81;1.0;1.0;1.0;1.0;0.0119608324021101;1.0;0.01284271851181984;1.0;1.0;1.0;1.0;0.013724603690207005;1.0;NA;NA;NA;NA;NA;NA;NA;NA;NA;NA;NA;NA;NA
82;1.0;1.0;1.0;1.0;0.011789682321250439;1.0;0.012663856148719788;1.0;1.0;1.0;1.0;0.013538029976189137;1.0;NA;NA;NA;NA;NA;NA;NA;NA;NA;NA;NA;NA;NA
83;1.0;1.0;1.0;1.0;0.011711635626852512;1.0;0.01259167492389679;1.0;1.0;1.0;1.0;0.013471713289618492;1.0;NA;NA;NA;NA;NA;NA;NA;NA;NA;NA;NA;NA;NA
84;1.0;1.0;1.0;1.0;0.011962225660681725;1.0;0.012824037112295628;1.0;1.0;1.0;1.0;0.01368584856390953;1.0;NA;NA;NA;NA;NA;NA;NA;NA;NA;NA;NA;NA;NA
85;1.0;1.0;1.0;1.0;0.0119778485968709;1.0;0.012824349105358124;1.0;1.0;1.0;1.0;0.013670850545167923;1.0;NA;NA;NA;NA;NA;NA;NA;NA;NA;NA;NA;NA;NA
86;1.0;1.0;1.0;1.0;0.01192269753664732;1.0;0.012782290577888489;1.0;1.0;1.0;1.0;0.013641882687807083;1.0;NA;NA;NA;NA;NA;NA;NA;NA;NA;NA;NA;NA;NA
87;1.0;1.0;1.0;1.0;0.012138145044445992;1.0;0.012959495186805725;1.0;1.0;1.0;1.0;0.013780845329165459;1.0;NA;NA;NA;NA;NA;NA;NA;NA;NA;NA;NA;NA;NA
88;1.0;1.0;1.0;1.0;0.011973056942224503;1.0;0.01280420646071434;1.0;1.0;1.0;1.0;0.013635355047881603;1.0;NA;NA;NA;NA;NA;NA;NA;NA;NA;NA;NA;NA;NA
89;1.0;1.0;1.0;1.0;0.012043209746479988;1.0;0.01286928541958332;1.0;1.0;1.0;1.0;0.013695362024009228;1.0;NA;NA;NA;NA;NA;NA;NA;NA;NA;NA;NA;NA;NA
90;1.0;1.0;1.0;1.0;0.011717391200363636;1.0;0.012540148571133614;1.0;1.0;1.0;1.0;0.013362905010581017;1.0;NA;NA;NA;NA;NA;NA;NA;NA;NA;NA;NA;NA;NA
91;1.0;1.0;1.0;1.0;0.011817000806331635;1.0;0.012636153027415276;1.0;1.0;1.0;1.0;0.013455306179821491;1.0;NA;NA;NA;NA;NA;NA;NA;NA;NA;NA;NA;NA;NA
92;1.0;1.0;1.0;1.0;0.011922919191420078;1.0;0.01272179838269949;1.0;1.0;1.0;1.0;0.013520677573978901;1.0;NA;NA;NA;NA;NA;NA;NA;NA;NA;NA;NA;NA;NA
93;1.0;1.0;1.0;1.0;0.011890871450304985;1.0;0.012683610431849957;1.0;1.0;1.0;1.0;0.013476349413394928;1.0;NA;NA;NA;NA;NA;NA;NA;NA;NA;NA;NA;NA;NA
94;1.0;1.0;1.0;1.0;0.011873467825353146;1.0;0.012672520242631435;1.0;1.0;1.0;1.0;0.013471572659909725;1.0;NA;NA;NA;NA;NA;NA;NA;NA;NA;NA;NA;NA;NA
95;1.0;1.0;1.0;1.0;0.011852716095745564;1.0;0.012647457420825958;1.0;1.0;1.0;1.0;0.013442198745906353;1.0;NA;NA;NA;NA;NA;NA;NA;NA;NA;NA;NA;NA;NA
96;1.0;1.0;1.0;1.0;0.011781121604144573;1.0;0.012566720135509968;1.0;1.0;1.0;1.0;0.013352318666875362;1.0;NA;NA;NA;NA;NA;NA;NA;NA;NA;NA;NA;NA;NA
97;1.0;1.0;1.0;1.0;0.011807090602815151;1.0;0.012569136917591095;1.0;1.0;1.0;1.0;0.013331182301044464;1.0;NA;NA;NA;NA;NA;NA;NA;NA;NA;NA;NA;NA;NA
98;1.0;1.0;1.0;1.0;0.012116696685552597;1.0;0.012884454801678658;1.0;1.0;1.0;1.0;0.013652211986482143;1.0;NA;NA;NA;NA;NA;NA;NA;NA;NA;NA;NA;NA;NA
99;1.0;1.0;1.0;1.0;0.012061908841133118;1.0;0.01282033696770668;1.0;1.0;1.0;1.0;0.013578766025602818;1.0;NA;NA;NA;NA;NA;NA;NA;NA;NA;NA;NA;NA;NA
100;1.0;1.0;1.0;1.0;0.011960727162659168;1.0;0.01270877942442894;1.0;1.0;1.0;1.0;0.013456830754876137;1.0;NA;NA;NA;NA;NA;NA;NA;NA;NA;NA;NA;NA;NA
101;1.0;1.0;1.0;1.0;0.011848184280097485;1.0;0.012597283348441124;1.0;1.0;1.0;1.0;0.013346382416784763;1.0;NA;NA;NA;NA;NA;NA;NA;NA;NA;NA;NA;NA;NA
102;1.0;1.0;1.0;1.0;0.011924326419830322;1.0;0.0126576479524374;1.0;1.0;1.0;1.0;0.013390968553721905;1.0;NA;NA;NA;NA;NA;NA;NA;NA;NA;NA;NA;NA;NA
103;1.0;1.0;1.0;1.0;0.011977392248809338;1.0;0.012710291892290115;1.0;1.0;1.0;1.0;0.013443192467093468;1.0;NA;NA;NA;NA;NA;NA;NA;NA;NA;NA;NA;NA;NA
104;1.0;1.0;1.0;1.0;0.011998545378446579;1.0;0.01273479126393795;1.0;1.0;1.0;1.0;0.013471037149429321;1.0;NA;NA;NA;NA;NA;NA;NA;NA;NA;NA;NA;NA;NA
105;1.0;1.0;1.0;1.0;0.011670008301734924;1.0;0.01240088976919651;1.0;1.0;1.0;1.0;0.013131770305335522;1.0;NA;NA;NA;NA;NA;NA;NA;NA;NA;NA;NA;NA;NA
106;1.0;1.0;1.0;1.0;0.01191890612244606;1.0;0.012629581615328789;1.0;1.0;1.0;1.0;0.013340258039534092;1.0;NA;NA;NA;NA;NA;NA;NA;NA;NA;NA;NA;NA;NA
107;1.0;1.0;1.0;1.0;0.012379617430269718;1.0;0.01309405267238617;1.0;1.0;1.0;1.0;0.01380848791450262;1.0;NA;NA;NA;NA;NA;NA;NA;NA;NA;NA;NA;NA;NA
108;1.0;1.0;1.0;1.0;0.012035427615046501;1.0;0.012744084000587463;1.0;1.0;1.0;1.0;0.013452739454805851;1.0;NA;NA;NA;NA;NA;NA;NA;NA;NA;NA;NA;NA;NA
109;1.0;1.0;1.0;1.0;0.011895383708178997;1.0;0.012600772082805634;1.0;1.0;1.0;1.0;0.01330616045743227;1.0;NA;NA;NA;NA;NA;NA;NA;NA;NA;NA;NA;NA;NA
110;1.0;1.0;1.0;1.0;0.011983342468738556;1.0;0.012675287202000618;1.0;1.0;1.0;1.0;0.01336723193526268;1.0;NA;NA;NA;NA;NA;NA;NA;NA;NA;NA;NA;NA;NA
111;1.0;1.0;1.0;1.0;0.011772006750106812;1.0;0.01246419083327055;1.0;1.0;1.0;1.0;0.013156374916434288;1.0;NA;NA;NA;NA;NA;NA;NA;NA;NA;NA;NA;NA;NA
112;1.0;1.0;1.0;1.0;0.011891201138496399;1.0;0.012575460597872734;1.0;1.0;1.0;1.0;0.01325972005724907;1.0;NA;NA;NA;NA;NA;NA;NA;NA;NA;NA;NA;NA;NA
113;1.0;1.0;1.0;1.0;0.012371690012514591;1.0;0.013055510818958282;1.0;1.0;1.0;1.0;0.013739330694079399;1.0;NA;NA;NA;NA;NA;NA;NA;NA;NA;NA;NA;NA;NA
114;1.0;1.0;1.0;1.0;0.012016694992780685;1.0;0.012685241177678108;1.0;1.0;1.0;1.0;0.013353786431252956;1.0;NA;NA;NA;NA;NA;NA;NA;NA;NA;NA;NA;NA;NA
115;1.0;1.0;1.0;1.0;0.0119639802724123;1.0;0.012633394449949265;1.0;1.0;1.0;1.0;0.013302808627486229;1.0;NA;NA;NA;NA;NA;NA;NA;NA;NA;NA;NA;NA;NA
116;1.0;1.0;1.0;1.0;0.012102121487259865;1.0;0.012760154902935028;1.0;1.0;1.0;1.0;0.013418188318610191;1.0;NA;NA;NA;NA;NA;NA;NA;NA;NA;NA;NA;NA;NA
117;1.0;1.0;1.0;1.0;0.012133074924349785;1.0;0.012799697928130627;1.0;1.0;1.0;1.0;0.013466320931911469;1.0;NA;NA;NA;NA;NA;NA;NA;NA;NA;NA;NA;NA;NA
118;1.0;1.0;1.0;1.0;0.0119087602943182;1.0;0.012562558054924011;1.0;1.0;1.0;1.0;0.013216355815529823;1.0;NA;NA;NA;NA;NA;NA;NA;NA;NA;NA;NA;NA;NA
119;1.0;1.0;1.0;1.0;0.011764314025640488;1.0;0.012418949976563454;1.0;1.0;1.0;1.0;0.013073584996163845;1.0;NA;NA;NA;NA;NA;NA;NA;NA;NA;NA;NA;NA;NA
0;1.0;0.32522523403167725;1.0;1.0;0.7369464039802551;0.6090090870857239;0.7368156313896179;1.0;0.32522523403167725;1.0;1.0;0.7366848587989807;0.6090090870857239;NA;NA;NA;NA;NA;NA;NA;NA;NA;NA;NA;NA;NA
1;1.0;0.34144145250320435;1.0;1.0;0.7400615215301514;0.6183184385299683;0.7399303913116455;1.0;0.34144145250320435;1.0;1.0;0.7397993206977844;0.6183184385299683;NA;NA;NA;NA;NA;NA;NA;NA;NA;NA;NA;NA;NA
2;1.0;0.3675675690174103;1.0;1.0;0.7303562164306641;0.6316816806793213;0.730154812335968;1.0;0.3675675690174103;1.0;1.0;0.729953408241272;0.6316816806793213;NA;NA;NA;NA;NA;NA;NA;NA;NA;NA;NA;NA;NA
3;1.0;0.32522523403167725;1.0;1.0;0.7338489294052124;0.6090090870857239;0.7334758043289185;1.0;0.32522523403167725;1.0;1.0;0.7331026792526245;0.6091591715812683;NA;NA;NA;NA;NA;NA;NA;NA;NA;NA;NA;NA;NA
4;1.0;0.3405405282974243;1.0;1.0;0.735394299030304;0.6117117404937744;0.7351022958755493;1.0;0.3405405282974243;1.0;1.0;0.7348102927207947;0.6117117404937744;NA;NA;NA;NA;NA;NA;NA;NA;NA;NA;NA;NA;NA
5;1.0;0.30900901556015015;1.0;1.0;0.7455200552940369;0.5968468189239502;0.7453389763832092;1.0;0.30900901556015015;1.0;1.0;0.7451578974723816;0.5971471667289734;NA;NA;NA;NA;NA;NA;NA;NA;NA;NA;NA;NA;NA
6;1.0;0.3333333432674408;1.0;1.0;0.7346628308296204;0.6121622323989868;0.7345954775810242;1.0;0.3333333432674408;1.0;1.0;0.734528124332428;0.6121622323989868;NA;NA;NA;NA;NA;NA;NA;NA;NA;NA;NA;NA;NA
7;1.0;0.35495495796203613;1.0;1.0;0.7265601754188538;0.6267267465591431;0.7262904047966003;1.0;0.35495495796203613;1.0;1.0;0.7260206341743469;0.6267267465591431;NA;NA;NA;NA;NA;NA;NA;NA;NA;NA;NA;NA;NA
8;1.0;0.3468468487262726;1.0;1.0;0.7279934287071228;0.621171236038208;0.72772216796875;1.0;0.3468468487262726;1.0;1.0;0.7274508476257324;0.6213213205337524;NA;NA;NA;NA;NA;NA;NA;NA;NA;NA;NA;NA;NA
9;1.0;0.34144145250320435;1.0;1.0;0.7377942800521851;0.6154654622077942;0.737673282623291;1.0;0.34144145250320435;1.0;1.0;0.737552285194397;0.6154654622077942;NA;NA;NA;NA;NA;NA;NA;NA;NA;NA;NA;NA;NA
10;1.0;0.3396396338939667;1.0;1.0;0.7275874614715576;0.6186186075210571;0.7275819778442383;1.0;0.3396396338939667;1.0;1.0;0.727576494216919;0.6186186075210571;NA;NA;NA;NA;NA;NA;NA;NA;NA;NA;NA;NA;NA
11;1.0;0.3216216266155243;1.0;1.0;0.7376601696014404;0.6049550175666809;0.7373465895652771;1.0;0.3216216266155243;1.0;1.0;0.7370330095291138;0.6049550175666809;NA;NA;NA;NA;NA;NA;NA;NA;NA;NA;NA;NA;NA
12;1.0;0.3585585653781891;1.0;1.0;0.7270420789718628;0.6276276707649231;0.7269583940505981;1.0;0.3585585653781891;1.0;1.0;0.7268747091293335;0.6276276707649231;NA;NA;NA;NA;NA;NA;NA;NA;NA;NA;NA;NA;NA
13;1.0;0.3747747838497162;1.0;1.0;0.7103182673454285;0.6388888955116272;0.7101193070411682;1.0;0.3747747838497162;1.0;1.0;0.709920346736908;0.6390390992164612;NA;NA;NA;NA;NA;NA;NA;NA;NA;NA;NA;NA;NA
14;1.0;0.365765780210495;1.0;1.0;0.720323920249939;0.6325826048851013;0.720025897026062;1.0;0.365765780210495;1.0;1.0;0.7197278738021851;0.6325826048851013;NA;NA;NA;NA;NA;NA;NA;NA;NA;NA;NA;NA;NA
15;1.0;0.3954955041408539;1.0;1.0;0.7097241878509521;0.6487988233566284;0.7096751928329468;1.0;0.3954955041408539;1.0;1.0;0.7096261978149414;0.6487988233566284;NA;NA;NA;NA;NA;NA;NA;NA;NA;NA;NA;NA;NA
16;1.0;0.38558557629585266;1.0;1.0;0.7097468376159668;0.6442943215370178;0.7096389532089233;1.0;0.38558557629585266;1.0;1.0;0.7095310091972351;0.644444465637207;NA;NA;NA;NA;NA;NA;NA;NA;NA;NA;NA;NA;NA
17;1.0;0.4234234094619751;1.0;1.0;0.6938599944114685;0.6738739013671875;0.6935287714004517;1.0;0.4234234094619751;1.0;1.0;0.69319748878479;0.6741741895675659;NA;NA;NA;NA;NA;NA;NA;NA;NA;NA;NA;NA;NA
18;1.0;0.4396396279335022;1.0;1.0;0.695228636264801;0.6777777671813965;0.694980800151825;1.0;0.4396396279335022;1.0;1.0;0.6947329640388489;0.6777777671813965;NA;NA;NA;NA;NA;NA;NA;NA;NA;NA;NA;NA;NA
19;1.0;0.4603603482246399;1.0;1.0;0.6762500405311584;0.6953454613685608;0.676092267036438;1.0;0.4603603482246399;1.0;1.0;0.6759344339370728;0.6953454613685608;NA;NA;NA;NA;NA;NA;NA;NA;NA;NA;NA;NA;NA
20;1.0;0.47837838530540466;1.0;1.0;0.6674820780754089;0.7055555582046509;0.6673440337181091;1.0;0.47837838530540466;1.0;1.0;0.6672059893608093;0.7055555582046509;NA;NA;NA;NA;NA;NA;NA;NA;NA;NA;NA;NA;NA
21;1.0;0.5369369387626648;1.0;1.0;0.6450378894805908;0.7415916323661804;0.6446949243545532;1.0;0.5369369387626648;1.0;1.0;0.6443518996238708;0.7418919205665588;NA;NA;NA;NA;NA;NA;NA;NA;NA;NA;NA;NA;NA
22;1.0;0.5648648738861084;1.0;1.0;0.6345851421356201;0.7576576471328735;0.6344056725502014;1.0;0.5648648738861084;1.0;1.0;0.6342262029647827;0.7578078508377075;NA;NA;NA;NA;NA;NA;NA;NA;NA;NA;NA;NA;NA
23;1.0;0.6036036014556885;1.0;1.0;0.6112416982650757;0.7800300717353821;0.6110572814941406;1.0;0.6036036014556885;1.0;1.0;0.6108728051185608;0.7800300717353821;NA;NA;NA;NA;NA;NA;NA;NA;NA;NA;NA;NA;NA
24;1.0;0.683783769607544;1.0;1.0;0.5899941921234131;0.8259760141372681;0.5899367928504944;1.0;0.684684693813324;1.0;1.0;0.5898793935775757;0.8265765905380249;NA;NA;NA;NA;NA;NA;NA;NA;NA;NA;NA;NA;NA
25;1.0;0.7243243455886841;1.0;1.0;0.5740219354629517;0.8483483791351318;0.574037492275238;1.0;0.7243243455886841;1.0;1.0;0.5740530490875244;0.8483483791351318;NA;NA;NA;NA;NA;NA;NA;NA;NA;NA;NA;NA;NA
26;1.0;0.7747747898101807;1.0;1.0;0.5389145016670227;0.8794293999671936;0.5389420986175537;1.0;0.7747747898101807;1.0;1.0;0.5389696955680847;0.8794293999671936;NA;NA;NA;NA;NA;NA;NA;NA;NA;NA;NA;NA;NA
27;1.0;0.8279279470443726;1.0;1.0;0.5068420171737671;0.9054054021835327;0.5068267583847046;1.0;0.8279279470443726;1.0;1.0;0.5068114399909973;0.9054054021835327;NA;NA;NA;NA;NA;NA;NA;NA;NA;NA;NA;NA;NA
28;1.0;0.8558558821678162;1.0;1.0;0.4861293435096741;0.9231230616569519;0.4861701428890228;1.0;0.8558558821678162;1.0;1.0;0.4862109422683716;0.9231230616569519;NA;NA;NA;NA;NA;NA;NA;NA;NA;NA;NA;NA;NA
29;1.0;0.9063063263893127;1.0;1.0;0.4495137929916382;0.9506005644798279;0.4494442343711853;1.0;0.9063063263893127;1.0;1.0;0.44937464594841003;0.9507507681846619;NA;NA;NA;NA;NA;NA;NA;NA;NA;NA;NA;NA;NA
30;1.0;0.9342342615127563;1.0;1.0;0.41318753361701965;0.9659159779548645;0.41317903995513916;1.0;0.9342342615127563;1.0;1.0;0.41317054629325867;0.9659159779548645;NA;NA;NA;NA;NA;NA;NA;NA;NA;NA;NA;NA;NA
31;1.0;0.9567567706108093;1.0;1.0;0.38390591740608215;0.9780781269073486;0.38397613167762756;1.0;0.9576576352119446;1.0;1.0;0.384046345949173;0.978528618812561;NA;NA;NA;NA;NA;NA;NA;NA;NA;NA;NA;NA;NA
32;1.0;0.9720720648765564;1.0;1.0;0.34708312153816223;0.9857358336448669;0.34724265336990356;1.0;0.9720720648765564;1.0;1.0;0.3474022150039673;0.9857358336448669;NA;NA;NA;NA;NA;NA;NA;NA;NA;NA;NA;NA;NA
33;1.0;0.9909909963607788;1.0;1.0;0.30989158153533936;0.9954954981803894;0.31005769968032837;1.0;0.9909909963607788;1.0;1.0;0.31022384762763977;0.9954954981803894;NA;NA;NA;NA;NA;NA;NA;NA;NA;NA;NA;NA;NA
34;1.0;0.9936937093734741;1.0;1.0;0.2749859094619751;0.9968468546867371;0.27516037225723267;1.0;0.9936937093734741;1.0;1.0;0.2753348648548126;0.9968468546867371;NA;NA;NA;NA;NA;NA;NA;NA;NA;NA;NA;NA;NA
35;1.0;0.9900900721549988;1.0;1.0;0.2490241527557373;0.9950450658798218;0.24930739402770996;1.0;0.9900900721549988;1.0;1.0;0.24959062039852142;0.9950450658798218;NA;NA;NA;NA;NA;NA;NA;NA;NA;NA;NA;NA;NA
36;1.0;0.9981982111930847;1.0;1.0;0.2111973613500595;0.99909907579422;0.21160651743412018;1.0;0.9981982111930847;1.0;1.0;0.21201567351818085;0.99909907579422;NA;NA;NA;NA;NA;NA;NA;NA;NA;NA;NA;NA;NA
37;1.0;1.0;1.0;1.0;0.18573448061943054;1.0;0.18598496913909912;1.0;1.0;1.0;1.0;0.1862354725599289;1.0;NA;NA;NA;NA;NA;NA;NA;NA;NA;NA;NA;NA;NA
38;1.0;0.9981982111930847;1.0;1.0;0.15469469130039215;0.99909907579422;0.15510183572769165;1.0;0.9981982111930847;1.0;1.0;0.15550898015499115;0.99909907579422;NA;NA;NA;NA;NA;NA;NA;NA;NA;NA;NA;NA;NA
39;1.0;0.99909907579422;1.0;1.0;0.1328013390302658;0.9995495676994324;0.13311879336833954;1.0;0.99909907579422;1.0;1.0;0.13343624770641327;0.9995495676994324;NA;NA;NA;NA;NA;NA;NA;NA;NA;NA;NA;NA;NA
40;1.0;0.99909907579422;1.0;1.0;0.11234662681818008;0.9995495676994324;0.11288122832775116;1.0;0.99909907579422;1.0;1.0;0.11341583728790283;0.9995495676994324;NA;NA;NA;NA;NA;NA;NA;NA;NA;NA;NA;NA;NA
41;1.0;1.0;1.0;1.0;0.09311924874782562;1.0;0.0937047004699707;1.0;1.0;1.0;1.0;0.09429014474153519;1.0;NA;NA;NA;NA;NA;NA;NA;NA;NA;NA;NA;NA;NA
42;1.0;1.0;1.0;1.0;0.07494667917490005;1.0;0.07570524513721466;1.0;1.0;1.0;1.0;0.07646381109952927;1.0;NA;NA;NA;NA;NA;NA;NA;NA;NA;NA;NA;NA;NA
43;1.0;1.0;1.0;1.0;0.05918616056442261;1.0;0.059969812631607056;1.0;1.0;1.0;1.0;0.060753460973501205;1.0;NA;NA;NA;NA;NA;NA;NA;NA;NA;NA;NA;NA;NA
44;1.0;1.0;1.0;1.0;0.049200449138879776;1.0;0.04997539520263672;1.0;1.0;1.0;1.0;0.05075033754110336;1.0;NA;NA;NA;NA;NA;NA;NA;NA;NA;NA;NA;NA;NA
45;1.0;1.0;1.0;1.0;0.03916747495532036;1.0;0.04010823369026184;1.0;1.0;1.0;1.0;0.04104899242520332;1.0;NA;NA;NA;NA;NA;NA;NA;NA;NA;NA;NA;NA;NA
46;1.0;1.0;1.0;1.0;0.03299684077501297;1.0;0.03391216695308685;1.0;1.0;1.0;1.0;0.034827496856451035;1.0;NA;NA;NA;NA;NA;NA;NA;NA;NA;NA;NA;NA;NA
47;1.0;1.0;1.0;1.0;0.02709680050611496;1.0;0.028071237727999687;1.0;1.0;1.0;1.0;0.029045674949884415;1.0;NA;NA;NA;NA;NA;NA;NA;NA;NA;NA;NA;NA;NA
48;1.0;1.0;1.0;1.0;0.02345746010541916;1.0;0.02445429004728794;1.0;1.0;1.0;1.0;0.025451119989156723;1.0;NA;NA;NA;NA;NA;NA;NA;NA;NA;NA;NA;NA;NA
49;1.0;1.0;1.0;1.0;0.019873714074492455;1.0;0.020913153886795044;1.0;1.0;1.0;1.0;0.021952595561742783;1.0;NA;NA;NA;NA;NA;NA;NA;NA;NA;NA;NA;NA;NA
50;1.0;1.0;1.0;1.0;0.01767796091735363;1.0;0.018756551668047905;1.0;1.0;1.0;1.0;0.01983514241874218;1.0;NA;NA;NA;NA;NA;NA;NA;NA;NA;NA;NA;NA;NA
51;1.0;1.0;1.0;1.0;0.01651756465435028;1.0;0.017529740929603577;1.0;1.0;1.0;1.0;0.018541915342211723;1.0;NA;NA;NA;NA;NA;NA;NA;NA;NA;NA;NA;NA;NA
52;1.0;1.0;1.0;1.0;0.014745992608368397;1.0;0.015934761613607407;1.0;1.0;1.0;1.0;0.01712353155016899;1.0;NA;NA;NA;NA;NA;NA;NA;NA;NA;NA;NA;NA;NA
53;1.0;1.0;1.0;1.0;0.014071709476411343;1.0;0.015222244895994663;1.0;1.0;1.0;1.0;0.01637278124690056;1.0;NA;NA;NA;NA;NA;NA;NA;NA;NA;NA;NA;NA;NA
54;1.0;1.0;1.0;1.0;0.013233358040452003;1.0;0.014419909566640854;1.0;1.0;1.0;1.0;0.015606462955474854;1.0;NA;NA;NA;NA;NA;NA;NA;NA;NA;NA;NA;NA;NA
55;1.0;1.0;1.0;1.0;0.012739515863358974;1.0;0.013935395516455173;1.0;1.0;1.0;1.0;0.015131275169551373;1.0;NA;NA;NA;NA;NA;NA;NA;NA;NA;NA;NA;NA;NA
56;1.0;1.0;1.0;1.0;0.012296187691390514;1.0;0.01351285818964243;1.0;1.0;1.0;1.0;0.014729528687894344;1.0;NA;NA;NA;NA;NA;NA;NA;NA;NA;NA;NA;NA;NA
57;1.0;1.0;1.0;1.0;0.012392562814056873;1.0;0.013577193021774292;1.0;1.0;1.0;1.0;0.01476182322949171;1.0;NA;NA;NA;NA;NA;NA;NA;NA;NA;NA;NA;NA;NA
58;1.0;1.0;1.0;1.0;0.012018248438835144;1.0;0.01323588378727436;1.0;1.0;1.0;1.0;0.014453520067036152;1.0;NA;NA;NA;NA;NA;NA;NA;NA;NA;NA;NA;NA;NA
59;1.0;1.0;1.0;1.0;0.012314957566559315;1.0;0.013524440117180347;1.0;1.0;1.0;1.0;0.01473392266780138;1.0;NA;NA;NA;NA;NA;NA;NA;NA;NA;NA;NA;NA;NA
60;1.0;1.0;1.0;1.0;0.012066219933331013;1.0;0.013278414495289326;1.0;1.0;1.0;1.0;0.014490609057247639;1.0;NA;NA;NA;NA;NA;NA;NA;NA;NA;NA;NA;NA;NA
61;1.0;1.0;1.0;1.0;0.011804556474089622;1.0;0.013006627559661865;1.0;1.0;1.0;1.0;0.014208699576556683;1.0;NA;NA;NA;NA;NA;NA;NA;NA;NA;NA;NA;NA;NA
62;1.0;1.0;1.0;1.0;0.011930938810110092;1.0;0.013121151365339756;1.0;1.0;1.0;1.0;0.01431136392056942;1.0;NA;NA;NA;NA;NA;NA;NA;NA;NA;NA;NA;NA;NA
63;1.0;1.0;1.0;1.0;0.012111189775168896;1.0;0.013306740671396255;1.0;1.0;1.0;1.0;0.014502291567623615;1.0;NA;NA;NA;NA;NA;NA;NA;NA;NA;NA;NA;NA;NA
64;1.0;1.0;1.0;1.0;0.01189945824444294;1.0;0.01308009959757328;1.0;1.0;1.0;1.0;0.014260740950703621;1.0;NA;NA;NA;NA;NA;NA;NA;NA;NA;NA;NA;NA;NA
65;1.0;1.0;1.0;1.0;0.011782516725361347;1.0;0.012958645820617676;1.0;1.0;1.0;1.0;0.01413477398455143;1.0;NA;NA;NA;NA;NA;NA;NA;NA;NA;NA;NA;NA;NA
66;1.0;1.0;1.0;1.0;0.012231197208166122;1.0;0.013390572741627693;1.0;1.0;1.0;1.0;0.014549948275089264;1.0;NA;NA;NA;NA;NA;NA;NA;NA;NA;NA;NA;NA;NA
67;1.0;1.0;1.0;1.0;0.011906523257493973;1.0;0.013059241697192192;1.0;1.0;1.0;1.0;0.014211961068212986;1.0;NA;NA;NA;NA;NA;NA;NA;NA;NA;NA;NA;NA;NA
68;1.0;1.0;1.0;1.0;0.01206917129456997;1.0;0.013220349326729774;1.0;1.0;1.0;1.0;0.01437152735888958;1.0;NA;NA;NA;NA;NA;NA;NA;NA;NA;NA;NA;NA;NA
69;1.0;1.0;1.0;1.0;0.011896344833076;1.0;0.013034231029450893;1.0;1.0;1.0;1.0;0.014172117225825787;1.0;NA;NA;NA;NA;NA;NA;NA;NA;NA;NA;NA;NA;NA
70;1.0;1.0;1.0;1.0;0.012142684310674667;1.0;0.013252968899905682;1.0;1.0;1.0;1.0;0.014363253489136696;1.0;NA;NA;NA;NA;NA;NA;NA;NA;NA;NA;NA;NA;NA
71;1.0;1.0;1.0;1.0;0.012028574012219906;1.0;0.013117071241140366;1.0;1.0;1.0;1.0;0.0142055694013834;1.0;NA;NA;NA;NA;NA;NA;NA;NA;NA;NA;NA;NA;NA
72;1.0;1.0;1.0;1.0;0.011905243620276451;1.0;0.01302185095846653;1.0;1.0;1.0;1.0;0.014138459227979183;1.0;NA;NA;NA;NA;NA;NA;NA;NA;NA;NA;NA;NA;NA
73;1.0;1.0;1.0;1.0;0.011751874350011349;1.0;0.012843936681747437;1.0;1.0;1.0;1.0;0.01393599808216095;1.0;NA;NA;NA;NA;NA;NA;NA;NA;NA;NA;NA;NA;NA
74;1.0;1.0;1.0;1.0;0.011810903437435627;1.0;0.012894575484097004;1.0;1.0;1.0;1.0;0.013978247530758381;1.0;NA;NA;NA;NA;NA;NA;NA;NA;NA;NA;NA;NA;NA
75;1.0;1.0;1.0;1.0;0.012247315607964993;1.0;0.013320027850568295;1.0;1.0;1.0;1.0;0.014392740093171597;1.0;NA;NA;NA;NA;NA;NA;NA;NA;NA;NA;NA;NA;NA
76;1.0;1.0;1.0;1.0;0.012028401717543602;1.0;0.01310417428612709;1.0;1.0;1.0;1.0;0.014179945923388004;1.0;NA;NA;NA;NA;NA;NA;NA;NA;NA;NA;NA;NA;NA
77;1.0;1.0;1.0;1.0;0.011806280352175236;1.0;0.01285255141556263;1.0;1.0;1.0;1.0;0.013898823410272598;1.0;NA;NA;NA;NA;NA;NA;NA;NA;NA;NA;NA;NA;NA
78;1.0;1.0;1.0;1.0;0.011883950792253017;1.0;0.012934229336678982;1.0;1.0;1.0;1.0;0.013984507881104946;1.0;NA;NA;NA;NA;NA;NA;NA;NA;NA;NA;NA;NA;NA
79;1.0;1.0;1.0;1.0;0.011617363430559635;1.0;0.012658452615141869;1.0;1.0;1.0;1.0;0.013699542731046677;1.0;NA;NA;NA;NA;NA;NA;NA;NA;NA;NA;NA;NA;NA
80;1.0;1.0;1.0;1.0;0.012003790587186813;1.0;0.013036077842116356;1.0;1.0;1.0;1.0;0.014068364165723324;1.0;NA;NA;NA;NA;NA;NA;NA;NA;NA;NA;NA;NA;NA
81;1.0;1.0;1.0;1.0;0.011695967055857182;1.0;0.012720276601612568;1.0;1.0;1.0;1.0;0.013744586147367954;1.0;NA;NA;NA;NA;NA;NA;NA;NA;NA;NA;NA;NA;NA
82;1.0;1.0;1.0;1.0;0.011944005265831947;1.0;0.012952754274010658;1.0;1.0;1.0;1.0;0.013961504213511944;1.0;NA;NA;NA;NA;NA;NA;NA;NA;NA;NA;NA;NA;NA
83;1.0;1.0;1.0;1.0;0.011987248435616493;1.0;0.01297961175441742;1.0;1.0;1.0;1.0;0.013971975073218346;1.0;NA;NA;NA;NA;NA;NA;NA;NA;NA;NA;NA;NA;NA
84;1.0;1.0;1.0;1.0;0.01209417637437582;1.0;0.013088125735521317;1.0;1.0;1.0;1.0;0.014082074165344238;1.0;NA;NA;NA;NA;NA;NA;NA;NA;NA;NA;NA;NA;NA
85;1.0;1.0;1.0;1.0;0.012065127491950989;1.0;0.013048987835645676;1.0;1.0;1.0;1.0;0.014032848179340363;1.0;NA;NA;NA;NA;NA;NA;NA;NA;NA;NA;NA;NA;NA
86;1.0;1.0;1.0;1.0;0.012009700760245323;1.0;0.012982949614524841;1.0;1.0;1.0;1.0;0.01395619846880436;1.0;NA;NA;NA;NA;NA;NA;NA;NA;NA;NA;NA;NA;NA
87;1.0;1.0;1.0;1.0;0.011782904155552387;1.0;0.012748564593493938;1.0;1.0;1.0;1.0;0.01371422503143549;1.0;NA;NA;NA;NA;NA;NA;NA;NA;NA;NA;NA;NA;NA
88;1.0;1.0;1.0;1.0;0.011974675580859184;1.0;0.012922050431370735;1.0;1.0;1.0;1.0;0.01386942621320486;1.0;NA;NA;NA;NA;NA;NA;NA;NA;NA;NA;NA;NA;NA
89;1.0;1.0;1.0;1.0;0.012335119768977165;1.0;0.013275153003633022;1.0;1.0;1.0;1.0;0.01421518623828888;1.0;NA;NA;NA;NA;NA;NA;NA;NA;NA;NA;NA;NA;NA
90;1.0;1.0;1.0;1.0;0.01215478964149952;1.0;0.013096309266984463;1.0;1.0;1.0;1.0;0.014037828892469406;1.0;NA;NA;NA;NA;NA;NA;NA;NA;NA;NA;NA;NA;NA
91;1.0;1.0;1.0;1.0;0.011866390705108643;1.0;0.01279398612678051;1.0;1.0;1.0;1.0;0.013721581548452377;1.0;NA;NA;NA;NA;NA;NA;NA;NA;NA;NA;NA;NA;NA
92;1.0;1.0;1.0;1.0;0.012108519673347473;1.0;0.013020111247897148;1.0;1.0;1.0;1.0;0.013931703753769398;1.0;NA;NA;NA;NA;NA;NA;NA;NA;NA;NA;NA;NA;NA
93;1.0;1.0;1.0;1.0;0.011917665600776672;1.0;0.012837016955018044;1.0;1.0;1.0;1.0;0.01375636924058199;1.0;NA;NA;NA;NA;NA;NA;NA;NA;NA;NA;NA;NA;NA
94;1.0;1.0;1.0;1.0;0.012076660059392452;1.0;0.012969317846000195;1.0;1.0;1.0;1.0;0.013861975632607937;1.0;NA;NA;NA;NA;NA;NA;NA;NA;NA;NA;NA;NA;NA
95;1.0;1.0;1.0;1.0;0.011883431114256382;1.0;0.01277940720319748;1.0;1.0;1.0;1.0;0.013675384223461151;1.0;NA;NA;NA;NA;NA;NA;NA;NA;NA;NA;NA;NA;NA
96;1.0;1.0;1.0;1.0;0.012198678217828274;1.0;0.013084246776998043;1.0;1.0;1.0;1.0;0.013969815336167812;1.0;NA;NA;NA;NA;NA;NA;NA;NA;NA;NA;NA;NA;NA
97;1.0;1.0;1.0;1.0;0.011973418295383453;1.0;0.012849396094679832;1.0;1.0;1.0;1.0;0.013725372962653637;1.0;NA;NA;NA;NA;NA;NA;NA;NA;NA;NA;NA;NA;NA
98;1.0;1.0;1.0;1.0;0.011885392479598522;1.0;0.012757066637277603;1.0;1.0;1.0;1.0;0.013628741726279259;1.0;NA;NA;NA;NA;NA;NA;NA;NA;NA;NA;NA;NA;NA
99;1.0;1.0;1.0;1.0;0.012022986076772213;1.0;0.012882946990430355;1.0;1.0;1.0;1.0;0.013742907904088497;1.0;NA;NA;NA;NA;NA;NA;NA;NA;NA;NA;NA;NA;NA
100;1.0;1.0;1.0;1.0;0.011871405877172947;1.0;0.012712782248854637;1.0;1.0;1.0;1.0;0.013554158620536327;1.0;NA;NA;NA;NA;NA;NA;NA;NA;NA;NA;NA;NA;NA
101;1.0;1.0;1.0;1.0;0.011801364831626415;1.0;0.012646610848605633;1.0;1.0;1.0;1.0;0.01349185686558485;1.0;NA;NA;NA;NA;NA;NA;NA;NA;NA;NA;NA;NA;NA
102;1.0;1.0;1.0;1.0;0.01196061260998249;1.0;0.012799466028809547;1.0;1.0;1.0;1.0;0.013638320378959179;1.0;NA;NA;NA;NA;NA;NA;NA;NA;NA;NA;NA;NA;NA
103;1.0;1.0;1.0;1.0;0.012194459326565266;1.0;0.013021677732467651;1.0;1.0;1.0;1.0;0.013848896138370037;1.0;NA;NA;NA;NA;NA;NA;NA;NA;NA;NA;NA;NA;NA
104;1.0;1.0;1.0;1.0;0.011949421837925911;1.0;0.012768118642270565;1.0;1.0;1.0;1.0;0.013586815446615219;1.0;NA;NA;NA;NA;NA;NA;NA;NA;NA;NA;NA;NA;NA
105;1.0;1.0;1.0;1.0;0.01201343722641468;1.0;0.012829313054680824;1.0;1.0;1.0;1.0;0.013645189814269543;1.0;NA;NA;NA;NA;NA;NA;NA;NA;NA;NA;NA;NA;NA
106;1.0;1.0;1.0;1.0;0.01197253167629242;1.0;0.012772871181368828;1.0;1.0;1.0;1.0;0.013573210686445236;1.0;NA;NA;NA;NA;NA;NA;NA;NA;NA;NA;NA;NA;NA
107;1.0;1.0;1.0;1.0;0.011918227188289165;1.0;0.012718943879008293;1.0;1.0;1.0;1.0;0.01351966056972742;1.0;NA;NA;NA;NA;NA;NA;NA;NA;NA;NA;NA;NA;NA
108;1.0;1.0;1.0;1.0;0.011694301851093769;1.0;0.01249270886182785;1.0;1.0;1.0;1.0;0.013291114941239357;1.0;NA;NA;NA;NA;NA;NA;NA;NA;NA;NA;NA;NA;NA
109;1.0;1.0;1.0;1.0;0.011837411671876907;1.0;0.012634353712201118;1.0;1.0;1.0;1.0;0.013431294821202755;1.0;NA;NA;NA;NA;NA;NA;NA;NA;NA;NA;NA;NA;NA
110;1.0;1.0;1.0;1.0;0.01215384155511856;1.0;0.012935128062963486;1.0;1.0;1.0;1.0;0.013716415502130985;1.0;NA;NA;NA;NA;NA;NA;NA;NA;NA;NA;NA;NA;NA
111;1.0;1.0;1.0;1.0;0.012047304771840572;1.0;0.012830276042222977;1.0;1.0;1.0;1.0;0.013613248243927956;1.0;NA;NA;NA;NA;NA;NA;NA;NA;NA;NA;NA;NA;NA
112;1.0;1.0;1.0;1.0;0.011838054284453392;1.0;0.012611841782927513;1.0;1.0;1.0;1.0;0.01338562835007906;1.0;NA;NA;NA;NA;NA;NA;NA;NA;NA;NA;NA;NA;NA
113;1.0;1.0;1.0;1.0;0.01233712863177061;1.0;0.013109011575579643;1.0;1.0;1.0;1.0;0.013880894519388676;1.0;NA;NA;NA;NA;NA;NA;NA;NA;NA;NA;NA;NA;NA
114;1.0;1.0;1.0;1.0;0.012124822475016117;1.0;0.012882309965789318;1.0;1.0;1.0;1.0;0.013639797456562519;1.0;NA;NA;NA;NA;NA;NA;NA;NA;NA;NA;NA;NA;NA
115;1.0;1.0;1.0;1.0;0.012057198211550713;1.0;0.01281239278614521;1.0;1.0;1.0;1.0;0.013567586429417133;1.0;NA;NA;NA;NA;NA;NA;NA;NA;NA;NA;NA;NA;NA
116;1.0;1.0;1.0;1.0;0.012121551670134068;1.0;0.01287059485912323;1.0;1.0;1.0;1.0;0.013619637116789818;1.0;NA;NA;NA;NA;NA;NA;NA;NA;NA;NA;NA;NA;NA
117;1.0;1.0;1.0;1.0;0.011974548920989037;1.0;0.012712027877569199;1.0;1.0;1.0;1.0;0.01344950683414936;1.0;NA;NA;NA;NA;NA;NA;NA;NA;NA;NA;NA;NA;NA
118;1.0;1.0;1.0;1.0;0.011861505918204784;1.0;0.012600487098097801;1.0;1.0;1.0;1.0;0.013339469209313393;1.0;NA;NA;NA;NA;NA;NA;NA;NA;NA;NA;NA;NA;NA
119;1.0;1.0;1.0;1.0;0.01200270839035511;1.0;0.012720629572868347;1.0;1.0;1.0;1.0;0.013438550755381584;1.0;NA;NA;NA;NA;NA;NA;NA;NA;NA;NA;NA;NA;NA
0;1.0;0.34594595432281494;1.0;1.0;0.7313393354415894;0.6180180311203003;0.730933666229248;1.0;0.34594595432281494;1.0;1.0;0.7305280566215515;0.6180180311203003;NA;NA;NA;NA;NA;NA;NA;NA;NA;NA;NA;NA;NA
1;1.0;0.3144144117832184;1.0;1.0;0.7397639751434326;0.6030029654502869;0.739595890045166;1.0;0.3144144117832184;1.0;1.0;0.7394278645515442;0.6030029654502869;NA;NA;NA;NA;NA;NA;NA;NA;NA;NA;NA;NA;NA
2;1.0;0.3126126229763031;1.0;1.0;0.7425509095191956;0.5983483791351318;0.7423101663589478;1.0;0.3126126229763031;1.0;1.0;0.7420694231987;0.5983483791351318;NA;NA;NA;NA;NA;NA;NA;NA;NA;NA;NA;NA;NA
3;1.0;0.3288288414478302;1.0;1.0;0.729303240776062;0.6127628087997437;0.7287591695785522;1.0;0.3288288414478302;1.0;1.0;0.7282150387763977;0.6129128932952881;NA;NA;NA;NA;NA;NA;NA;NA;NA;NA;NA;NA;NA
4;1.0;0.3288288414478302;1.0;1.0;0.7368887662887573;0.6091592311859131;0.7367080450057983;1.0;0.3288288414478302;1.0;1.0;0.7365273833274841;0.6091592311859131;NA;NA;NA;NA;NA;NA;NA;NA;NA;NA;NA;NA;NA
5;1.0;0.3513513505458832;1.0;1.0;0.7257483601570129;0.6216216683387756;0.7255256175994873;1.0;0.3513513505458832;1.0;1.0;0.7253029346466064;0.6217718124389648;NA;NA;NA;NA;NA;NA;NA;NA;NA;NA;NA;NA;NA
6;1.0;0.3360360264778137;1.0;1.0;0.7335677742958069;0.6129129528999329;0.7333473563194275;1.0;0.3360360264778137;1.0;1.0;0.7331269383430481;0.6130630970001221;NA;NA;NA;NA;NA;NA;NA;NA;NA;NA;NA;NA;NA
7;1.0;0.34144145250320435;1.0;1.0;0.7340076565742493;0.6135135293006897;0.7338686585426331;1.0;0.342342346906662;1.0;1.0;0.7337296605110168;0.6141141057014465;NA;NA;NA;NA;NA;NA;NA;NA;NA;NA;NA;NA;NA
8;1.0;0.33693695068359375;1.0;1.0;0.7423915863037109;0.6103603839874268;0.7422352433204651;1.0;0.33693695068359375;1.0;1.0;0.7420789003372192;0.610510528087616;NA;NA;NA;NA;NA;NA;NA;NA;NA;NA;NA;NA;NA
9;1.0;0.3567567467689514;1.0;1.0;0.7183597683906555;0.6283784508705139;0.718025803565979;1.0;0.3567567467689514;1.0;1.0;0.7176918983459473;0.6283784508705139;NA;NA;NA;NA;NA;NA;NA;NA;NA;NA;NA;NA;NA
10;1.0;0.388288289308548;1.0;1.0;0.7211605310440063;0.6411411762237549;0.7209675312042236;1.0;0.388288289308548;1.0;1.0;0.7207745909690857;0.6412912607192993;NA;NA;NA;NA;NA;NA;NA;NA;NA;NA;NA;NA;NA
11;1.0;0.3405405282974243;1.0;1.0;0.7301355600357056;0.6195195913314819;0.7297864556312561;1.0;0.3405405282974243;1.0;1.0;0.7294373512268066;0.6195195913314819;NA;NA;NA;NA;NA;NA;NA;NA;NA;NA;NA;NA;NA
12;1.0;0.3585585653781891;1.0;1.0;0.7255664467811584;0.6300300359725952;0.7254537343978882;1.0;0.3585585653781891;1.0;1.0;0.7253410816192627;0.6300300359725952;NA;NA;NA;NA;NA;NA;NA;NA;NA;NA;NA;NA;NA
13;1.0;0.3837837874889374;1.0;1.0;0.7152161598205566;0.6430931687355042;0.7149614095687866;1.0;0.38288289308547974;1.0;1.0;0.7147065997123718;0.642792820930481;NA;NA;NA;NA;NA;NA;NA;NA;NA;NA;NA;NA;NA
14;1.0;0.3702702820301056;1.0;1.0;0.7248157858848572;0.6333333849906921;0.7243784070014954;1.0;0.3702702820301056;1.0;1.0;0.7239410281181335;0.6333333849906921;NA;NA;NA;NA;NA;NA;NA;NA;NA;NA;NA;NA;NA
15;1.0;0.3684684634208679;1.0;1.0;0.7129395008087158;0.6367867588996887;0.7128772735595703;1.0;0.3684684634208679;1.0;1.0;0.7128150463104248;0.6367867588996887;NA;NA;NA;NA;NA;NA;NA;NA;NA;NA;NA;NA;NA
16;1.0;0.4162162244319916;1.0;1.0;0.703058123588562;0.6627627611160278;0.7028124332427979;1.0;0.4162162244319916;1.0;1.0;0.7025668025016785;0.6627627611160278;NA;NA;NA;NA;NA;NA;NA;NA;NA;NA;NA;NA;NA
17;1.0;0.42252251505851746;1.0;1.0;0.6902267336845398;0.6698198914527893;0.6901546120643616;1.0;0.42252251505851746;1.0;1.0;0.6900824904441833;0.6698198914527893;NA;NA;NA;NA;NA;NA;NA;NA;NA;NA;NA;NA;NA
18;1.0;0.43423423171043396;1.0;1.0;0.6905910968780518;0.6762762665748596;0.6904475092887878;1.0;0.43423423171043396;1.0;1.0;0.6903039216995239;0.6762762665748596;NA;NA;NA;NA;NA;NA;NA;NA;NA;NA;NA;NA;NA
19;1.0;0.4612612724304199;1.0;1.0;0.6692467331886292;0.6947447657585144;0.6689953804016113;1.0;0.4612612724304199;1.0;1.0;0.6687440872192383;0.6948949098587036;NA;NA;NA;NA;NA;NA;NA;NA;NA;NA;NA;NA;NA
20;1.0;0.5036035776138306;1.0;1.0;0.6611825227737427;0.7204204201698303;0.6609733700752258;1.0;0.5036035776138306;1.0;1.0;0.660764217376709;0.7204204201698303;NA;NA;NA;NA;NA;NA;NA;NA;NA;NA;NA;NA;NA
21;1.0;0.5495495200157166;1.0;1.0;0.6438673138618469;0.7454955577850342;0.6433348655700684;1.0;0.5495495200157166;1.0;1.0;0.642802357673645;0.7457957863807678;NA;NA;NA;NA;NA;NA;NA;NA;NA;NA;NA;NA;NA
22;1.0;0.5774774551391602;1.0;1.0;0.6326278448104858;0.7605105042457581;0.6324625015258789;1.0;0.5792793035507202;1.0;1.0;0.632297158241272;0.7615615725517273;NA;NA;NA;NA;NA;NA;NA;NA;NA;NA;NA;NA;NA
23;1.0;0.638738751411438;1.0;1.0;0.6048081517219543;0.7995495796203613;0.6048811674118042;1.0;0.638738751411438;1.0;1.0;0.6049542427062988;0.7995495796203613;NA;NA;NA;NA;NA;NA;NA;NA;NA;NA;NA;NA;NA
24;1.0;0.6558558344841003;1.0;1.0;0.5912555456161499;0.8109610080718994;0.5910352468490601;1.0;0.6558558344841003;1.0;1.0;0.590815007686615;0.8111110925674438;NA;NA;NA;NA;NA;NA;NA;NA;NA;NA;NA;NA;NA
25;1.0;0.6972972750663757;1.0;1.0;0.569251537322998;0.8340840935707092;0.5691727995872498;1.0;0.6972972750663757;1.0;1.0;0.5690940618515015;0.8340840935707092;NA;NA;NA;NA;NA;NA;NA;NA;NA;NA;NA;NA;NA
26;1.0;0.7585585713386536;1.0;1.0;0.5445172190666199;0.8704204559326172;0.5444413423538208;1.0;0.7594594359397888;1.0;1.0;0.5443655252456665;0.871021032333374;NA;NA;NA;NA;NA;NA;NA;NA;NA;NA;NA;NA;NA
27;1.0;0.7981982231140137;1.0;1.0;0.5155242681503296;0.8921922445297241;0.5154809355735779;1.0;0.7981982231140137;1.0;1.0;0.5154376029968262;0.8921922445297241;NA;NA;NA;NA;NA;NA;NA;NA;NA;NA;NA;NA;NA
28;1.0;0.8675675392150879;1.0;1.0;0.4809698462486267;0.9300300478935242;0.48120397329330444;1.0;0.8675675392150879;1.0;1.0;0.48143815994262695;0.9300300478935242;NA;NA;NA;NA;NA;NA;NA;NA;NA;NA;NA;NA;NA
29;1.0;0.907207190990448;1.0;1.0;0.4427770972251892;0.9506005644798279;0.4429154098033905;1.0;0.907207190990448;1.0;1.0;0.4430537223815918;0.9506005644798279;NA;NA;NA;NA;NA;NA;NA;NA;NA;NA;NA;NA;NA
30;1.0;0.9360360503196716;1.0;1.0;0.4069381058216095;0.9666666388511658;0.40711015462875366;1.0;0.9369369149208069;1.0;1.0;0.40728217363357544;0.9671171307563782;NA;NA;NA;NA;NA;NA;NA;NA;NA;NA;NA;NA;NA
31;1.0;0.9558558464050293;1.0;1.0;0.38007763028144836;0.976576566696167;0.38028785586357117;1.0;0.9576576352119446;1.0;1.0;0.38049808144569397;0.9776275753974915;NA;NA;NA;NA;NA;NA;NA;NA;NA;NA;NA;NA;NA
32;1.0;0.9801802039146423;1.0;1.0;0.3398149013519287;0.9899399876594543;0.3399524688720703;1.0;0.9801802039146423;1.0;1.0;0.3400900661945343;0.9899399876594543;NA;NA;NA;NA;NA;NA;NA;NA;NA;NA;NA;NA;NA
33;1.0;0.9846847057342529;1.0;1.0;0.30853578448295593;0.9920421242713928;0.30872267484664917;1.0;0.9846847057342529;1.0;1.0;0.30890953540802;0.9920421242713928;NA;NA;NA;NA;NA;NA;NA;NA;NA;NA;NA;NA;NA
34;1.0;0.9900900721549988;1.0;1.0;0.27204328775405884;0.9950450658798218;0.27242815494537354;1.0;0.9900900721549988;1.0;1.0;0.27281299233436584;0.9950450658798218;NA;NA;NA;NA;NA;NA;NA;NA;NA;NA;NA;NA;NA
35;1.0;0.9945945739746094;1.0;1.0;0.24087296426296234;0.9971472024917603;0.24143308401107788;1.0;0.9945945739746094;1.0;1.0;0.24199320375919342;0.9971472024917603;NA;NA;NA;NA;NA;NA;NA;NA;NA;NA;NA;NA;NA
36;1.0;0.9981982111930847;1.0;1.0;0.205688014626503;0.998948872089386;0.20645999908447266;1.0;0.9981982111930847;1.0;1.0;0.20723198354244232;0.998948872089386;NA;NA;NA;NA;NA;NA;NA;NA;NA;NA;NA;NA;NA
37;1.0;0.99909907579422;1.0;1.0;0.1788235604763031;0.9995495676994324;0.17948508262634277;1.0;0.99909907579422;1.0;1.0;0.18014661967754364;0.9995495676994324;NA;NA;NA;NA;NA;NA;NA;NA;NA;NA;NA;NA;NA
38;1.0;1.0;1.0;1.0;0.15226000547409058;1.0;0.15300798416137695;1.0;1.0;1.0;1.0;0.15375597774982452;1.0;NA;NA;NA;NA;NA;NA;NA;NA;NA;NA;NA;NA;NA
39;1.0;1.0;1.0;1.0;0.12834110856056213;1.0;0.12915411591529846;1.0;1.0;1.0;1.0;0.1299671232700348;1.0;NA;NA;NA;NA;NA;NA;NA;NA;NA;NA;NA;NA;NA
40;1.0;1.0;1.0;1.0;0.10766709595918655;1.0;0.10845652967691422;1.0;1.0;1.0;1.0;0.10924596339464188;1.0;NA;NA;NA;NA;NA;NA;NA;NA;NA;NA;NA;NA;NA
41;1.0;1.0;1.0;1.0;0.08753281086683273;1.0;0.088573157787323;1.0;1.0;1.0;1.0;0.08961351215839386;1.0;NA;NA;NA;NA;NA;NA;NA;NA;NA;NA;NA;NA;NA
42;1.0;1.0;1.0;1.0;0.07316141575574875;1.0;0.07417669892311096;1.0;1.0;1.0;1.0;0.07519198209047318;1.0;NA;NA;NA;NA;NA;NA;NA;NA;NA;NA;NA;NA;NA
43;1.0;1.0;1.0;1.0;0.059352628886699677;1.0;0.06046563386917114;1.0;1.0;1.0;1.0;0.06157863885164261;1.0;NA;NA;NA;NA;NA;NA;NA;NA;NA;NA;NA;NA;NA
44;1.0;1.0;1.0;1.0;0.04946862533688545;1.0;0.05063731223344803;1.0;1.0;1.0;1.0;0.0518060028553009;1.0;NA;NA;NA;NA;NA;NA;NA;NA;NA;NA;NA;NA;NA
45;1.0;1.0;1.0;1.0;0.0388934351503849;1.0;0.040074147284030914;1.0;1.0;1.0;1.0;0.04125485569238663;1.0;NA;NA;NA;NA;NA;NA;NA;NA;NA;NA;NA;NA;NA
46;1.0;1.0;1.0;1.0;0.03162939101457596;1.0;0.0327720120549202;1.0;1.0;1.0;1.0;0.033914633095264435;1.0;NA;NA;NA;NA;NA;NA;NA;NA;NA;NA;NA;NA;NA
47;1.0;1.0;1.0;1.0;0.02806112915277481;1.0;0.02928895317018032;1.0;1.0;1.0;1.0;0.03051678091287613;1.0;NA;NA;NA;NA;NA;NA;NA;NA;NA;NA;NA;NA;NA
48;1.0;1.0;1.0;1.0;0.022572334855794907;1.0;0.02386346086859703;1.0;1.0;1.0;1.0;0.025154586881399155;1.0;NA;NA;NA;NA;NA;NA;NA;NA;NA;NA;NA;NA;NA
49;1.0;1.0;1.0;1.0;0.019076555967330933;1.0;0.020333867520093918;1.0;1.0;1.0;1.0;0.021591179072856903;1.0;NA;NA;NA;NA;NA;NA;NA;NA;NA;NA;NA;NA;NA
50;1.0;1.0;1.0;1.0;0.017129190266132355;1.0;0.018329573795199394;1.0;1.0;1.0;1.0;0.019529957324266434;1.0;NA;NA;NA;NA;NA;NA;NA;NA;NA;NA;NA;NA;NA
51;1.0;1.0;1.0;1.0;0.01576276682317257;1.0;0.017017599195241928;1.0;1.0;1.0;1.0;0.018272431567311287;1.0;NA;NA;NA;NA;NA;NA;NA;NA;NA;NA;NA;NA;NA
52;1.0;1.0;1.0;1.0;0.01415027491748333;1.0;0.015426886267960072;1.0;1.0;1.0;1.0;0.016703497618436813;1.0;NA;NA;NA;NA;NA;NA;NA;NA;NA;NA;NA;NA;NA
53;1.0;1.0;1.0;1.0;0.013467594981193542;1.0;0.014690686017274857;1.0;1.0;1.0;1.0;0.01591377891600132;1.0;NA;NA;NA;NA;NA;NA;NA;NA;NA;NA;NA;NA;NA
54;1.0;1.0;1.0;1.0;0.01271576527506113;1.0;0.013997042551636696;1.0;1.0;1.0;1.0;0.015278319828212261;1.0;NA;NA;NA;NA;NA;NA;NA;NA;NA;NA;NA;NA;NA
55;1.0;1.0;1.0;1.0;0.012702014297246933;1.0;0.013967731967568398;1.0;1.0;1.0;1.0;0.015233448706567287;1.0;NA;NA;NA;NA;NA;NA;NA;NA;NA;NA;NA;NA;NA
56;1.0;1.0;1.0;1.0;0.012363280169665813;1.0;0.01361875981092453;1.0;1.0;1.0;1.0;0.014874240383505821;1.0;NA;NA;NA;NA;NA;NA;NA;NA;NA;NA;NA;NA;NA
57;1.0;1.0;1.0;1.0;0.012136967852711678;1.0;0.013362312689423561;1.0;1.0;1.0;1.0;0.01458765845745802;1.0;NA;NA;NA;NA;NA;NA;NA;NA;NA;NA;NA;NA;NA
58;1.0;1.0;1.0;1.0;0.012208742089569569;1.0;0.01345275528728962;1.0;1.0;1.0;1.0;0.014696767553687096;1.0;NA;NA;NA;NA;NA;NA;NA;NA;NA;NA;NA;NA;NA
59;1.0;1.0;1.0;1.0;0.011991957202553749;1.0;0.013224716298282146;1.0;1.0;1.0;1.0;0.014457475394010544;1.0;NA;NA;NA;NA;NA;NA;NA;NA;NA;NA;NA;NA;NA
60;1.0;1.0;1.0;1.0;0.012142419815063477;1.0;0.013353176414966583;1.0;1.0;1.0;1.0;0.01456393301486969;1.0;NA;NA;NA;NA;NA;NA;NA;NA;NA;NA;NA;NA;NA
61;1.0;1.0;1.0;1.0;0.011857271194458008;1.0;0.013052480295300484;1.0;1.0;1.0;1.0;0.014247690327465534;1.0;NA;NA;NA;NA;NA;NA;NA;NA;NA;NA;NA;NA;NA
62;1.0;1.0;1.0;1.0;0.012149522081017494;1.0;0.013312973082065582;1.0;1.0;1.0;1.0;0.01447642408311367;1.0;NA;NA;NA;NA;NA;NA;NA;NA;NA;NA;NA;NA;NA
63;1.0;1.0;1.0;1.0;0.012243906036019325;1.0;0.013436921872198582;1.0;1.0;1.0;1.0;0.014629937708377838;1.0;NA;NA;NA;NA;NA;NA;NA;NA;NA;NA;NA;NA;NA
64;1.0;1.0;1.0;1.0;0.012004812248051167;1.0;0.013189457356929779;1.0;1.0;1.0;1.0;0.014374103397130966;1.0;NA;NA;NA;NA;NA;NA;NA;NA;NA;NA;NA;NA;NA
65;1.0;1.0;1.0;1.0;0.011827973648905754;1.0;0.013003736734390259;1.0;1.0;1.0;1.0;0.014179499819874763;1.0;NA;NA;NA;NA;NA;NA;NA;NA;NA;NA;NA;NA;NA
66;1.0;1.0;1.0;1.0;0.011862233281135559;1.0;0.01301668956875801;1.0;1.0;1.0;1.0;0.014171144925057888;1.0;NA;NA;NA;NA;NA;NA;NA;NA;NA;NA;NA;NA;NA
67;1.0;1.0;1.0;1.0;0.012113822624087334;1.0;0.013261644169688225;1.0;1.0;1.0;1.0;0.014409465715289116;1.0;NA;NA;NA;NA;NA;NA;NA;NA;NA;NA;NA;NA;NA
68;1.0;1.0;1.0;1.0;0.012246483936905861;1.0;0.013363787904381752;1.0;1.0;1.0;1.0;0.014481090940535069;1.0;NA;NA;NA;NA;NA;NA;NA;NA;NA;NA;NA;NA;NA
69;1.0;1.0;1.0;1.0;0.012057718820869923;1.0;0.013172239996492863;1.0;1.0;1.0;1.0;0.014286761172115803;1.0;NA;NA;NA;NA;NA;NA;NA;NA;NA;NA;NA;NA;NA
70;1.0;1.0;1.0;1.0;0.012158578261733055;1.0;0.013272477313876152;1.0;1.0;1.0;1.0;0.014386375434696674;1.0;NA;NA;NA;NA;NA;NA;NA;NA;NA;NA;NA;NA;NA
71;1.0;1.0;1.0;1.0;0.011853177100419998;1.0;0.012956611812114716;1.0;1.0;1.0;1.0;0.014060045592486858;1.0;NA;NA;NA;NA;NA;NA;NA;NA;NA;NA;NA;NA;NA
72;1.0;1.0;1.0;1.0;0.012013031169772148;1.0;0.013100437819957733;1.0;1.0;1.0;1.0;0.014187845401465893;1.0;NA;NA;NA;NA;NA;NA;NA;NA;NA;NA;NA;NA;NA
73;1.0;1.0;1.0;1.0;0.01175141055136919;1.0;0.01282174326479435;1.0;1.0;1.0;1.0;0.013892075978219509;1.0;NA;NA;NA;NA;NA;NA;NA;NA;NA;NA;NA;NA;NA
74;1.0;1.0;1.0;1.0;0.011993259191513062;1.0;0.013063965365290642;1.0;1.0;1.0;1.0;0.014134670607745647;1.0;NA;NA;NA;NA;NA;NA;NA;NA;NA;NA;NA;NA;NA
75;1.0;1.0;1.0;1.0;0.01195033174008131;1.0;0.013012287206947803;1.0;1.0;1.0;1.0;0.014074242673814297;1.0;NA;NA;NA;NA;NA;NA;NA;NA;NA;NA;NA;NA;NA
76;1.0;1.0;1.0;1.0;0.012252738699316978;1.0;0.013309147208929062;1.0;1.0;1.0;1.0;0.01436555664986372;1.0;NA;NA;NA;NA;NA;NA;NA;NA;NA;NA;NA;NA;NA
77;1.0;1.0;1.0;1.0;0.012148981913924217;1.0;0.013195298612117767;1.0;1.0;1.0;1.0;0.014241616241633892;1.0;NA;NA;NA;NA;NA;NA;NA;NA;NA;NA;NA;NA;NA
78;1.0;1.0;1.0;1.0;0.011905031278729439;1.0;0.012939227744936943;1.0;1.0;1.0;1.0;0.013973425142467022;1.0;NA;NA;NA;NA;NA;NA;NA;NA;NA;NA;NA;NA;NA
79;1.0;1.0;1.0;1.0;0.012008505873382092;1.0;0.013031584210693836;1.0;1.0;1.0;1.0;0.014054662548005581;1.0;NA;NA;NA;NA;NA;NA;NA;NA;NA;NA;NA;NA;NA
80;1.0;1.0;1.0;1.0;0.011783497408032417;1.0;0.012790447100996971;1.0;1.0;1.0;1.0;0.0137973977252841;1.0;NA;NA;NA;NA;NA;NA;NA;NA;NA;NA;NA;NA;NA
81;1.0;1.0;1.0;1.0;0.011735958978533745;1.0;0.012747419998049736;1.0;1.0;1.0;1.0;0.013758880086243153;1.0;NA;NA;NA;NA;NA;NA;NA;NA;NA;NA;NA;NA;NA
82;1.0;1.0;1.0;1.0;0.011922093108296394;1.0;0.012921907007694244;1.0;1.0;1.0;1.0;0.013921721838414669;1.0;NA;NA;NA;NA;NA;NA;NA;NA;NA;NA;NA;NA;NA
83;1.0;1.0;1.0;1.0;0.011604385450482368;1.0;0.012602722272276878;1.0;1.0;1.0;1.0;0.013601060025393963;1.0;NA;NA;NA;NA;NA;NA;NA;NA;NA;NA;NA;NA;NA
84;1.0;1.0;1.0;1.0;0.01215780433267355;1.0;0.013140570372343063;1.0;1.0;1.0;1.0;0.014123335480690002;1.0;NA;NA;NA;NA;NA;NA;NA;NA;NA;NA;NA;NA;NA
85;1.0;1.0;1.0;1.0;0.01199492160230875;1.0;0.012964203022420406;1.0;1.0;1.0;1.0;0.013933484442532063;1.0;NA;NA;NA;NA;NA;NA;NA;NA;NA;NA;NA;NA;NA
86;1.0;1.0;1.0;1.0;0.011824802495539188;1.0;0.012794404290616512;1.0;1.0;1.0;1.0;0.013764006085693836;1.0;NA;NA;NA;NA;NA;NA;NA;NA;NA;NA;NA;NA;NA
87;1.0;1.0;1.0;1.0;0.012173549272119999;1.0;0.013119189068675041;1.0;1.0;1.0;1.0;0.014064829796552658;1.0;NA;NA;NA;NA;NA;NA;NA;NA;NA;NA;NA;NA;NA
88;1.0;1.0;1.0;1.0;0.012171560898423195;1.0;0.013101957738399506;1.0;1.0;1.0;1.0;0.014032353647053242;1.0;NA;NA;NA;NA;NA;NA;NA;NA;NA;NA;NA;NA;NA
89;1.0;1.0;1.0;1.0;0.011956458911299706;1.0;0.012874036096036434;1.0;1.0;1.0;1.0;0.013791613280773163;1.0;NA;NA;NA;NA;NA;NA;NA;NA;NA;NA;NA;NA;NA
90;1.0;1.0;1.0;1.0;0.011928319931030273;1.0;0.012846248224377632;1.0;1.0;1.0;1.0;0.01376417651772499;1.0;NA;NA;NA;NA;NA;NA;NA;NA;NA;NA;NA;NA;NA
91;1.0;1.0;1.0;1.0;0.011871022172272205;1.0;0.012797798961400986;1.0;1.0;1.0;1.0;0.013724575750529766;1.0;NA;NA;NA;NA;NA;NA;NA;NA;NA;NA;NA;NA;NA
92;1.0;1.0;1.0;1.0;0.011983143165707588;1.0;0.0128897400572896;1.0;1.0;1.0;1.0;0.013796336948871613;1.0;NA;NA;NA;NA;NA;NA;NA;NA;NA;NA;NA;NA;NA
93;1.0;1.0;1.0;1.0;0.012118163518607616;1.0;0.013006092980504036;1.0;1.0;1.0;1.0;0.01389402337372303;1.0;NA;NA;NA;NA;NA;NA;NA;NA;NA;NA;NA;NA;NA
94;1.0;1.0;1.0;1.0;0.01177208125591278;1.0;0.012666754424571991;1.0;1.0;1.0;1.0;0.013561428524553776;1.0;NA;NA;NA;NA;NA;NA;NA;NA;NA;NA;NA;NA;NA
95;1.0;1.0;1.0;1.0;0.01184177864342928;1.0;0.012728225439786911;1.0;1.0;1.0;1.0;0.013614671304821968;1.0;NA;NA;NA;NA;NA;NA;NA;NA;NA;NA;NA;NA;NA
96;1.0;1.0;1.0;1.0;0.011880961246788502;1.0;0.01275771763175726;1.0;1.0;1.0;1.0;0.013634474016726017;1.0;NA;NA;NA;NA;NA;NA;NA;NA;NA;NA;NA;NA;NA
97;1.0;1.0;1.0;1.0;0.011865898966789246;1.0;0.012719807215034962;1.0;1.0;1.0;1.0;0.013573715463280678;1.0;NA;NA;NA;NA;NA;NA;NA;NA;NA;NA;NA;NA;NA
98;1.0;1.0;1.0;1.0;0.011786832474172115;1.0;0.012658350169658661;1.0;1.0;1.0;1.0;0.013529867865145206;1.0;NA;NA;NA;NA;NA;NA;NA;NA;NA;NA;NA;NA;NA
99;1.0;1.0;1.0;1.0;0.011896170675754547;1.0;0.012758102267980576;1.0;1.0;1.0;1.0;0.013620034791529179;1.0;NA;NA;NA;NA;NA;NA;NA;NA;NA;NA;NA;NA;NA
100;1.0;1.0;1.0;1.0;0.011990796774625778;1.0;0.012840459123253822;1.0;1.0;1.0;1.0;0.013690122403204441;1.0;NA;NA;NA;NA;NA;NA;NA;NA;NA;NA;NA;NA;NA
101;1.0;1.0;1.0;1.0;0.01191648468375206;1.0;0.012769023887813091;1.0;1.0;1.0;1.0;0.013621563091874123;1.0;NA;NA;NA;NA;NA;NA;NA;NA;NA;NA;NA;NA;NA
102;1.0;1.0;1.0;1.0;0.011909745633602142;1.0;0.012747211381793022;1.0;1.0;1.0;1.0;0.013584676198661327;1.0;NA;NA;NA;NA;NA;NA;NA;NA;NA;NA;NA;NA;NA
103;1.0;1.0;1.0;1.0;0.01192768570035696;1.0;0.012742960825562477;1.0;1.0;1.0;1.0;0.01355823501944542;1.0;NA;NA;NA;NA;NA;NA;NA;NA;NA;NA;NA;NA;NA
104;1.0;1.0;1.0;1.0;0.011953113600611687;1.0;0.012770538218319416;1.0;1.0;1.0;1.0;0.013587962836027145;1.0;NA;NA;NA;NA;NA;NA;NA;NA;NA;NA;NA;NA;NA
105;1.0;1.0;1.0;1.0;0.012067947536706924;1.0;0.012889144010841846;1.0;1.0;1.0;1.0;0.013710340484976768;1.0;NA;NA;NA;NA;NA;NA;NA;NA;NA;NA;NA;NA;NA
106;1.0;1.0;1.0;1.0;0.011770222336053848;1.0;0.01256591733545065;1.0;1.0;1.0;1.0;0.01336161233484745;1.0;NA;NA;NA;NA;NA;NA;NA;NA;NA;NA;NA;NA;NA
107;1.0;1.0;1.0;1.0;0.012023293413221836;1.0;0.012829209677875042;1.0;1.0;1.0;1.0;0.013635125942528248;1.0;NA;NA;NA;NA;NA;NA;NA;NA;NA;NA;NA;NA;NA
108;1.0;1.0;1.0;1.0;0.01202364731580019;1.0;0.012802651152014732;1.0;1.0;1.0;1.0;0.01358165591955185;1.0;NA;NA;NA;NA;NA;NA;NA;NA;NA;NA;NA;NA;NA
109;1.0;1.0;1.0;1.0;0.011875462718307972;1.0;0.012667801231145859;1.0;1.0;1.0;1.0;0.01346014067530632;1.0;NA;NA;NA;NA;NA;NA;NA;NA;NA;NA;NA;NA;NA
110;1.0;1.0;1.0;1.0;0.012027539312839508;1.0;0.012795443646609783;1.0;1.0;1.0;1.0;0.013563347980380058;1.0;NA;NA;NA;NA;NA;NA;NA;NA;NA;NA;NA;NA;NA
111;1.0;1.0;1.0;1.0;0.01165981125086546;1.0;0.012424439191818237;1.0;1.0;1.0;1.0;0.01318906806409359;1.0;NA;NA;NA;NA;NA;NA;NA;NA;NA;NA;NA;NA;NA
112;1.0;1.0;1.0;1.0;0.012314376421272755;1.0;0.013086879625916481;1.0;1.0;1.0;1.0;0.013859381899237633;1.0;NA;NA;NA;NA;NA;NA;NA;NA;NA;NA;NA;NA;NA
113;1.0;1.0;1.0;1.0;0.011855611577630043;1.0;0.012620963156223297;1.0;1.0;1.0;1.0;0.013386314734816551;1.0;NA;NA;NA;NA;NA;NA;NA;NA;NA;NA;NA;NA;NA
114;1.0;1.0;1.0;1.0;0.012071325443685055;1.0;0.012826267629861832;1.0;1.0;1.0;1.0;0.013581209816038609;1.0;NA;NA;NA;NA;NA;NA;NA;NA;NA;NA;NA;NA;NA
115;1.0;1.0;1.0;1.0;0.01205213088542223;1.0;0.012798946350812912;1.0;1.0;1.0;1.0;0.013545762747526169;1.0;NA;NA;NA;NA;NA;NA;NA;NA;NA;NA;NA;NA;NA
116;1.0;1.0;1.0;1.0;0.011944852769374847;1.0;0.012689776718616486;1.0;1.0;1.0;1.0;0.01343469973653555;1.0;NA;NA;NA;NA;NA;NA;NA;NA;NA;NA;NA;NA;NA
117;1.0;1.0;1.0;1.0;0.011748991906642914;1.0;0.012492168694734573;1.0;1.0;1.0;1.0;0.013235344551503658;1.0;NA;NA;NA;NA;NA;NA;NA;NA;NA;NA;NA;NA;NA
118;1.0;1.0;1.0;1.0;0.012017520144581795;1.0;0.012751629576086998;1.0;1.0;1.0;1.0;0.013485739938914776;1.0;NA;NA;NA;NA;NA;NA;NA;NA;NA;NA;NA;NA;NA
119;1.0;1.0;1.0;1.0;0.011993840336799622;1.0;0.012731346301734447;1.0;1.0;1.0;1.0;0.013468852266669273;1.0;NA;NA;NA;NA;NA;NA;NA;NA;NA;NA;NA;NA;NA

kge:complex,kge_atom_embedding_size:200,reasoning_depth:1,epochs:120,seed:[0, 1, 2, 3, 4],learning_rate:0.01,run_signature:train_S1_p_known_complex_200_[0, 1, 2, 3, 4]_0.0_0.0_1_0.01_1_False_1_None_0.0_rnm,adaptation_layer:identity,output_layer:dense,ragged:True,num_rules:1,relation_entity_grounder_max_elements:20,debug:False,stop_gradient_on_kge_embeddings:False,loss:binary_crossentropy,hard_rules:False,rule_weight:number,semiring:product,dropout_rate_embedder:0.0,dataset_name:countries,format:functional,grounder:known,train_file:train_S1_p.txt,num_negatives:1,signed:True,temperature:3.0,use_gumbel:True,aggregation_type:max,filter_num_heads:1,filter_activity_regularization:0.0,weight_loss:0.5,model_name:rnm,batch_size:-1,eval_batch_size:-1,test_batch_size:-1,valid_size:None,valid_negatives:10,valid_frequency:1000,engine_num_negatives:0,engine_num_adaptive_constants:0,constant_embedding_size:400,kge_regularization:0.0,resnet:True,reasoner_depth:1,enabled_reasoner_depth:1,reasoner_regularization_factor:0.0,reasoner_formula_hidden_embedding_size:200,reasoner_dropout_rate:0.0,reasoner_atom_embedding_size:200,create_flat_rule_list:True,seed_run_i:4,valid_acc:[0.35634746 0.36509569 0.34759923 0.92487015 0.884      0.96400001
 0.96800001 0.99000001 0.92818567 0.884      0.96800001 0.99000001
 1.        ],best_val:0.0,test_acc:[0.34855247 0.39210345 0.30500149 0.92993335 0.90000001 0.94
 1.         1.         0.93746668 0.90000001 0.98       1.
 1.        ],log_filename:results_002\logtrain_S1_p_known_complex_200_[0, 1, 2, 3, 4]_0.0_0.0_1_0.01_1_False_1_None_0.0_rnm_2023-12-28 07-15-47.508297.csv